2023-05-17 14:47:07.422518,0.9688437000259,35.34120559692383,29.913209915161133,29.913209915161133,28.739582061767578,1031.042724609375,0.9162977315224194,359.0288379201958,166.31664991256292,166.31664991256292,-20.66417694091797,-4.777695178985596,21.20765495300293,0.9177835111103089,359.0303660683009,166.31766078056006,-0.00011085905134677887,0.0023296254221349955,4.648230969905853e-06,0.013334525749087334,0.020394576713442802,0.9872159361839294,0.9190452818377629,359.0377871755558,166.3177017616951
2023-05-17 14:47:08.091108,0.9688437000259,34.79106903076172,29.913209915161133,29.913209915161133,28.739582061767578,1031.048583984375,0.9535137247625265,359.0350859424608,166.31777006358678,166.2982493829389,-37.53327560424805,-9.247367858886719,38.24227523803711,0.9532650631880557,359.03725452752224,166.2834005516833,0.0021994225680828094,-0.07189666479825974,-0.000263238325715065,0.0058187018148601055,0.02986348792910576,0.9855100512504578,0.9674639592554544,358.9569058896735,166.281460777959
2023-05-17 14:47:08.372680,0.9591873999634117,35.39150619506836,29.931535720825195,29.931535720825195,28.75,1031.031494140625,0.9834836343451904,358.98053866436686,166.28136515531062,166.27570975867786,-41.52302551269531,-9.760538101196289,41.50918960571289,0.9853746362499319,358.983653017185,166.27363338117016,-0.0015313532203435898,0.002897702157497406,0.000107630155980587,0.01769855059683323,0.01383917685598135,0.9869722723960876,0.9866554034410151,358.9971216166197,166.27378364533192
2023-05-17 14:47:08.654166,0.9623228000018571,35.35692596435547,29.968189239501953,29.968189239501953,28.74791717529297,1031.036865234375,0.9841918395847561,358.99857527297416,166.27378364533192,166.2673632675121,-41.99952697753906,-9.932191848754883,41.93037033081055,0.9846019711000742,358.9995373691518,166.26127073877245,-0.0008439682424068451,0.0017564862500876188,0.000433480367064476,0.01309207919985056,0.022579709067940712,0.9869722723960876,0.9894680539968852,359.00599200463915,166.26185813504108
2023-05-17 14:47:08.931834,0.96205719999125,35.58326721191406,29.986515045166016,29.986515045166016,28.75208282470703,1031.02880859375,0.9976486996318563,359.01717547890973,166.26184447466272,166.24864854918627,-41.939735412597656,-10.225125312805176,42.797584533691406,0.9983952179637976,359.01908654449517,166.23643617095027,-0.002301665022969246,0.0011681737378239632,7.514841854572296e-05,0.014789201319217682,0.01772385649383068,0.9867285490036011,0.9982406849338261,359.0261773480707,166.23653179359866
2023-05-17 14:47:09.215077,0.96205719999125,35.498390197753906,29.986515045166016,29.986515045166016,28.766666412353516,1031.03759765625,1.004220622273878,359.0335376239533,166.23651813322033,166.21380092404087,-41.69569778442383,-10.568130493164062,42.631919860839844,1.0071606985464512,359.033709659343,166.19277760177556,-0.0013690125197172165,0.0010569384321570396,-0.0005832444876432419,0.01284963358193636,0.020151784643530846,0.9869722723960876,1.0058719272274343,359.04003537500984,166.1921765451286
2023-05-17 14:47:09.496938,0.9622394999732933,36.08625030517578,29.94986343383789,29.94986343383789,28.762500762939453,1031.044921875,1.0100847665631572,359.04845187561455,166.19216288475025,166.18243669537216,-42.08209991455078,-10.287903785705566,43.05731201171875,1.0086559763661551,359.0484953113488,166.16898122270723,0.0004793386906385422,0.0015359674580395222,-0.0018153134733438492,0.011394958011806011,0.018937820568680763,0.9877033233642578,1.0116435437978009,359.05389681704355,166.16667261876776
2023-05-17 14:47:09.775747,0.9627863000114303,35.88819885253906,29.94986343383789,29.94986343383789,28.762500762939453,1031.053466796875,1.0153608742535805,359.06394285137384,166.16667261876776,166.15066265535327,-41.959049224853516,-10.24667739868164,42.709449768066406,1.0168607411066328,359.0655042966511,166.13872348468408,0.001055179163813591,0.0014111315831542015,-0.001190398819744587,0.01284963358193636,0.017966650426387787,0.987459659576416,1.0213129572284234,359.0696013429361,166.13748039025512
2023-05-17 14:47:10.057318,0.9626353000167001,34.19377899169922,30.023168563842773,30.023168563842773,28.762500762939453,1031.04248046875,1.026865367415115,359.0773738847682,166.1374667298768,166.1286284650908,-42.22118377685547,-10.164102554321289,43.00164794921875,1.0270759293406215,359.07667250971775,166.12022733241167,0.00016141310334205627,0.0006656944751739502,0.001252531073987484,0.013334525749087334,0.018937820568680763,0.9862411618232727,1.0319971873593217,359.0814413691406,166.12156604948902
2023-05-17 14:47:10.339406,0.9595051000142121,34.60873794555664,30.041494369506836,30.041494369506836,28.762500762939453,1031.042236328125,1.0357726811447519,359.0882297234019,166.12156604948902,166.10335676516175,-42.28976058959961,-10.625335693359375,42.943267822265625,1.03700222191706,359.0898279876677,166.0848742732677,-0.00281729269772768,0.0002093298826366663,0.000345451757311821,0.01284963358193636,0.019666196778416634,0.9864848256111145,1.0340657741824835,359.0927401028534,166.08532506575293
2023-05-17 14:47:10.623551,0.9595051000142121,34.83193588256836,29.858230590820312,29.858230590820312,28.768749237060547,1031.02490234375,1.037169774995137,359.09879239750995,166.08531140537457,166.07290778184182,-42.24100875854492,-10.252909660339355,42.54313659667969,1.037031036777621,359.1024000180522,166.06387827175908,-0.0010009203106164932,0.0006694474723190069,-0.0011467142030596733,0.013576971367001534,0.020394576713442802,0.9859974384307861,1.0380521500585378,359.10525284933027,166.0626624980868
2023-05-17 14:47:10.894381,0.9645936999968399,35.460662841796875,29.986515045166016,29.986515045166016,28.777084350585938,1031.03076171875,1.0425449204285253,359.10822419506263,166.0626624980868,166.0525264973585,-42.081668853759766,-10.269917488098145,42.82802963256836,1.044397822684303,359.1097946049632,166.04172113809156,-0.0019111521542072296,0.0004880782216787338,0.00034609902650117874,0.011879850178956985,0.020151784643530846,0.9869722723960876,1.0459734619484602,359.11277454179293,166.04203532679338
2023-05-17 14:47:11.130324,0.9794322000070679,35.441802978515625,30.05982208251953,30.05982208251953,28.772916793823242,1031.03515625,1.05006367804424,359.118661257723,166.04203532679338,166.0306152505011,-42.06877136230469,-10.267898559570312,43.327720642089844,1.0468879602453014,359.1201011469774,166.01953668366735,0.0021723024547100067,0.0013246575836092234,0.0006842892616987228,0.013819416984915733,0.019423406571149826,0.9869722723960876,1.0501776568260146,359.1241740741568,166.02028800447604
2023-05-17 14:47:11.375094,0.9629426999945281,35.26890182495117,29.94986343383789,29.94986343383789,28.770832061767578,1031.037353515625,1.0520904299587355,359.12734392226196,166.02028800447604,166.01079404152975,-42.176273345947266,-10.272955894470215,42.67911148071289,1.0515103974878133,359.1276834573689,166.00216068241883,0.00098346546292305,-0.0011711041443049908,0.0009983768686652184,0.01309207919985056,0.018937820568680763,0.9869722723960876,1.0551506748720185,359.1278954600374,166.00341743722612
2023-05-17 14:47:11.658646,0.9623383999733051,35.15887451171875,29.931535720825195,29.931535720825195,28.78333282470703,1031.053955078125,1.0579149804951697,359.13385127827195,166.0034037768478,165.9905766815865,-42.2441291809082,-10.411575317382812,43.11955642700195,1.0578838177570815,359.13636825634194,165.9794161524827,0.0005923490971326828,0.00022819428704679012,0.0004112245514988899,0.013576971367001534,0.019666196778416634,0.9867285490036011,1.060353037863747,359.13917930607226,165.9798669449679
2023-05-17 14:47:11.941090,0.9622446999637759,34.640174865722656,29.986515045166016,29.986515045166016,28.787500381469727,1031.06005859375,1.0635966306675624,359.14154335193786,165.9798669449679,165.96936211402445,-42.005435943603516,-10.275755882263184,42.65998077392578,1.0608264553505933,359.1407655107853,165.95939003783622,0.0017491187900304794,0.0002168295904994011,7.508508861064911e-05,0.011394958011806011,0.018937820568680763,0.9855100512504578,1.0650659751127614,359.14373194731917,165.95947200010627
2023-05-17 14:47:12.224591,0.9575728000309027,34.63703155517578,30.096473693847656,30.096473693847656,28.791667938232422,1031.039794921875,1.0675788443970915,359.1502592602882,165.95947200010627,165.9518768297492,-42.20088195800781,-10.121830940246582,42.7671012878418,1.0653060989507697,359.15217784975385,165.94700007468182,-0.0019575580954551697,-0.0009994623251259327,-0.0007953410968184471,0.01284963358193636,0.01990899071097374,0.9857537150382996,1.0643558488824918,359.15191995675184,165.94612581046806
2023-05-17 14:47:12.508153,0.9528175999785162,35.086570739746094,29.931535720825195,29.931535720825195,28.791667938232422,1031.042236328125,1.0691488274108423,359.1559073464841,165.94612581046806,165.9359351682264,-42.21480178833008,-10.273092269897461,42.978023529052734,1.0687659099304985,359.1558035596252,165.92721984684547,0.0011440664529800415,0.00020106066949665546,-0.00137358158826828,0.011637403629720211,0.018695026636123657,0.9857537150382996,1.0725856932238282,359.15970952069597,165.92574452598473
2023-05-17 14:47:12.792350,0.962437400017734,34.039737701416016,29.968189239501953,29.968189239501953,28.791667938232422,1031.0439453125,1.073670305919685,359.1666682561606,165.92574452598473,165.92574452598473,-42.39558029174805,-10.065511703491211,42.553955078125,1.0735607027278475,359.16783669875633,165.92372278999042,0.0014007184654474258,0.00046006753109395504,0.00020341109484434128,0.011879850178956985,0.01918061450123787,0.9864848256111145,1.076893194712579,359.17076733015796,165.92394135604385
2023-05-17 14:47:13.074839,0.9622239000018453,35.10543441772461,29.968189239501953,29.968189239501953,28.787500381469727,1031.04248046875,1.0797030705040989,359.17577876801806,165.92394135604385,165.91717946876554,-42.257869720458984,-10.218605041503906,43.81862258911133,1.0802353983725366,359.17648622620567,165.91089569472913,0.0004921071231365204,5.354359745979309e-05,-0.0001243744045495987,0.012364741414785385,0.019423406571149826,0.9850226640701294,1.0831403632039076,359.17724699188534,165.91073177018905
2023-05-17 14:47:13.352909,0.96050509998895,34.800498962402344,29.931535720825195,29.931535720825195,28.78333282470703,1031.051025390625,1.086254716022022,359.1812721077406,165.91073177018905,165.90100558081096,-42.047935485839844,-10.250014305114746,42.86315155029297,1.0825751650500892,359.18129857472366,165.89339675007557,0.0008648540824651718,4.364200867712498e-05,0.00012647174298763275,0.01260718796402216,0.019423406571149826,0.9850226640701294,1.084639376283314,359.18270367270196,165.89353335385897
2023-05-17 14:47:13.635212,0.959458299963444,34.91681671142578,30.00484275817871,30.00484275817871,28.787500381469727,1031.058837890625,1.088030245041108,359.1860351508305,165.8935196934806,165.8856922966918,-42.036434173583984,-10.268729209899902,42.9664192199707,1.0878058092938496,359.1857076219154,165.87720920174263,0.0007386691868305206,0.0003632986918091774,0.0007557850331068039,0.01260718796402216,0.01918061450123787,0.9864848256111145,1.088581996259998,359.18607970714265,165.8780151640647
2023-05-17 14:47:13.913603,0.9615102999996452,36.394325256347656,29.931535720825195,29.931535720825195,28.791667938232422,1031.0498046875,1.0890492238879093,359.1875916869093,165.8780151640647,165.86292044599895,-42.314598083496094,-10.57006549835205,43.3279914855957,1.08826065720389,359.1901876390416,165.8482218789051,0.0016076937317848206,0.0011023434344679117,-0.0011297455057501793,0.011637403629720211,0.018209444358944893,0.9859974384307861,1.0908010606883116,359.1918615689968,165.8471290486379
2023-05-17 14:47:14.172203,0.9638279999999213,35.441802978515625,29.986515045166016,29.986515045166016,28.78333282470703,1031.0625,1.0903805771675328,359.19550750263136,165.8471290486379,165.83643297239766,-41.88612365722656,-10.367009162902832,42.73499298095703,1.0907760878091588,359.1950298162763,165.82620134902098,-0.0014201309531927109,-0.0010169204324483871,-0.0008546793833374977,0.012364741414785385,0.018695026636123657,0.9864848256111145,1.0893507127067419,359.19401686720585,165.82531342442888
2023-05-17 14:47:14.447696,0.9613540000154899,35.55497360229492,29.931535720825195,29.931535720825195,28.78125,1031.06103515625,1.0917161993153877,359.1972878874881,165.82531342442888,165.8105465554433,-41.77300262451172,-10.405935287475586,43.20906066894531,1.0906992481809963,359.19599265950586,165.7980473092622,-0.00016596168279647827,0.00022543431259691715,0.0006934572011232376,0.014061863534152508,0.01990899071097374,0.9852663278579712,1.0927281345296074,359.19738110889807,165.79878496969255
2023-05-17 14:47:14.723509,0.9613540000154899,34.027164459228516,30.078147888183594,30.078147888183594,28.777084350585938,1031.059814453125,1.095818368242215,359.19525563940573,165.79878496969255,165.7893183275029,-42.21698760986328,-10.275175094604492,43.30356216430664,1.0933100879912336,359.19457699607864,165.78295259119645,-0.00011432357132434845,0.002022680826485157,0.00036463234573602676,0.01260718796402216,0.019666196778416634,0.984535276889801,1.0961386400812652,359.1977075172352,165.78333508178997
2023-05-17 14:47:14.992452,0.9638957999650302,32.326454162597656,29.858230590820312,29.858230590820312,28.78333282470703,1031.066650390625,1.0983764875297963,359.1985368516108,165.7833487421683,165.77120466582403,-42.55574035644531,-10.670902252197266,43.043399810791016,1.0982376425905747,359.1993071155223,165.75783115542916,0.0001765526831150055,-0.000785499345511198,-0.001216202974319458,0.014304309152066708,0.02136574685573578,0.9852663278579712,1.098771678006305,359.19946303593446,165.75634217419008
2023-05-17 14:47:15.264269,0.9638957999650302,34.25350570678711,29.968189239501953,29.968189239501953,28.78125,1031.056396484375,1.1031418251363496,359.2009540448859,165.75634217419008,165.76115062736577,-42.551029205322266,-9.957337379455566,43.12919235229492,1.1024406635293655,359.1998447261152,165.76575417486637,-9.363703429698944e-05,-0.0016998415812849998,0.0005962271243333817,0.011152512393891811,0.01990899071097374,0.9857537150382996,1.1028788628533042,359.19871635751997,165.76632791075664
2023-05-17 14:47:15.523127,0.9648749000243697,37.07020950317383,29.89488410949707,29.89488410949707,28.78333282470703,1031.058349609375,1.1044538617872266,359.2033916753677,165.76632791075664,165.76632791075664,-42.487640380859375,-10.087139129638672,43.32876205444336,1.104705725012871,359.2057843760113,165.76668308059348,0.0026395339518785477,-0.000488421181216836,0.0002915961667895317,0.013334525749087334,0.019423406571149826,0.9842915534973145,1.1086658473493032,359.2063603530574,165.76698360891697
2023-05-17 14:47:15.797702,0.9648749000243697,35.11172103881836,29.94986343383789,29.94986343383789,28.77916717529297,1031.049560546875,1.1086658473493032,359.2063603530574,165.76698360891697,165.77251606214466,-42.262916564941406,-9.803377151489258,42.82327651977539,1.1070236137407383,359.2064450900918,165.78038444006853,0.00018336065113544464,0.0013248153263702989,-0.002803008072078228,0.013576971367001534,0.019666196778416634,0.9869722723960876,1.1072407924120036,359.2077950129482,165.77766602477885
2023-05-17 14:47:16.056259,0.9634374000379466,37.50717544555664,29.986515045166016,29.986515045166016,28.787500381469727,1031.045166015625,1.1076368366621585,359.2091070495991,165.77766602477885,165.78429130827377,-42.07777786254883,-9.708803176879883,43.42325210571289,1.1075527399580027,359.2101856858794,165.79151764841563,0.0023318808525800705,0.0007135157939046621,0.00024280045181512833,0.012122295796871185,0.019423406571149826,0.9857537150382996,1.1098290072206152,359.2108785765542,165.79176353522578
2023-05-17 14:47:16.324864,0.9638020000020333,34.919960021972656,29.986515045166016,29.986515045166016,28.78125,1031.051513671875,1.1102159801257787,359.2126051736712,165.79176353522578,165.79065704458023,-42.1146125793457,-10.052721977233887,43.078758239746094,1.1104273958249318,359.2123133965276,165.7880888934523,-0.0010184254497289658,0.00031332788057625294,-0.002104588784277439,0.01260718796402216,0.01918061450123787,0.9833167791366577,1.1086413013569734,359.21481249871186,165.78532949702762
2023-05-17 14:47:16.599340,0.9638020000020333,34.22835922241211,29.913209915161133,29.913209915161133,28.787500381469727,1031.058837890625,1.1103985809643708,359.214884642585,165.78532949702762,165.78453719508389,-42.06422805786133,-9.912869453430176,42.67957305908203,1.1079999039052268,359.21608536849675,165.7850153083258,0.0011695828288793564,-0.002114454982802272,-0.0008419863879680634,0.01260718796402216,0.019423406571149826,0.9840478897094727,1.1098262324562649,359.21261259082974,165.78415470449036
2023-05-17 14:47:16.864961,0.9634737999713252,34.74077224731445,30.096473693847656,30.096473693847656,28.78333282470703,1031.05859375,1.1121464690616594,359.21385360418543,165.78415470449036,165.78140896844403,-42.222381591796875,-10.174619674682617,42.973777770996094,1.11335519910134,359.21573927000486,165.77874519466772,-0.0006758831441402435,0.00025224220007658005,-0.001474473625421524,0.013334525749087334,0.019423406571149826,0.9855100512504578,1.1133070676120327,359.21691219491225,165.7769693454835
2023-05-17 14:47:17.139509,0.9596039999687491,36.592376708984375,29.986515045166016,29.986515045166016,28.787500381469727,1031.07421875,1.1133380169067093,359.21770284266955,165.7769693454835,165.77560330764953,-42.21342849731445,-10.028475761413574,43.26844024658203,1.113203867722542,359.21915692591085,165.77598579824303,-0.0009994767606258392,0.0011191385565325618,-2.120155841112137e-05,0.012364741414785385,0.01990899071097374,0.9842915534973145,1.1121424136368396,359.2203457523524,165.77598579824303
2023-05-17 14:47:17.414161,0.9607186000048387,35.6241340637207,29.931535720825195,29.931535720825195,28.787500381469727,1031.0810546875,1.1131124072206873,359.22159610385734,165.77598579824303,165.7782261002908,-42.33784103393555,-9.981525421142578,43.34955978393555,1.111591943078419,359.22118170347375,165.77923696828796,-0.0012006349861621857,-0.002216545632109046,0.0002490319311618805,0.01309207919985056,0.020394576713442802,0.9852663278579712,1.1102294270607072,359.220114486416,165.77942821358474
2023-05-17 14:47:17.683380,0.9619738000092184,35.652427673339844,29.94986343383789,29.94986343383789,28.797916412353516,1031.077880859375,1.113133004509903,359.22027371520096,165.77942821358474,165.78384051578854,-42.48988342285156,-9.921124458312988,42.83808517456055,1.111568037416324,359.22081303334113,165.7873785537786,-0.0011433251202106476,0.001090625417418778,0.0011852020397782326,0.01284963358193636,0.020151784643530846,0.9855100512504578,1.1118215014675548,359.22378726055956,165.78858066707255
2023-05-17 14:47:17.955276,0.96220309999444,35.419795989990234,30.041494369506836,30.041494369506836,28.793750762939453,1031.06298828125,1.1134285169132119,359.22574480344787,165.78858066707255,165.79035651625674,-42.271549224853516,-9.960430145263672,42.44459533691406,1.1123950239144242,359.22710950726054,165.79198210127922,-0.0013878699392080307,0.0007401935290545225,-0.0002895556390285492,0.013819416984915733,0.01990899071097374,0.9847790002822876,1.1109628186228373,359.23001249774035,165.79168157295572
2023-05-17 14:47:18.230097,0.9623592999796529,34.54586410522461,30.00484275817871,30.00484275817871,28.806249618530273,1031.054931640625,1.1114846877641085,359.2286708458161,165.79168157295572,165.79168157295572,-42.09060287475586,-9.96269416809082,42.88916778564453,1.1128088906894449,359.22844208783977,165.791531308794,-0.00016889162361621857,6.695929914712906e-05,-0.00014183484017848969,0.01309207919985056,0.01990899071097374,0.9852663278579712,1.1137974538500983,359.22925381313394,165.7913947050106
2023-05-17 14:47:18.499443,0.963119700032621,36.74641418457031,29.94986343383789,29.94986343383789,28.808334350585938,1031.04345703125,1.1145704391650735,359.22942328720274,165.7913947050106,165.79218700695432,-42.21403884887695,-9.920036315917969,43.190589904785156,1.1129078217107042,359.23030870383474,165.79500104489236,-0.000667935237288475,-0.0005043032579123974,-0.0010084230452775955,0.014304309152066708,0.020151784643530846,0.9862411618232727,1.1122673847543096,359.2298343792134,165.79400383727352
2023-05-17 14:47:18.773966,0.9638020000020333,34.250362396240234,30.00484275817871,30.00484275817871,28.81458282470703,1031.038330078125,1.1133643771680373,359.22869368426115,165.79400383727352,165.79400383727352,-42.41374969482422,-10.068568229675293,42.993717193603516,1.1145615812634935,359.23009600747514,165.79424972408364,-9.525753557682037e-05,9.469268843531609e-05,0.002606632187962532,0.013334525749087334,0.01845223642885685,0.9855100512504578,1.114423056489389,359.2301428049431,165.7970227808867
2023-05-17 14:47:19.048266,0.9638020000020333,35.09600067138672,30.078147888183594,30.078147888183594,28.81458282470703,1031.039794921875,1.1146083253706258,359.22948785383477,165.7970227808867,165.7932388560865,-42.540321350097656,-10.269367218017578,43.29206085205078,1.1157169504502835,359.22861577741594,165.788840214261,0.0011168215423822403,0.0009359772084280849,-0.00016570929437875748,0.012364741414785385,0.018695026636123657,0.9864848256111145,1.1164725401272162,359.2312706932907,165.78868995009927
2023-05-17 14:47:19.306654,0.9643905000084487,35.01112365722656,29.968189239501953,29.968189239501953,28.827083587646484,1031.044677734375,1.1158471509313368,359.23334552333364,165.7887036104776,165.784742100759,-42.717979431152344,-10.357596397399902,43.225704193115234,1.116701671629529,359.2352957557851,165.7789091192078,0.0007875207811594009,-0.0003039927687495947,-0.000453803688287735,0.01260718796402216,0.01990899071097374,0.9864848256111145,1.11651949767776,359.2340816896601,165.7784036852092
2023-05-17 14:47:19.581567,0.9635831999967195,35.84104537963867,30.023168563842773,30.023168563842773,28.827083587646484,1031.060546875,1.11712108793325,359.23459566139513,165.7784036852092,165.77998828909668,-42.698028564453125,-10.17374038696289,43.1653938293457,1.1175316463353913,359.2343023367868,165.7798926664483,0.00011867471039295197,-0.0011803156230598688,9.16607677936554e-05,0.01284963358193636,0.020880160853266716,0.9869722723960876,1.1176471192210469,359.23314355250545,165.77996096834
2023-05-17 14:47:19.840677,0.962822799989226,35.6115608215332,29.94986343383789,29.94986343383789,28.829166412353516,1031.052978515625,1.1206937037559899,359.233161481752,165.77996096834,165.77593115672968,-42.41104507446289,-10.296457290649414,42.562076568603516,1.1201274383851134,359.2331386966678,165.7692512317214,0.00035747699439525604,0.0014644272159785032,0.0012929625809192657,0.011879850178956985,0.019423406571149826,0.9872159361839294,1.1204588092815648,359.2345422471814,165.77053530728537
2023-05-17 14:47:20.108805,0.962822799989226,37.7838134765625,30.078147888183594,30.078147888183594,28.837499618530273,1031.05517578125,1.1216374438002152,359.235037169092,165.77053530728537,165.7619839104445,-42.613826751708984,-10.585372924804688,43.11357498168945,1.1199078051146152,359.2357028457318,165.7516020229061,-0.0010774210095405579,-0.0005238091107457876,-0.00022875145077705383,0.01309207919985056,0.01990899071097374,0.9894092082977295,1.1191956511719356,359.23624179034596,165.7513697964743
2023-05-17 14:47:20.371897,0.9636873999861564,35.30976867675781,30.151453018188477,30.151453018188477,28.835416793823242,1031.05859375,1.1200223175049187,359.2351486932745,165.7513697964743,165.73914375785998,-42.456424713134766,-10.578248977661133,43.03409194946289,1.1182968409658443,359.2351998129716,165.72719092681245,0.00021518953144550323,0.0006485586054623127,4.7866255044937134e-05,0.012364741414785385,0.019423406571149826,0.9862411618232727,1.1198033245646553,359.23539159187686,165.72725922870416
2023-05-17 14:47:20.647131,0.9636873999861564,33.90142059326172,30.00484275817871,30.00484275817871,28.837499618530273,1031.053955078125,1.120952930779333,359.2356833156596,165.72724556832583,165.72199998304325,-42.32913589477539,-10.298135757446289,42.99685287475586,1.1211977503723956,359.236007109315,165.71574352976353,-0.0015663579106330872,0.0006100714672356844,-0.00018400046974420547,0.01309207919985056,0.019666196778416634,0.9886780977249146,1.1189262855865432,359.2368759840826,165.71557960522344
2023-05-17 14:47:20.905381,0.9611353000091185,35.77188491821289,30.041494369506836,30.041494369506836,28.84375,1031.047607421875,1.1202566783708148,359.2372060743186,165.71557960522344,165.71261530312367,-42.333465576171875,-10.219829559326172,43.47893524169922,1.120887937260512,359.23780787801746,165.70823032167652,0.0004924330860376358,0.0016654276987537742,-0.00015372410416603088,0.01260718796402216,0.018209444358944893,0.987459659576416,1.1225399892660088,359.23788978692664,165.70810737827145
2023-05-17 14:47:21.180867,0.9611353000091185,35.01741027832031,30.05982208251953,30.05982208251953,28.837499618530273,1031.063720703125,1.121105222653483,359.23855759800057,165.70810737827145,165.7020831514235,-42.41981887817383,-10.34704303741455,42.853790283203125,1.118672928257018,359.237196842891,165.69769816997635,-4.155933856964111e-05,0.004386375658214092,-0.0007760953158140182,0.013819416984915733,0.020151784643530846,0.9881907105445862,1.1190324736837958,359.24268959564415,165.69694684916766
2023-05-17 14:47:21.456030,0.9629530000220257,35.5706901550293,30.00484275817871,30.00484275817871,28.839584350585938,1031.052001953125,1.1198691718571223,359.24194622560253,165.69694684916766,165.69168760350675,-42.217201232910156,-10.257842063903809,43.080963134765625,1.1212822739633745,359.24172002894716,165.686797188061,0.00021945498883724213,0.00041771610267460346,0.0013410113751888275,0.01260718796402216,0.01990899071097374,0.9877033233642578,1.122865703912054,359.24286387218973,165.68812224476
2023-05-17 14:47:21.731667,0.9641249000433163,37.11107635498047,30.041494369506836,30.041494369506836,28.850000381469727,1031.04736328125,1.122865703912054,359.24286387218973,165.68812224476,165.6821526594254,-42.15925598144531,-10.278417587280273,43.20517349243164,1.1243073007137496,359.2417230705158,165.67760375343818,0.00021082907915115356,-0.0005576438270509243,-0.0013630399480462074,0.013819416984915733,0.018695026636123657,0.9877033233642578,1.1245736780913802,359.2419367273707,165.6761147721991
2023-05-17 14:47:22.006358,0.9641249000433163,35.19345474243164,30.05982208251953,30.05982208251953,28.84375,1031.05517578125,1.1251190260079234,359.2410758567311,165.6761147721991,165.67453016831166,-42.204158782958984,-10.001953125,43.060791015625,1.1249695088981235,359.241991048719,165.67671582884608,-0.001645933836698532,-0.0005756434984505177,0.00010575167834758759,0.01284963358193636,0.020151784643530846,0.9891654849052429,1.1236789233101085,359.24215385268116,165.67681145149444
2023-05-17 14:47:22.276131,0.9594269999761309,35.00483703613281,30.041494369506836,30.041494369506836,28.839584350585938,1031.05615234375,1.1236789233101085,359.24215385268116,165.67681145149444,165.67890148938048,-42.339630126953125,-10.05787467956543,43.32144546508789,1.1226138406864097,359.2434582053692,165.68015824418777,0.0005218125879764557,-0.0005981328431516886,0.00039323512464761734,0.011879850178956985,0.01918061450123787,0.9842915534973145,1.12314787610214,359.24283222920394,165.6805407347813
2023-05-17 14:47:22.547608,0.9629530999754934,37.04505920410156,29.986515045166016,29.986515045166016,28.852083206176758,1031.06396484375,1.1223211030474511,359.2453819708376,165.6805407347813,165.6805407347813,-42.4705696105957,-10.270893096923828,43.56110763549805,1.122184926150874,359.24535694459763,165.67718028170964,0.0010978654026985168,-1.789117231965065e-05,-0.0002362942323088646,0.01309207919985056,0.01990899071097374,0.9879470467567444,1.1234190559565307,359.2464600735094,165.67693439489952
2023-05-17 14:47:22.818690,0.9629530999754934,36.394325256347656,29.986515045166016,29.986515045166016,28.858333587646484,1031.0693359375,1.1234190559565307,359.2464600735094,165.67693439489952,165.6692162811374,-42.11014938354492,-10.35973834991455,42.95948028564453,1.125816559076911,359.2460777963593,165.65998186537954,0.0004420168697834015,0.0017621667357161641,0.0007261866703629494,0.01309207919985056,0.019666196778416634,0.9852663278579712,1.1273841942131346,359.24854408161906,165.6607195258099
2023-05-17 14:47:23.088920,0.9606197000048269,35.19974136352539,30.096473693847656,30.096473693847656,28.850000381469727,1031.06787109375,1.127084733106712,359.2506161368977,165.6607195258099,165.6584928841405,-42.45629119873047,-10.170854568481445,42.971099853515625,1.126835217758595,359.2511549214293,165.65854752565383,-0.0008319709450006485,0.00020195520482957363,-0.0026580998674035072,0.01309207919985056,0.020394576713442802,0.988434374332428,1.126545575049104,359.2532815648604,165.6557061669591
2023-05-17 14:47:23.360391,0.9616249000155221,34.514427185058594,30.11480140686035,30.11480140686035,28.858333587646484,1031.071533203125,1.1276396859767754,359.25304533636466,165.65571982733746,165.6576459406834,-42.392066955566406,-10.12928295135498,43.30008316040039,1.1283048823689112,359.2540752541863,165.6589436766257,0.002787156030535698,-0.0004415998701006174,0.0024781255051493645,0.01284963358193636,0.02063736878335476,0.9867285490036011,1.130046900772382,359.2540703983487,165.6614025447269
2023-05-17 14:47:23.623280,0.9621039999965433,35.18088150024414,30.023168563842773,30.023168563842773,28.868749618530273,1031.06640625,1.1324819699331972,359.2552530882922,165.6614025447269,165.65964035592106,-42.14313888549805,-10.13945484161377,42.9057731628418,1.1325024605007072,359.25688032750105,165.65988624273118,3.7318095564842224e-05,0.00012353924103081226,0.0009773680940270424,0.012122295796871185,0.020151784643530846,0.987459659576416,1.1325266863279195,359.2569823534518,165.6608561295933
2023-05-17 14:47:23.898803,0.9621039999965433,33.01491165161133,30.078147888183594,30.078147888183594,28.866666793823242,1031.065185546875,1.1332837701087333,359.25780635174215,165.6608561295933,165.6608561295933,-42.07985305786133,-10.03958797454834,43.06462097167969,1.1317994846247248,359.2563084058798,165.66280956369593,-0.0005130209028720856,-0.001714592333883047,1.9408762454986572e-05,0.013819416984915733,0.019423406571149826,0.9862411618232727,1.1326870890517091,359.25341544724034,165.6627959033176
2023-05-17 14:47:24.173740,0.9625833000209241,35.06142044067383,30.078147888183594,30.078147888183594,28.879165649414062,1031.063720703125,1.1336625254425516,359.2522072508092,165.6627959033176,165.65899831813906,-42.61796188354492,-10.307090759277344,43.18505096435547,1.1358412490660799,359.24996033201563,165.6564848085245,-0.0008011087775230408,0.0007508147973567247,-0.0006090486422181129,0.013576971367001534,0.01990899071097374,0.990384042263031,1.1365085798923311,359.249184678658,165.65589741225588
2023-05-17 14:47:24.433610,0.9625833000209241,34.508140563964844,30.096473693847656,30.096473693847656,28.87708282470703,1031.067138671875,1.136826503853854,359.2484600916366,165.65589741225588,165.65274186485934,-42.30694580078125,-10.161290168762207,42.83338928222656,1.1354252478569438,359.24827893154105,165.64966827973282,-0.0010787993669509888,0.001335412380285561,0.0009357919916510582,0.014061863534152508,0.018695026636123657,0.9859974384307861,1.1343550425913673,359.24956989065504,165.65062450621662
2023-05-17 14:47:24.708200,0.9641613000221696,33.998870849609375,30.096473693847656,30.096473693847656,28.875,1031.049072265625,1.133921539022483,359.2471399441361,165.65062450621662,165.6454335624474,-42.134483337402344,-10.358680725097656,42.38628387451172,1.1328431161855617,359.24841452146825,165.63742858074016,-0.0014021359384059906,0.0006588520482182503,0.0002710297703742981,0.014789201319217682,0.022336916998028755,0.987459659576416,1.1314679002848618,359.2490536777642,165.63770178830697
2023-05-17 14:47:24.967009,0.9639061999914702,33.27897644042969,30.05982208251953,30.05982208251953,28.883333206176758,1031.047607421875,1.1347847041788435,359.2468967787295,165.63770178830697,165.62811220271226,-42.00656509399414,-10.410737991333008,42.7996940612793,1.1355646264046944,359.2475783569035,165.62012088138334,-0.002509698271751404,0.0003997588064521551,0.0008120154961943626,0.01260718796402216,0.020151784643530846,0.9872159361839294,1.1330388437939647,359.2479627684877,165.62094050408376
2023-05-17 14:47:25.225869,0.963494699977673,36.013946533203125,30.096473693847656,30.096473693847656,28.875,1031.0498046875,1.1330388437939647,359.2479627684877,165.62094050408376,165.616009107503,-42.26254653930664,-10.281648635864258,42.40870666503906,1.133614927561773,359.249260130904,165.6125257110263,-0.0018711872398853302,-4.654517397284508e-06,0.0005511688068509102,0.01260718796402216,0.020151784643530846,0.9859974384307861,1.1317206172841523,359.24924449617413,165.61308578653825
2023-05-17 14:47:25.497611,0.9654895000276156,34.646461486816406,30.133127212524414,30.133127212524414,28.883333206176758,1031.05322265625,1.1297434909628452,359.2477106918186,165.61308578653825,165.60704789931194,-42.23591613769531,-10.389625549316406,42.832061767578125,1.1305874462121648,359.24741277817697,165.60070948376216,0.0008457880467176437,0.0009009174536913633,0.0017388584092259407,0.014061863534152508,0.019666196778416634,0.987459659576416,1.1314104840071515,359.2482794651496,165.6024580121897
2023-05-17 14:47:25.756241,0.9649947000307293,35.529823303222656,30.133127212524414,30.133127212524414,28.879165649414062,1031.0498046875,1.1315754757642895,359.24717265433895,165.6024580121897,165.59983521954842,-42.31697082519531,-10.26264762878418,42.92826843261719,1.1327402364611883,359.24779484188366,165.59740367220388,0.00017267651855945587,0.0020741322077810764,-0.0009729182347655296,0.012364741414785385,0.020151784643530846,0.9877033233642578,1.133725277805551,359.2500794334393,165.59640646458507
2023-05-17 14:47:26.031488,0.9630624000019452,33.442447662353516,30.11480140686035,30.11480140686035,28.883333206176758,1031.0615234375,1.1343030691206517,359.25062003223996,165.59640646458507,165.58467219959098,-42.263797760009766,-10.564269065856934,43.195072174072266,1.1323460064800315,359.250571046977,165.57495967059123,0.0004818327724933624,0.0011628336505964398,0.0004976037889719009,0.013819416984915733,0.020880160853266716,0.9872159361839294,1.1328092854048288,359.2516950399823,165.5754651045898
2023-05-17 14:47:26.297599,0.9587863000215293,35.162017822265625,30.11480140686035,30.11480140686035,28.889583587646484,1031.06689453125,1.1358424230048434,359.2504950611225,165.5754651045898,165.5694955192552,-42.36410903930664,-10.32957935333252,43.4623908996582,1.1347320903778932,359.25033753988475,165.56838902860966,-0.0015911124646663666,0.0002000096719712019,0.0004410082474350929,0.013334525749087334,0.018937820568680763,0.9877033233642578,1.1327947712528426,359.25056960623397,165.56893544374327
2023-05-17 14:47:26.573137,0.9582498999643576,36.51063919067383,30.11480140686035,30.11480140686035,28.897916793823242,1031.072021484375,1.1333948674044516,359.25151414669097,165.56893544374327,165.566995670019,-42.06278991699219,-10.201574325561523,42.84849166870117,1.1337043603512178,359.25058524096386,165.56448216040442,-0.0006711427122354507,-0.00012198672629892826,-0.0017483988776803017,0.013819416984915733,0.02063736878335476,0.9857537150382996,1.1329988231542967,359.2504900452023,165.56258336781517
2023-05-17 14:47:26.847628,0.9627082999722916,35.394649505615234,30.11480140686035,30.11480140686035,28.893749237060547,1031.071533203125,1.1342309252475435,359.24949667956486,165.56258336781517,165.55181898968323,-41.88068389892578,-10.575814247131348,42.795623779296875,1.1345066941352828,359.2507771799517,165.53974321523063,-0.0009204298257827759,-0.00020626047626137733,0.002277052029967308,0.012364741414785385,0.020151784643530846,0.9867285490036011,1.1328237995568151,359.2497093759245,165.5419561965217
2023-05-17 14:47:27.117201,0.9649791000138066,35.04256057739258,30.11480140686035,30.11480140686035,28.893749237060547,1031.071044921875,1.1335861127012121,359.24786234336256,165.5419561965217,165.53407415821954,-42.345062255859375,-10.410609245300293,43.18532943725586,1.1332014876735756,359.24730813754445,165.5299350635825,0.002056397497653961,-0.0007982649840414524,-0.0014082156121730804,0.01284963358193636,0.019423406571149826,0.987459659576416,1.135341044431082,359.2465140213317,165.52847340310012
2023-05-17 14:47:27.384797,0.9640623999766831,35.963645935058594,29.968189239501953,29.968189239501953,28.887500762939453,1031.074462890625,1.1364497762324457,359.24636231642694,165.52847340310012,165.51366555297952,-42.245338439941406,-10.85650634765625,43.14253234863281,1.134308298484235,359.2470398925369,165.49605732529923,-0.0015607979148626328,0.000651263864710927,0.0007372600957751274,0.01260718796402216,0.020151784643530846,0.9852663278579712,1.1338885620153967,359.2477636791456,165.4967949857296
2023-05-17 14:47:27.647929,0.9646144999587705,34.53957748413086,30.00484275817871,30.00484275817871,28.899999618530273,1031.06298828125,1.1339262347775374,359.2495581512674,165.4967949857296,165.4890905323458,-42.1474609375,-10.43084716796875,43.117271423339844,1.1320545495015424,359.2501660914644,165.48215106014908,0.0014016460627317429,-0.0006131993141025305,-0.001843034289777279,0.01260718796402216,0.019666196778416634,0.9862411618232727,1.1334749086837876,359.249591661883,165.4803069090732
2023-05-17 14:47:27.906607,0.9646144999587705,34.60245132446289,30.023168563842773,30.023168563842773,28.899999618530273,1031.063232421875,1.1342444789041777,359.24820908218464,165.4803069090732,165.47951460712946,-42.26099395751953,-10.270523071289062,43.24882507324219,1.1344776658313103,359.2504285734998,165.47779339945862,0.002609681338071823,-0.0006372712086886168,0.00029138289391994476,0.012364741414785385,0.020151784643530846,0.9857537150382996,1.1356648380864232,359.2505923379573,165.47806660702543
2023-05-17 14:47:28.175171,0.964348899993638,38.28679656982422,29.968189239501953,29.968189239501953,28.90625,1031.06787109375,1.1362614124217414,359.25111217938615,165.47806660702543,165.47366796519992,-42.32498550415039,-10.347382545471191,43.10430145263672,1.136766526255205,359.25044025952656,165.4712364178554,0.00015991553664207458,-0.0018248208798468113,-0.0002935938537120819,0.013334525749087334,0.019423406571149826,0.987459659576416,1.1356152124932346,359.24815934986975,165.47081294612687
2023-05-17 14:47:28.449316,0.9643019999894022,35.31291198730469,30.133127212524414,30.133127212524414,28.90833282470703,1031.074951171875,1.1348312348425642,359.24805246808137,165.47081294612687,165.47081294612687,-42.370269775390625,-10.265530586242676,42.648170471191406,1.1355016605982833,359.2489385784045,165.47118177634206,-0.00112108513712883,-0.0006010255310684443,-0.0014428561553359032,0.014789201319217682,0.01918061450123787,0.9859974384307861,1.1344281469598276,359.2483811709352,165.4697610969947
2023-05-17 14:47:28.714959,0.9643019999894022,35.133724212646484,30.023168563842773,30.023168563842773,28.90625,1031.07470703125,1.1350301641021407,359.24756186839994,165.4697610969947,165.46738419116352,-42.087074279785156,-10.102446556091309,43.03288269042969,1.1332634929846348,359.2459572008318,165.46937860640116,0.00014991126954555511,-0.00033048249315470457,0.0013439096510410309,0.011879850178956985,0.02063736878335476,0.987459659576416,1.1333930531354535,359.24560779396705,165.4706900027218
2023-05-17 14:47:28.989825,0.9647811999693658,33.678218841552734,30.041494369506836,30.041494369506836,28.90625,1031.07421875,1.135933456619875,359.24644657321363,165.4706900027218,165.46932396488782,-42.247806549072266,-10.287748336791992,42.784080505371094,1.136030146485313,359.24651973094296,165.4671792854884,-0.00022085383534431458,0.0006472577806562185,-0.001358233392238617,0.01284963358193636,0.02063736878335476,0.987459659576416,1.136201541544798,359.24823453531144,165.46585422878945
2023-05-17 14:47:29.248509,0.9653280000075029,36.079959869384766,30.078147888183594,30.078147888183594,28.90416717529297,1031.0546875,1.136222138834014,359.24752328850326,165.46586788916778,165.4609228322087,-42.319915771484375,-10.54404354095459,42.94336700439453,1.1366424089113811,359.2474926060129,165.45339596374333,-0.0010881684720516205,-0.0006448875647038221,-0.0006787925958633423,0.014304309152066708,0.018937820568680763,0.9862411618232727,1.1357009100229771,359.2455090230284,165.45271294482635
2023-05-17 14:47:29.508454,0.9626145000092947,35.88505554199219,30.151453018188477,30.151453018188477,28.902084350585938,1031.066162109375,1.1345404181943097,359.24494649291717,165.45271294482635,165.44537732165773,-42.105506896972656,-10.55760383605957,43.0776252746582,1.1355865043543796,359.24553303541217,165.43703083049198,-0.001138150691986084,-6.065121851861477e-05,-5.204882472753525e-05,0.011394958011806011,0.018937820568680763,0.9867285490036011,1.1352362437160048,359.24531831134016,165.43696252860028
2023-05-17 14:47:29.783295,0.9628905000008672,35.212318420410156,30.096473693847656,30.096473693847656,28.910415649414062,1031.061767578125,1.1333692541950642,359.24806634190315,165.43697618897863,165.42682652787198,-41.750362396240234,-10.448877334594727,42.56217956542969,1.1334311527844174,359.2475708330232,165.4208979236724,0.001881396397948265,0.0007412480190396309,0.0011282619088888168,0.013576971367001534,0.021608538925647736,0.9864848256111145,1.1345058403616366,359.24906723142084,165.42204539545298
2023-05-17 14:47:30.046359,0.9628071999723034,35.63356399536133,30.169780731201172,30.169780731201172,28.914583206176758,1031.042724609375,1.1373951171022578,359.2470484302734,165.42204539545298,165.41771505551918,-41.971744537353516,-10.390486717224121,42.72271728515625,1.1380837922696654,359.24738300282104,165.4139994326107,0.002445004880428314,0.0027218677569180727,0.001703564077615738,0.013576971367001534,0.018695026636123657,0.9852663278579712,1.1405922859640585,359.2501665183512,165.41582992330828
2023-05-17 14:47:30.317554,0.9628071999723034,34.68418502807617,30.133127212524414,30.133127212524414,28.922916412353516,1031.052978515625,1.139489317134807,359.24935297878807,165.41582992330828,165.41582992330828,-42.21335983276367,-10.191482543945312,42.74668502807617,1.1406801179279165,359.2507401475198,165.4193269801633,-0.0014864038676023483,0.00022211391478776932,0.0004949169233441353,0.011879850178956985,0.019423406571149826,0.9869722723960876,1.1376760086318745,359.2504804402488,165.4198324141619
2023-05-17 14:47:30.580242,0.964228999988336,34.875946044921875,30.169780731201172,30.169780731201172,28.922916412353516,1031.06591796875,1.1381482521799575,359.2507510331338,165.4198324141619,165.41572064028153,-42.0381965637207,-10.389348983764648,43.25955581665039,1.13738519198362,359.2527455017323,165.41266071553338,-0.0002933647483587265,0.00039605586789548397,-9.811483323574066e-05,0.013819416984915733,0.020151784643530846,0.9862411618232727,1.137431509203929,359.2524186131475,165.41257875326335
2023-05-17 14:47:30.855893,0.9641977999999654,35.50153350830078,30.151453018188477,30.151453018188477,28.918750762939453,1031.058837890625,1.137838865954897,359.2548126478124,165.41257875326335,165.4022924883733,-42.23721694946289,-10.661734580993652,42.9548454284668,1.1394924120642749,359.2571356058213,165.39301709148043,-0.00028903596103191376,-0.0008861995302140713,-0.00011850614100694656,0.01309207919985056,0.020394576713442802,0.9869722723960876,1.1391057593242286,359.25594629913206,165.39282584618365
2023-05-17 14:47:31.132866,0.9641977999999654,34.18120193481445,30.151453018188477,30.151453018188477,28.922916412353516,1031.05712890625,1.141118850860384,359.2551600803256,165.39282584618365,165.39282584618365,-42.229591369628906,-10.352670669555664,43.04558181762695,1.1432332212953262,359.2575930150523,165.39074946867598,-0.0002895072102546692,2.9490329325199127e-05,0.0011029858142137527,0.01284963358193636,0.018937820568680763,0.9859974384307861,1.1426773079299106,359.2562546181401,165.39182863856485
2023-05-17 14:47:31.391654,0.9637446999713575,34.98283004760742,30.00484275817871,30.00484275817871,28.929166793823242,1031.060791015625,1.1415035826097262,359.25554694650907,165.3918149781865,165.39293512921037,-42.22149658203125,-10.275867462158203,42.968685150146484,1.1415137211717754,359.25621907981207,165.39348154434398,0.00032135099172592163,0.000945668201893568,0.0001869378611445427,0.01284963358193636,0.019423406571149826,0.9857537150382996,1.1419330307537907,359.2574581188162,165.3937547519108
2023-05-17 14:47:31.666478,0.9592550999750529,36.611236572265625,30.041494369506836,30.041494369506836,28.916667938232422,1031.05615234375,1.1416582223614036,359.25589966174664,165.3937547519108,165.3937547519108,-42.19293212890625,-10.276707649230957,43.03743362426758,1.140786306025169,359.2574356538971,165.39307173299377,-0.0021217595785856247,2.8634676709771156e-05,-0.0004236530512571335,0.01260718796402216,0.020151784643530846,0.9855100512504578,1.1387263636601754,359.2574717258337,165.3926619216436
2023-05-17 14:47:31.931943,0.9636353999903804,35.133724212646484,30.096473693847656,30.096473693847656,28.922916412353516,1031.058349609375,1.139846834849175,359.25635397604816,165.3926619216436,165.3926619216436,-42.07070541381836,-10.274377822875977,43.086368560791016,1.140216412116296,359.2570785097087,165.3908997328377,0.00032150931656360626,0.002471360145136714,0.0007985569536685944,0.012122295796871185,0.01990899071097374,0.9872159361839294,1.1405970884408185,359.2600872080381,165.39193792159156
2023-05-17 14:47:32.206277,0.9636926000221138,36.06424331665039,30.096473693847656,30.096473693847656,28.931249618530273,1031.046630859375,1.140996334342147,359.2607703336768,165.39193792159156,165.38919218554523,-42.08515548706055,-10.365416526794434,43.25056838989258,1.1386536861785383,359.26172858787305,165.384684260693,-0.0015105567872524261,0.003692637663334608,-0.0007279729470610619,0.013819416984915733,0.020394576713442802,0.9857537150382996,1.1381319237589729,359.2625411669408,165.38404222291103
2023-05-17 14:47:32.464873,0.9641248999978416,35.073997497558594,30.11480140686035,30.11480140686035,28.924999237060547,1031.057861328125,1.1390556001225114,359.26125597079897,165.38404222291103,165.3870065250108,-42.257022857666016,-10.107405662536621,42.91094970703125,1.139095727483885,359.261646252077,165.39025769505574,-0.00028899312019348145,0.0018596664303913713,0.00018826499581336975,0.013334525749087334,0.020151784643530846,0.9850226640701294,1.1387786572960084,359.26366206501666,165.39050358186586
2023-05-17 14:47:32.739572,0.9631665999913821,35.94164276123047,30.133127212524414,30.133127212524414,28.933334350585938,1031.064697265625,1.1388215594217326,359.2624081383346,165.39050358186586,165.38841354397982,-42.27216720581055,-10.317071914672852,43.50138854980469,1.1394367033338568,359.2633332020803,165.38831792133146,-0.0012050941586494446,0.0003321794793009758,-0.00011727772653102875,0.013334525749087334,0.019666196778416634,0.9867285490036011,1.1382589225888529,359.26366035746935,165.38820863830475
2023-05-17 14:47:33.006351,0.9569321999842941,35.360069274902344,30.151453018188477,30.151453018188477,28.933334350585938,1031.056396484375,1.1382589225888529,359.26366035746935,165.38820863830475,165.387416336361,-42.11921691894531,-10.23653793334961,43.27112579345703,1.1396174899034506,359.26273662774497,165.38562682679847,0.00032185204327106476,2.6936642825603485e-05,-0.0001173112541437149,0.013334525749087334,0.01990899071097374,0.9859974384307861,1.1392503672355625,359.2628380667263,165.38547656263674
2023-05-17 14:47:33.281192,0.9569321999842941,34.96711349487305,30.133127212524414,30.133127212524414,28.93541717529297,1031.04931640625,1.139527416783771,359.26175382755645,165.38547656263674,165.3807227509744,-42.00809097290039,-10.418706893920898,43.03080749511719,1.1392388412913381,359.26266576453236,165.3769661469309,-0.0018159039318561554,2.674129791557789e-05,0.00018824264407157898,0.01260718796402216,0.01845223642885685,0.9881907105445862,1.1372871147360069,359.26075838084574,165.37715739222764
2023-05-17 14:47:33.539873,0.9618540000028588,35.50782012939453,30.041494369506836,30.041494369506836,28.927082061767578,1031.05078125,1.135784046231781,359.2584301401124,165.37715739222764,165.37715739222764,-42.051944732666016,-10.314855575561523,43.6354866027832,1.1361220338739908,359.25910125955926,165.37632410914892,0.0006277505308389664,0.0012479426804929972,0.000799151137471199,0.013334525749087334,0.019666196778416634,0.9886780977249146,1.1365939572569563,359.2595549868914,165.37714373184932
2023-05-17 14:47:33.807813,0.9627498999871023,35.407222747802734,30.041494369506836,30.041494369506836,28.929166793823242,1031.055908203125,1.1372451731056348,359.2586449175453,165.37714373184932,165.3712697691631,-41.804176330566406,-10.433637619018555,43.06208419799805,1.136271337540379,359.2573465412728,165.3666662216625,0.0027659740298986435,0.0009422895964235067,0.00018796883523464203,0.01260718796402216,0.019423406571149826,0.9867285490036011,1.1398252770646071,359.2585534570435,165.36693942922932
2023-05-17 14:47:34.082588,0.9626925999564264,34.85394287109375,30.096473693847656,30.096473693847656,28.929166793823242,1031.059814453125,1.1398252770646071,359.2585534570435,165.36693942922932,165.3615709005417,-41.857879638671875,-10.51875114440918,42.79833221435547,1.1410705059276651,359.2595045075245,165.3538254660229,-0.0002884920686483383,0.0015525751514360309,-0.0019498104229569435,0.012364741414785385,0.02136574685573578,0.9859974384307861,1.1402898366498737,359.25979126874796,165.3519539941903
2023-05-17 14:47:34.348332,0.9603279999973893,36.93503189086914,30.11480140686035,30.11480140686035,28.93958282470703,1031.06298828125,1.142840165252933,359.2608445586232,165.3519539941903,165.34501452199356,-41.81916427612305,-10.425788879394531,42.991668701171875,1.1428432601824008,359.26163712737116,165.34132621984176,0.00032215751707553864,0.001246537547558546,-0.0007280362769961357,0.013576971367001534,0.018937820568680763,0.9855100512504578,1.1425798710125321,359.2610155801567,165.34062954054642
2023-05-17 14:47:34.623745,0.9638592999872344,35.8379020690918,30.023168563842773,30.023168563842773,28.941665649414062,1031.072998046875,1.1422670696928867,359.26083634105186,165.34062954054642,165.34240538973063,-42.084495544433594,-10.138298988342285,43.489593505859375,1.1399147098540519,359.263579248973,165.34456372950837,-0.00028869323432445526,0.00033007119782269,0.0004935050383210182,0.011394958011806011,0.019423406571149826,0.9879470467567444,1.139619731059272,359.2638992006469,165.3450555031286
2023-05-17 14:47:34.882434,0.9646353000116505,35.04256057739258,30.096473693847656,30.096473693847656,28.941665649414062,1031.058349609375,1.1380121820050861,359.2653031780473,165.3450555031286,165.34822471090348,-41.94165802001953,-10.159366607666016,42.229854583740234,1.1360953534475455,359.2675999892383,165.35056063559963,0.0021546315401792526,0.00032951775938272476,0.0004933159798383713,0.01260718796402216,0.01845223642885685,0.9867285490036011,1.137217745627249,359.26698927427697,165.3511616922466
2023-05-17 14:47:35.154820,0.9631040000167559,35.00798034667969,30.169780731201172,30.169780731201172,28.950000762939453,1031.045654296875,1.1380337397896538,359.2683838068064,165.3511616922466,165.35796456065992,-41.738380432128906,-9.941496849060059,42.780155181884766,1.137765654864731,359.26991312885025,165.36346969313095,0.0015441663563251495,-0.0008927914313971996,0.001715037040412426,0.012122295796871185,0.020880160853266716,0.9859974384307861,1.1404674215682942,359.266158979406,165.3651635800451
2023-05-17 14:47:35.413202,0.9617654999838123,34.60873794555664,30.151453018188477,30.151453018188477,28.945833206176758,1031.036865234375,1.1406346544812536,359.26648197264853,165.3651635800451,165.37674758087746,-41.965667724609375,-9.787700653076172,42.77791213989258,1.1403547234469888,359.26650689216683,165.38807203452134,-0.0005938448011875153,-0.0008929076138883829,-0.0001179249957203865,0.014061863534152508,0.018695026636123657,0.9877033233642578,1.1395734138389628,359.263881751648,165.38793543073794
2023-05-17 14:47:35.682787,0.9617654999838123,35.2783317565918,30.096473693847656,30.096473693847656,28.954166412353516,1031.038818359375,1.1385631861720358,359.26242921587146,165.38793543073794,165.39435580855775,-41.949668884277344,-9.957169532775879,42.95769500732422,1.1379247769280512,359.26081462318473,165.4012406392411,-0.001204388216137886,0.0009395715314894915,-0.0004230327904224396,0.012364741414785385,0.01990899071097374,0.9869722723960876,1.1366839236549302,359.2617953423,165.40081716751257
2023-05-17 14:47:35.954064,0.9637603000337549,34.68418502807617,30.11480140686035,30.11480140686035,28.950000762939453,1031.037109375,1.134722485424373,359.2625275065625,165.40081716751257,165.39924622400346,-41.76850891113281,-10.15670394897461,42.766502380371094,1.1359181954159483,359.26431813670297,165.40005218632552,0.0015440843999385834,-0.0005878619849681854,0.00018764566630125046,0.013819416984915733,0.019666196778416634,0.9862411618232727,1.1366599112711293,359.26163702064946,165.40022977124397
2023-05-17 14:47:36.213716,0.9647081999682996,36.243431091308594,30.188106536865234,30.188106536865234,28.958332061767578,1031.046875,1.1367588422923887,359.26052231243256,165.40022977124397,165.3902440346774,-41.87464904785156,-10.41031265258789,42.797733306884766,1.1367693010195552,359.26053458542873,165.38572244944686,-0.0012045875191688538,2.2322870790958405e-05,0.00018756184726953506,0.014061863534152508,0.020880160853266716,0.988434374332428,1.1352575880571611,359.2598239789508,165.3859136947436
2023-05-17 14:47:36.472124,0.962984299963864,35.092857360839844,30.206432342529297,30.206432342529297,28.960416793823242,1031.0625,1.1367398458287596,359.2583456698823,165.3859136947436,165.39234773294177,-42.22542953491211,-9.945605278015137,42.81498336791992,1.135130162340458,359.25802891985956,165.40210124307654,-0.00028804317116737366,-0.0005886841099709272,0.0007981881499290466,0.013334525749087334,0.01990899071097374,0.9864848256111145,1.134814266091345,359.25738906987254,165.4029345261553
2023-05-17 14:47:36.746455,0.9627030000283412,34.885379791259766,30.169780731201172,30.169780731201172,28.972915649414062,1031.074951171875,1.1354186311111854,359.2583309956478,165.4029345261553,165.40719656419736,-41.85996627807617,-10.051128387451172,43.0728645324707,1.1348152265866969,359.2583372922284,165.41152690413116,-0.0018148049712181091,0.002770728198811412,-0.0007290327921509743,0.013334525749087334,0.01845223642885685,0.9855100512504578,1.1329544269246916,359.2602810146558,165.41087120597084
2023-05-17 14:47:37.004986,0.9609114000122645,36.290584564208984,30.096473693847656,30.096473693847656,28.975000381469727,1031.076904296875,1.1312038707847585,359.2596159249854,165.41087120597084,165.41991437643193,-42.166446685791016,-9.968984603881836,42.51689910888672,1.1286324112839545,359.2599934530196,165.42612984857664,1.8367543816566467e-05,2.1744519472122192e-05,-0.0007287058979272842,0.01284963358193636,0.020151784643530846,0.9867285490036011,1.1292280251239208,359.2587870708574,165.42525558436287
2023-05-17 14:47:37.280183,0.9620936999690457,33.73794937133789,30.206432342529297,30.206432342529297,28.96875,1031.087890625,1.1305525482143743,359.25681704152953,165.42525558436287,165.4209935463208,-41.80921936035156,-10.510344505310059,42.71060562133789,1.1294073175896335,359.2577745486738,165.41039309272892,-0.002119544893503189,0.0015485353069379926,0.0017148759216070175,0.012364741414785385,0.021608538925647736,0.9852663278579712,1.1247727140726627,359.2566548245368,165.41214162115645
2023-05-17 14:47:37.539664,0.9624427000071591,35.529823303222656,30.05982208251953,30.05982208251953,28.956249237060547,1031.0732421875,1.127352711309929,359.2571353923779,165.41214162115645,165.41350765899045,-41.89473342895508,-10.15884017944336,43.28557205200195,1.1260908338607694,359.25747311321584,165.41371256466556,-0.0005923919379711151,0.0012427305337041616,-0.0007286686450242996,0.011879850178956985,0.020880160853266716,0.9862411618232727,1.125178363276338,359.2574029436943,165.4128792815868
2023-05-17 14:47:37.811699,0.9623228000018571,36.300018310546875,30.023168563842773,30.023168563842773,28.954166412353516,1031.06201171875,1.1279303959033242,359.2619481677827,165.4128792815868,165.416663206387,-42.1861457824707,-10.133650779724121,43.05009078979492,1.1305578842996633,359.2635942967335,165.42067935761898,-0.0018142107874155045,-0.0012007944751530886,-0.0007284190505743027,0.011394958011806011,0.023065295070409775,0.9842915534973145,1.1262989411870432,359.25989398838976,165.41968215000014
2023-05-17 14:47:38.082663,0.962229099992328,32.467918395996094,30.041494369506836,30.041494369506836,28.952083587646484,1031.044677734375,1.13212797403512,359.2668550717319,165.41968215000014,165.42449060317585,-42.04111099243164,-10.076574325561523,42.58889389038086,1.131551783545606,359.26628133584165,165.42824720721936,0.0003241896629333496,0.002158310730010271,-0.0010337065905332565,0.011152512393891811,0.012625213712453842,0.9867285490036011,1.1338491817059633,359.2708872312198,165.4272773203572
2023-05-17 14:47:38.345368,0.9637759000052029,35.20917510986328,30.096473693847656,30.096473693847656,28.954166412353516,1031.04052734375,1.1343184370462844,359.27326280302964,165.4272773203572,165.43756358524726,-42.24049377441406,-9.915560722351074,42.65083694458008,1.1349883291934746,359.2739314145163,165.4466613972217,0.0009357128292322159,-0.0002856496721506119,0.0023262500762939453,0.010667620226740837,0.016752686351537704,0.9803923964500427,1.1336917671899356,359.26460425759615,165.44895634078284
2023-05-17 14:47:38.615874,0.963135300004069,34.25979232788086,30.041494369506836,30.041494369506836,28.954166412353516,1031.033203125,1.131939610224416,359.2699166506666,165.44897000116117,165.45249437877288,-42.153343200683594,-10.011831283569336,42.867530822753906,1.1349468144499255,359.2696201777679,165.45887377545768,-0.00028636492788791656,0.0003244339022785425,0.003547919914126396,0.008243161253631115,0.017481066286563873,0.9864848256111145,1.1358608858599437,359.26928315062105,165.4623571719344
2023-05-17 14:47:38.878443,0.963135300004069,33.98944091796875,30.05982208251953,30.05982208251953,28.950000762939453,1031.056396484375,1.1344602701932678,359.2719816089517,165.4623571719344,165.4623571719344,-42.11774444580078,-10.25334644317627,43.23904037475586,1.1311791113490173,359.27319514146814,165.46145558696395,0.0018519368022680283,0.001545639825053513,0.00018835905939340591,0.014061863534152508,0.015538725070655346,0.9842915534973145,1.133980235960663,359.26597974030113,165.46167415301738
2023-05-17 14:47:39.137203,0.9607393999667693,34.8602294921875,30.169780731201172,30.169780731201172,28.950000762939453,1031.055908203125,1.1251650230631152,359.26064237435156,165.46167415301738,165.4559094733579,-42.17380142211914,-10.453922271728516,43.149879455566406,1.1258310732288972,359.263252413749,165.4508551333721,-0.00028600171208381653,-0.002119357232004404,0.0004936549812555313,0.019153228029608727,0.010925665497779846,0.9886780977249146,1.1232208737488945,359.256664536212,165.45138788812736
2023-05-17 14:47:39.412511,0.9592811000184156,35.687007904052734,30.11480140686035,30.11480140686035,28.952083587646484,1031.056640625,1.1246711150087587,359.24326349161703,165.45138788812736,165.44980328423992,-42.19521713256836,-10.256189346313477,43.156150817871094,1.1211180292581768,359.24543164979167,165.44763128408385,-0.0021177083253860474,-0.0008915560320019722,0.0001884177327156067,0.01624387688934803,0.026707183569669724,0.9855100512504578,1.11626752773041,359.239221620454,165.44779520862392
2023-05-17 14:47:39.671653,0.9618435999764188,35.30033874511719,30.298065185546875,30.298065185546875,28.952083587646484,1031.067138671875,1.132146543611926,359.23674012735114,165.44780886900227,165.4543385298488,-41.87615966796875,-9.876502990722656,43.475887298583984,1.1321869911384173,359.2361425925204,165.4599666057249,0.0006306879222393036,0.0030785403214395046,0.00018830690532922745,0.006061147898435593,0.02694997750222683,0.9862411618232727,1.1330193137218068,359.2423708712699,165.46023981329168
2023-05-17 14:47:39.946177,0.9618435999764188,35.83161544799805,30.316390991210938,30.316390991210938,28.964584350585938,1031.06787109375,1.1499633055053158,359.25091565136495,165.46021249253502,165.46820381386394,-42.14202880859375,-9.967742919921875,43.00741958618164,1.149071538931806,359.25491760861007,165.47383188974,-0.0002854950726032257,0.0012454683892428875,0.0011043129488825798,0.009697836823761463,0.02913510985672474,0.9869722723960876,1.1622103682956777,359.26506326765275,165.4748837388722
2023-05-17 14:47:40.204774,0.9628071999723034,32.6345329284668,30.243085861206055,30.243085861206055,28.962499618530273,1031.076171875,1.1585730791192344,359.27277150965705,165.47489739925055,165.47489739925055,-42.19031524658203,-10.210119247436523,42.2454833984375,1.1595697531295273,359.2734449769814,165.47511596530398,-0.00028581544756889343,0.0006345121655613184,0.0011038435623049736,0.014061863534152508,0.013353591784834862,0.9886780977249146,1.1521364796001434,359.2754837350878,165.476522984273
2023-05-17 14:47:40.479608,0.9628071999723034,34.869659423828125,30.078147888183594,30.078147888183594,28.964584350585938,1031.07763671875,1.141152041310882,359.2710517960901,165.47650932389467,165.47064902158678,-42.10514450073242,-10.451330184936523,42.52444076538086,1.140240317778391,359.27135947476785,165.46558102122265,-0.0021179337054491043,0.0003292451146990061,0.001714162528514862,0.01769855059683323,0.017966650426387787,0.9898965954780579,1.1423251263008318,359.27133210065034,165.46726124775847
2023-05-17 14:47:40.738440,0.9623331999828224,35.36949920654297,30.151453018188477,30.151453018188477,28.952083587646484,1031.081298828125,1.142623413468491,359.25983651875123,165.46726124775847,165.46726124775847,-42.13944625854492,-10.201746940612793,42.38042449951172,1.1420306811145808,359.2589414438048,165.46518487025077,-0.0002849884331226349,0.0018563942285254598,0.0007980111986398697,0.010182728059589863,0.025007635354995728,0.9842915534973145,1.1424173338546268,359.2619778897777,165.46619573824793
2023-05-17 14:47:41.010684,0.9623331999828224,33.665645599365234,30.261411666870117,30.11480140686035,28.96875,1031.07080078125,1.1459736212563822,359.2638294580122,165.4661820778696,165.46230253042103,-42.01276397705078,-10.238588333129883,42.389827728271484,1.1444910433196662,359.2629342763441,165.46253475685282,-0.0002849996089935303,0.0766812115907669,0.00018683075904846191,0.014546754769980907,0.020394576713442802,0.9859974384307861,1.1430662018257782,359.33969370314486,165.46425596452366
2023-05-17 14:47:41.270086,0.9628435999966314,36.57979965209961,30.096473693847656,30.096473693847656,28.96666717529297,1031.07666015625,1.1481957806141636,359.33560973026886,165.46425596452366,165.46537611554754,-42.113182067871094,-10.119524002075195,43.10719680786133,1.1465989037305557,359.3343454515813,165.46562200235766,0.0015474576503038406,0.0003230469301342964,-0.002256740815937519,0.005576256196945906,0.03204862028360367,0.9850226640701294,1.144452623505585,359.3359546014611,165.46293090782467
2023-05-17 14:47:41.545074,0.963395800023136,34.06488800048828,30.133127212524414,30.133127212524414,28.975000381469727,1031.0673828125,1.1547636478313654,359.3452181522446,165.46288992668966,165.46401007771354,-41.843833923339844,-10.040714263916016,42.66702651977539,1.1550844532789446,359.3458376183858,165.465676643871,0.0018520057201385498,0.002460012910887599,0.0004918128252029419,0.013819416984915733,0.019423406571149826,0.9859974384307861,1.159468794395858,359.3506103731509,165.46622305900462
2023-05-17 14:47:41.803807,0.9632343000030232,35.85361862182617,30.188106536865234,30.188106536865234,28.977083206176758,1031.06298828125,1.1554218005909196,359.3439422408911,165.4662093986263,165.4721926443392,-41.79515838623047,-10.008570671081543,42.353824615478516,1.1541254520307924,359.34360302594934,165.47573068232927,0.0006302632391452789,0.0006204538512974977,-0.0007300255820155144,0.013819416984915733,0.020880160853266716,0.9872159361839294,1.1517322177786433,359.3388542302072,165.47496570114222
2023-05-17 14:47:42.078061,0.9637395000263496,35.482669830322266,30.151453018188477,30.151453018188477,28.977083206176758,1031.080322265625,1.1549588418312398,359.3327295782341,165.47496570114222,165.47496570114222,-41.73859405517578,-10.016096115112305,42.62226867675781,1.1537606772404314,359.33274788100664,165.4763180785979,0.0021573901176452637,-0.0002956697717308998,0.0004915697500109673,0.011637403629720211,0.02136574685573578,0.9862411618232727,1.1564841084502682,359.33079412673885,165.47678253146145
2023-05-17 14:47:42.336685,0.9636457999713457,36.39118194580078,30.133127212524414,30.133127212524414,28.981250762939453,1031.072021484375,1.1576602883696856,359.3289859942387,165.47678253146145,165.48172758842054,-41.92011642456055,-10.058045387268066,42.68517303466797,1.1567172953774008,359.32901838427637,165.48220570166245,-0.0018130149692296982,-0.0002959060948342085,-0.00042463280260562897,0.013334525749087334,0.01845223642885685,0.987459659576416,1.1541323889416681,359.32560387666075,165.48165928652884
2023-05-17 14:47:42.612570,0.9630624000019452,35.27204513549805,30.27973747253418,30.27973747253418,28.985416412353516,1031.0830078125,1.1525193970804875,359.32369094344546,165.48165928652884,165.48029324869484,-41.97540283203125,-10.11064338684082,42.608299255371094,1.153448836416138,359.32369073000206,165.48078502231508,0.0003250259906053543,0.0009258701466023922,0.00018630363047122955,0.014061863534152508,0.017481066286563873,0.9855100512504578,1.1523063805557476,359.3239758903999,165.48097626761185
2023-05-17 14:47:42.871234,0.9626041000283294,35.086570739746094,30.151453018188477,30.151453018188477,28.983333587646484,1031.078369140625,1.150267995975322,359.3207687964195,165.48097626761185,165.47861302215904,-41.94985580444336,-10.235701560974121,42.945556640625,1.152564967248856,359.3207549225977,165.4774109088651,1.9760802388191223e-05,0.0009253770112991333,-0.0013411222025752068,0.014304309152066708,0.02063736878335476,0.9881907105445862,1.1534778647201105,359.31896973526426,165.47612683330115
2023-05-17 14:47:43.139290,0.9621093000314431,34.92938995361328,30.11480140686035,30.11480140686035,28.985416412353516,1031.082275390625,1.1535189525768363,359.3160106625281,165.47612683330115,165.47724698432503,-41.841827392578125,-10.066407203674316,42.8000602722168,1.153259938996905,359.31485849499245,165.47640004086793,2.041459083557129e-05,0.0024525607004761696,-0.00011896155774593353,0.013819416984915733,0.01918061450123787,0.9881907105445862,1.1537789266521201,359.3160325938386,165.47633173897623
2023-05-17 14:47:43.407053,0.9617655999827548,35.76559829711914,30.316390991210938,30.316390991210938,28.983333587646484,1031.063232421875,1.1524491741980831,359.3123061920378,165.47633173897623,165.47929604107603,-41.881675720214844,-9.918672561645508,43.266746520996094,1.1515108769608526,359.3123378350236,165.48313460738956,-0.00028451718389987946,-0.0002964918967336416,-0.0004241969436407089,0.011879850178956985,0.01918061450123787,0.9859974384307861,1.1504791982310634,359.30927428173743,165.48268381490436
2023-05-17 14:47:43.678040,0.9617655999827548,35.973079681396484,30.151453018188477,30.151453018188477,28.993749618530273,1031.07177734375,1.1498302235382065,359.3080670991625,165.482670154526,165.48715075862154,-41.948387145996094,-10.07272720336914,42.58475875854492,1.149257661586689,359.3089686307721,165.48842117380715,-0.0005898810923099518,0.0018410434713587165,0.000492120161652565,0.01284963358193636,0.01918061450123787,0.9864848256111145,1.1499485779099181,359.30880043736374,165.4889539285624
2023-05-17 14:47:43.936468,0.9632706999818765,35.378929138183594,30.188106536865234,30.188106536865234,28.99791717529297,1031.076171875,1.148576456938686,359.30672309936074,165.4889539285624,165.49432245725006,-42.135135650634766,-9.995221138000488,42.69574737548828,1.1466451142291592,359.3076864761988,165.4998002689644,-0.000589737668633461,-0.0006023971363902092,-0.0007294630631804466,0.01309207919985056,0.019423406571149826,0.9864848256111145,1.1459441660655865,359.3052947894114,165.49900796702067
2023-05-17 14:47:44.211716,0.9622707000071387,37.15822982788086,30.22475814819336,30.22475814819336,28.991666793823242,1031.07763671875,1.144115596358727,359.3038209092937,165.49900796702067,165.50413060889818,-41.98936080932617,-9.954538345336914,42.656410217285156,1.144442911830359,359.30352646410745,165.50862487337207,0.00032605603337287903,0.0033677343744784594,-0.0019513033330440521,0.011152512393891811,0.02330808714032173,0.9833167791366577,1.137406216159659,359.30130088965507,165.50676706191783
2023-05-17 14:47:44.470321,0.9608644000090862,35.998226165771484,30.096473693847656,30.096473693847656,29.00208282470703,1031.076904296875,1.1401191886423292,359.3026861373961,165.50676706191783,165.50814676013016,-42.07330322265625,-10.124204635620117,43.0785026550293,1.1391833460043317,359.3033886863853,165.50639823170263,-0.0002846401184797287,0.00031930417753756046,0.0007974039763212204,0.011152512393891811,0.022579709067940712,0.9864848256111145,1.1378093040423956,359.3017684374481,165.50739543932147
2023-05-17 14:47:44.745229,0.9637550999977975,36.26229476928711,30.261411666870117,30.261411666870117,28.989582061767578,1031.0849609375,1.1397992369683965,359.30570497428755,165.50739543932147,165.51085151504148,-42.067344665527344,-10.005484580993652,43.03757858276367,1.1392293430595235,359.30727527746643,165.51277762838743,0.0015475358814001083,0.0015405387384817004,-0.0013403501361608505,0.011152512393891811,-0.0004824517818633467,0.9859974384307861,1.144746535083307,359.31303734244415,165.51147989244512
2023-05-17 14:47:45.012966,0.9637760000041453,35.61470413208008,30.206432342529297,30.22475814819336,28.995834350585938,1031.0849609375,1.1334060731835587,359.3910578462812,165.5110974018516,165.5090073639656,-42.098533630371094,-10.242319107055664,43.44169616699219,1.1340467235833647,359.39358090748846,165.50801015634676,0.00429716520011425,0.007649262435734272,-0.00042366888374090195,0.015031646937131882,0.01845223642885685,0.9886780977249146,1.15724983668925,359.4095947662452,165.5076413261316
2023-05-17 14:47:45.286288,0.9632343000030232,35.17459487915039,30.151453018188477,30.151453018188477,28.993749618530273,1031.06884765625,1.1571621114470978,359.40213193080336,165.50762766575323,165.50316072203606,-41.722084045410156,-10.189315795898438,43.589141845703125,1.155589140225585,359.40492499792623,165.499663665181,0.002464892342686653,0.0027619986794888973,0.002019837498664856,0.015516539104282856,0.015781516209244728,0.9879470467567444,1.1636418265353243,359.40971664243324,165.50202691063382
2023-05-17 14:47:45.561936,0.9632343000030232,36.8061408996582,30.169780731201172,30.169780731201172,28.989582061767578,1031.0791015625,1.1547006820249544,359.39549218651734,165.50199958987716,165.499622684046,-41.97688674926758,-10.226242065429688,43.16912078857422,1.1550528636540331,359.3968085453973,165.49592072151583,0.0006322041153907776,0.0015400293050333858,0.001714576967060566,0.01260718796402216,0.01845223642885685,0.9864848256111145,1.1556531732490538,359.3982801843592,165.49762826880834
2023-05-17 14:47:45.830398,0.9632447000294633,34.12147521972656,30.151453018188477,30.151453018188477,28.991666793823242,1031.083740234375,1.1551871195599062,359.39386516075183,165.49762826880834,165.48982819277617,-41.80195999145508,-10.414941787719727,43.02863311767578,1.1561776037112639,359.39581485959474,165.48198713560902,0.0003268606960773468,0.0003179321065545082,-0.00011835992336273193,0.00872805342078209,0.021608538925647736,0.9859974384307861,1.1633112026908132,359.395361719232,165.48183687144726
2023-05-17 14:47:46.105112,0.9625676000050589,34.83193588256836,30.188106536865234,30.188106536865234,28.991666793823242,1031.082275390625,1.1601779601307758,359.3975229938566,165.48183687144726,165.4787769466991,-41.79901885986328,-10.293527603149414,42.99605178833008,1.161688712597818,359.3966288260447,165.4736952859566,0.0009378176182508469,0.0012341197580099106,-0.0007290514186024666,0.012364741414785385,0.01626710407435894,0.9859974384307861,1.158576174048702,359.39389904489343,165.47299860666126
2023-05-17 14:47:46.369169,0.9625676000050589,35.87562561035156,30.27973747253418,30.27973747253418,29.004165649414062,1031.083984375,1.15947658508038,359.38105956991427,165.47302592741795,165.4673705307852,-41.66578674316406,-10.201218605041504,42.77703094482422,1.1591785113561324,359.37977351999876,165.4631767946348,0.0006328318268060684,-0.0005988937336951494,-0.0010344143956899643,0.010910065844655037,0.02403646521270275,0.9857537150382996,1.1581920826295946,359.37012369000115,165.46190637944918
2023-05-17 14:47:46.644105,0.9633123999956297,33.34185028076172,30.151453018188477,30.151453018188477,29.006250381469727,1031.103515625,1.1677768657475323,359.3719155474412,165.46190637944918,165.46384615317345,-41.8300666809082,-9.994715690612793,43.20817947387695,1.1686864548459075,359.3704173881354,165.46683777602993,0.0009380728006362915,0.08033376932144165,-0.0004234546795487404,0.00872805342078209,0.025736013427376747,0.9859974384307861,1.1740914823569149,359.44934924197906,165.46801256856716
2023-05-17 14:47:46.903600,0.9633123999956297,35.495243072509766,30.151453018188477,30.151453018188477,29.006250381469727,1031.088134765625,1.1794776201259989,359.4489757160088,165.46801256856716,165.47314887082302,-42.18021011352539,-9.980066299438477,43.020294189453125,1.1810208159915985,359.4499391462078,165.47439196525195,0.0021592769771814346,0.0009205085225403309,-0.00042320508509874344,0.01284963358193636,0.01699548028409481,0.988434374332428,1.1868498488396755,359.44918873253357,165.4739958142801
2023-05-17 14:47:47.162780,0.9618175999785308,35.30662536621094,30.133127212524414,30.133127212524414,29.016666412353516,1031.080810546875,1.181160728147878,359.43925315516873,165.47398215390174,165.4830116639845,-42.37587356567383,-9.824373245239258,42.547935485839844,1.1798659804133376,359.43794090507447,165.49241000428245,-0.00028383731842041016,0.0006148938555270433,-0.00011757481843233109,0.012122295796871185,0.018695026636123657,0.9872159361839294,1.1745251993692107,359.4315989677084,165.49227340049904
