2023-05-22 10:13:42.352736,0.9487924000277417,49.393280029296875,31.25103759765625,31.25103759765625,30.21666717529297,1018.2724609375,359.8326178100545,358.05210390013275,137.49889335136353,137.49889335136353,-9.053852081298828,-8.85854721069336,18.701473236083984,359.842754010886,358.0536848754822,137.12070577701994,-0.004225531592965126,-0.0017685957718640566,-0.3482735753059387,0.028123727068305016,-0.0014473553746938705,0.9879470467567444,359.856094557614,358.06086447151694,136.67107442395798
2023-05-22 10:13:43.006718,0.9501831000088714,48.896583557128906,31.287691116333008,31.287691116333008,30.21875,1018.25634765625,359.86211112717956,358.080612896285,136.67103344282296,136.70461065278275,-16.026155471801758,-15.252513885498047,34.01586151123047,359.8672134252319,358.08430653452206,136.56721456743878,0.0012710262089967728,-0.07590503990650177,-0.12698401510715485,0.02545681968331337,0.002185133285820484,0.9872159361839294,359.87937651138003,358.016588623996,136.4319358407375
2023-05-22 10:13:43.288465,0.9494799999411043,49.195228576660156,31.287691116333008,31.287691116333008,30.22083282470703,1018.26318359375,359.8897150632358,358.0355208411582,136.43188119922414,136.46442022043007,-17.002931594848633,-16.32157325744629,37.06503677368164,359.89185312588944,358.03259538575935,136.44311003021963,0.0007116440683603287,-0.00020043557742610574,-0.0513932928442955,0.02569926716387272,0.0033990959636867046,0.9901403188705444,359.8999710191614,358.04349978276923,136.38833191307614
2023-05-22 10:13:43.570295,0.9494644000151311,48.99089050292969,31.25103759765625,31.25103759765625,30.235416412353516,1018.265625,359.91397613529153,358.063708604976,136.38827727156277,136.4367442939132,-17.342260360717773,-16.262027740478516,37.794944763183594,359.91462356918976,358.1611638784879,136.50352988361757,-8.104369044303894e-06,-0.0029189656488597393,0.01697693020105362,0.026669051498174667,0.006312606856226921,0.9898965954780579,359.9196914561621,358.16561929626084,136.5216298849181
2023-05-22 10:13:43.851851,0.950724700011051,48.10438537597656,31.379323959350586,31.379323959350586,30.235416412353516,1018.2509765625,359.93759805105134,358.1778607028008,136.52158890378308,136.59181690882914,-17.651073455810547,-15.709822654724121,38.04802703857422,359.9358812723313,358.176587085964,136.70726076618072,0.0014473795890808105,0.07565978914499283,0.03949345275759697,0.02448703721165657,0.008497740142047405,0.9877033233642578,359.9433901715294,358.28007757865953,136.75783148679548
2023-05-22 10:13:44.129757,0.9493133000214584,50.914798736572266,31.39764976501465,31.39764976501465,30.233333587646484,1018.249267578125,359.9600259910473,358.29145891497257,136.75779050566047,136.8077328488716,-17.414033889770508,-16.041269302368164,38.60102844238281,359.9589711136867,358.288020448334,136.90334183687344,0.0006377846002578735,-0.002293097786605358,0.04410058259963989,0.027396388351917267,0.008497740142047405,0.9911150336265564,359.96950535980034,358.2920535683172,136.95048380252487
2023-05-22 10:13:44.411878,0.9448133000441885,48.03522491455078,31.342670440673828,31.342670440673828,30.229167938232422,1018.250732421875,359.99163222369026,358.3021749481718,136.9504291610115,136.98613738999234,-17.569181442260742,-16.443822860717773,38.520912170410156,359.99123591513717,358.29716660524116,137.06378298047704,0.0011295340955257416,-0.004628677852451801,0.03755226731300354,0.022062579169869423,0.004613059107214212,0.9867285490036011,0.0004303601508681328,358.2997940936375,137.11208607828738
2023-05-22 10:13:44.689981,0.9476310000318335,48.487911224365234,31.269365310668945,31.269365310668945,30.227083206176758,1018.23876953125,0.013562943923937018,358.31332373788797,137.1120587575307,137.13810909902512,-17.629032135009766,-16.529354095458984,38.5785026550293,0.01229444556020208,358.30945657015724,137.20703936812887,-0.0018894486129283905,-0.0056324368342757225,0.038495905697345734,0.027396388351917267,0.006069814320653677,0.9898965954780579,0.017319417066601783,358.30982401299025,137.24811612579734
2023-05-22 10:13:44.971221,0.9494278000383929,49.446720123291016,31.214385986328125,31.214385986328125,30.235416412353516,1018.24462890625,0.03278989058569987,358.31790540743884,137.248102465419,137.27232231621588,-17.620155334472656,-16.69921112060547,38.917076110839844,0.03195129143198908,358.3122462755464,137.34127990607632,0.0004546232521533966,0.07108448445796967,0.03627829998731613,0.022789916023612022,0.011168458499014378,0.9891654849052429,0.038864630151018806,358.39553957870106,137.37992511640024
2023-05-22 10:13:45.249315,0.9501309999686782,49.00661087036133,31.36099624633789,31.36099624633789,30.235416412353516,1018.25244140625,0.05674012233312148,358.4061971284055,137.37988413526523,137.38917319253645,-17.624610900878906,-16.931882858276367,38.23794937133789,0.05633396620134373,358.39728768024173,137.42224496849764,0.0002904478460550308,-0.00875889789313078,0.024082612246274948,0.026911497116088867,0.010925665497779846,0.9898965954780579,0.06095723053707545,358.39182705072204,137.44795380053358
2023-05-22 10:13:45.530867,0.9499746999390482,48.72053909301758,31.287691116333008,31.287691116333008,30.237499237060547,1018.255859375,0.0779561706588488,358.40166988692454,137.4479264797769,137.4599749334728,-17.609588623046875,-16.702983856201172,38.62548828125,0.07649645117748997,358.48939630301567,137.4970765210443,0.0002863500267267227,-0.008964699693024158,0.01713654026389122,0.023274807259440422,0.012139628641307354,0.9867285490036011,0.08489884450675521,358.4807795924909,137.5152994657499
2023-05-22 10:13:45.812127,0.9499746999390482,50.7639045715332,31.19605827331543,31.19605827331543,30.237499237060547,1018.251220703125,0.10915508073518528,358.49475757462733,137.5152311638582,137.5165972016922,-17.536792755126953,-16.9703311920166,38.33536148071289,0.10823929510776806,358.5429030444782,137.52355033426727,-0.0012452173978090286,-0.009228547103703022,0.011512693017721176,0.020607901737093925,0.011896836571395397,0.9857537150382996,0.11175434791045198,358.5352873835536,137.5341098067241
2023-05-22 10:13:46.042954,0.9559537999630265,51.235450744628906,31.39764976501465,31.39764976501465,30.241666793823242,1018.257568359375,0.1298827171744038,358.5402412984143,137.53409614634577,137.5421967507014,-17.71963119506836,-16.745193481445312,38.94660568237305,0.1290861597026643,358.53195809322006,137.55990060103008,0.002073630690574646,-0.010984612628817558,0.00890365056693554,0.027153942734003067,0.005827021785080433,0.990384042263031,0.13379609540370377,358.51975734765,137.56801486576407
2023-05-22 10:13:46.270083,0.9569849999716098,49.691925048828125,31.324344635009766,31.324344635009766,30.237499237060547,1018.248779296875,0.13919273192059398,358.51973973856855,137.56801486576407,137.57634769655147,-17.863264083862305,-17.03010368347168,38.483272552490234,0.13758415566998985,358.51396193213924,137.60614098171106,0.0011061374098062515,-0.008258252404630184,0.03058536723256111,0.02521437592804432,0.0048558516427874565,0.9891654849052429,0.1419169902236506,358.5064641986996,137.63810626702673
2023-05-22 10:13:46.505879,0.9542194999776257,50.22319793701172,31.45262908935547,31.45262908935547,30.245834350585938,1018.24658203125,0.14774706360835893,358.5071779534679,137.6380926066484,137.64817396586332,-17.988189697265625,-16.826351165771484,38.37227249145508,0.15152566566347014,358.5005813781118,137.70233736598152,-0.005322588607668877,-0.007117814384400845,0.04122471064329147,0.028123727068305016,0.0036418887320905924,0.9911150336265564,0.1403883085100371,358.49799593806756,137.74264914246294
2023-05-22 10:13:46.766195,0.9505425000279502,48.547637939453125,31.324344635009766,31.324344635009766,30.239582061767578,1018.246337890625,0.14575931847732654,358.49375641830534,137.74264914246294,137.7544380489704,-17.70917320251465,-16.56473159790039,38.18842697143555,0.14280772960074223,358.4877427569063,137.81066416621792,0.0007736515253782272,-0.005154625046998262,0.04207442328333855,0.02448703721165657,0.005098644178360701,0.9862411618232727,0.14443450190218207,358.4859579430988,137.85169994275137
2023-05-22 10:13:47.034406,0.9505425000279502,49.933982849121094,31.324344635009766,31.324344635009766,30.241666793823242,1018.252197265625,0.14705524015063068,358.49264982093814,137.8517136031297,137.85883066024485,-17.938688278198242,-16.82948112487793,38.35235595703125,0.1466107709264774,358.48618568721895,137.97330463073428,0.002752389758825302,0.07246183604001999,0.11678726971149445,0.023274807259440422,0.005584229249507189,0.9864848256111145,0.14423327812593115,358.55831184452404,138.08772395971033
2023-05-22 10:13:47.298468,0.9515579999751935,50.71989440917969,31.287691116333008,31.287691116333008,30.25208282470703,1018.256591796875,0.1403569590089638,358.5646426828327,138.08775128046702,138.05855905195438,-18.00031852722168,-17.655763626098633,38.89158630371094,0.13654922192817426,358.46166445432493,138.33796843052124,0.0032810643315315247,-0.00750629510730505,0.25569820404052734,0.02642660401761532,-0.002894710749387741,0.9872159361839294,0.1270635966151207,358.4537766530506,138.5872566748484
2023-05-22 10:13:47.574609,0.9505320000025677,50.12260437011719,31.324344635009766,31.324344635009766,30.25208282470703,1018.256103515625,0.12026465022447547,358.45530842969373,138.5872566748484,138.54529199258783,-18.334774017333984,-18.430580139160156,38.76820755004883,0.11356414126720041,358.4487346927827,138.91427247193025,0.0045027956366539,-0.004757401533424854,0.3952809274196625,0.02618415839970112,0.0009711703169159591,0.9901403188705444,0.1743005979455471,358.4432316947458,139.34365914429227
2023-05-22 10:13:47.849081,0.9465529000190145,48.770835876464844,31.324344635009766,31.324344635009766,30.254165649414062,1018.251708984375,0.16416405026850603,358.4466912922821,139.34365914429227,139.27993347933605,-19.135478973388672,-19.34495735168457,39.13902282714844,0.1553954614161716,358.4392969721753,139.7665981180778,0.006640823557972908,-0.004146536346524954,0.5785405039787292,0.02424459159374237,-0.0012061294401064515,0.9847790002822876,0.1415636346558082,358.4321417086895,140.33335355502712
2023-05-22 10:13:48.108419,0.9449019000167027,49.364986419677734,31.342670440673828,31.342670440673828,30.245834350585938,1018.24365234375,0.1363001601473068,358.430382294648,140.33336721540547,140.2393564916694,-20.341856002807617,-20.865333557128906,39.6594352722168,0.12757955604193436,358.42215554523614,140.79813426766816,0.006946256384253502,-0.00750629510730505,0.6665050983428955,0.03224530443549156,0.006312606856226921,0.9877033233642578,0.12128745771247167,358.4069814262213,141.45248005053372
2023-05-22 10:13:48.366684,0.946750900016923,47.86232376098633,31.36099624633789,31.36099624633789,30.245834350585938,1018.243408203125,0.13542897752279962,358.39917259900926,141.45250737129038,141.3548629869159,-22.54877281188965,-22.23556900024414,39.825523376464844,0.1266766370501704,358.3913142529257,141.87970838311801,0.006946256384253502,-0.005368266720324755,0.6280205845832825,0.028608618304133415,0.012868006713688374,0.987459659576416,0.1253893331546081,358.38555181442206,142.49361944609709
2023-05-22 10:13:48.633057,0.9464956999872811,49.739078521728516,31.379323959350586,31.379323959350586,30.243749618530273,1018.242919921875,0.13983328893890745,358.3798717650753,142.49361944609709,142.3891585329309,-24.346555709838867,-23.498205184936523,39.8846549987793,0.12768557071641498,358.3711186642105,142.88294022878782,0.0054190922528505325,-0.00872802548110485,0.5608254075050354,0.02569926716387272,0.0026707183569669724,0.9852663278579712,0.11544940688025615,358.35703150576904,143.59132646836653
2023-05-22 10:13:48.907326,0.9464956999872811,50.044010162353516,31.41597557067871,31.41597557067871,30.241666793823242,1018.250732421875,0.1158896205763914,358.36438356408036,143.59132646836653,143.49750698992722,-26.324304580688477,-23.72190284729004,40.25783157348633,0.10621614505084268,358.3577178330589,143.99460815772076,0.0038919299840927124,-0.00750629510730505,0.6041968464851379,0.028366170823574066,0.0012139629106968641,0.9886780977249146,0.09034144472830416,358.35057452240414,144.58580201152037
2023-05-22 10:13:49.166268,0.9492455999643425,49.63848114013672,31.324344635009766,31.324344635009766,30.235416412353516,1018.259033203125,0.0925122042445385,358.35287800370173,144.58580201152037,144.50392170375028,-28.96347427368164,-24.653844833374023,40.01089096069336,0.08119501434675712,358.3464845197518,145.10799729432455,0.007862553000450134,-0.006284564733505249,0.6457356810569763,0.028366170823574066,0.005827021785080433,0.9881907105445862,0.07376176082769323,358.3430413573582,145.7536414161875
2023-05-22 10:13:49.434458,0.9481049000678468,51.0562629699707,31.379323959350586,31.379323959350586,30.237499237060547,1018.269775390625,0.09357778045612661,358.34428968115066,145.75362775580916,145.67368722176334,-30.731910705566406,-24.762956619262695,39.91574478149414,0.08409028084311528,358.3389555168523,146.19633329705272,0.0045027956366539,-0.005062834359705448,0.5415831208229065,0.02303236350417137,0.015053139999508858,0.9859974384307861,0.08345686750898254,358.336727381079,146.89271206407054
2023-05-22 10:13:49.708635,0.9481049000678468,50.27349853515625,31.36099624633789,31.36099624633789,30.227083206176758,1018.264892578125,0.1135661956600367,358.3460589135891,146.89264376217884,146.83087153132524,-32.57453536987305,-24.38766098022461,40.245365142822266,0.10500782188766528,358.33815755865817,147.15232755442273,0.004197362810373306,0.07312791794538498,0.3696245849132538,0.018910780549049377,0.01626710407435894,0.9857537150382996,0.10953248870746815,358.4117129330471,147.51311180676112
2023-05-22 10:13:49.974028,0.9460789000295335,48.9311637878418,31.287691116333008,31.287691116333008,30.21875,1018.27685546875,0.05267227443986279,358.42666069532396,147.5132074294095,147.47254048309125,-34.138729095458984,-24.04706573486328,40.41583251953125,0.042058453954353876,358.32057835928185,147.97271523601128,0.0035864971578121185,-0.009338891133666039,0.4255187511444092,0.019880564883351326,-0.06151260435581207,0.9869722723960876,0.03113789527610924,358.3198487029794,148.395340021095
2023-05-22 10:13:50.249285,0.948078999932477,46.6174430847168,31.324344635009766,31.324344635009766,30.214584350585938,1018.269287109375,359.9555097485721,358.34071557122405,148.3956815305535,148.3768438688226,-36.28068161010742,-23.635778427124023,40.814910888671875,359.9432523404464,358.33476028659805,148.91860081340968,0.005113659426569939,-0.005673699546605349,0.5754861831665039,0.019880564883351326,0.0012139629106968641,0.9859974384307861,359.93245647941126,358.33889116366373,149.49229572255572
2023-05-22 10:13:50.507711,0.9496675000045798,49.63219451904297,31.36099624633789,31.36099624633789,30.212499618530273,1018.273193359375,359.94042424859373,358.3479710463916,149.49228206217737,149.4968992700563,-37.32368850708008,-22.22320556640625,41.166011810302734,359.9287010626467,358.3433900171709,150.2031681509923,0.008473418653011322,-0.005673699546605349,0.6579529643058777,0.02424459159374237,0.0036418887320905924,0.9855100512504578,359.9187369438957,358.3404469526906,151.05080828736922
2023-05-22 10:13:50.782348,0.9496675000045798,49.77051544189453,31.25103759765625,31.25103759765625,30.204166412353516,1018.265625,359.9314231398249,358.34848853994293,151.05078096661256,151.0663264771635,-38.36007308959961,-20.804893493652344,41.368988037109375,359.9189331317415,358.3440334423351,151.78535415146908,0.009389717131853104,-0.008117159828543663,0.6967428922653198,0.030063293874263763,0.004613059107214212,0.9857537150382996,359.9138959606101,358.3386140073938,152.466310351341
2023-05-22 10:13:51.047721,0.9478601000191702,49.72964859008789,31.25103759765625,31.25103759765625,30.206249237060547,1018.276611328125,359.92710922836375,358.3380653511044,152.46632401171937,152.51682643044242,-40.30756759643555,-18.98493766784668,40.98759078979492,359.9123824934096,358.33183088249604,153.35918000040175,0.008167985826730728,-0.0068954299204051495,0.7410306334495544,0.022062579169869423,0.007283777464181185,0.987459659576416,359.9089403181918,358.33116259117446,154.25474074399548
2023-05-22 10:13:51.323130,0.9478601000191702,48.78969955444336,31.232711791992188,31.232711791992188,30.206249237060547,1018.2646484375,359.9219460188978,358.34483940465714,154.25469976286047,154.33179893821156,-41.56803894042969,-16.809005737304688,41.49591064453125,359.9065856705064,358.2651630068331,155.2472901738034,0.01061144657433033,-0.005673699546605349,0.8570950627326965,0.028366170823574066,0.0007283777231350541,0.9886780977249146,359.8953645901748,358.2666962775801,156.10350902777787
2023-05-22 10:13:51.582858,0.9486675000298419,51.175724029541016,31.177732467651367,31.177732467651367,30.197917938232422,1018.258544921875,359.90344720525286,358.2662881737772,156.1035226881562,156.22885665942593,-42.71441650390625,-13.635597229003906,41.98103332519531,359.88324022399553,358.26120533909597,157.38931945978945,0.009389717131853104,-0.006284564733505249,0.97285395860672,0.03151796758174896,0.006069814320653677,0.9872159361839294,359.86974475737134,358.253112098538,158.63951728546857
2023-05-22 10:13:51.857065,0.9504123000406253,50.13517761230469,31.214385986328125,31.214385986328125,30.1875,1018.2470703125,359.9018334663397,358.2501360570506,158.63953094584693,158.7809158616662,-42.74394226074219,-10.740398406982422,41.82694625854492,359.8819413274547,358.2430807918031,159.89385420578475,0.010916879400610924,-0.005979131907224655,0.9752975106239319,0.029335955157876015,0.015295932069420815,0.9833167791366577,359.88162260308036,358.23594612560646,160.84719834975678
2023-05-22 10:13:52.115963,0.9504123000406253,49.48444366455078,31.30601692199707,31.30601692199707,30.179166793823242,1018.24560546875,359.92825616653573,358.2366370419297,160.84718468937845,161.02168236229392,-42.14546203613281,-7.442295551300049,41.0902099609375,359.9104197478382,358.2273726373725,162.1191025166182,0.008778851479291916,-0.009644323959946632,0.8442668914794922,0.029335955157876015,0.018209444358944893,0.988434374332428,359.91688944442626,358.2143381818369,163.19850463191202
2023-05-22 10:13:52.390789,0.9489487000573718,50.40238571166992,31.30601692199707,31.30601692199707,30.179166793823242,1018.243896484375,359.96422828494445,358.2151979318987,163.19849097153366,163.3962112876272,-40.72792053222656,-4.865926265716553,41.41537094116211,359.95241908463765,358.1958262347521,164.33431044937177,0.002670198678970337,-0.02247249335050583,0.7685195803642273,0.03248775377869606,-0.028705881908535957,0.991358757019043,359.89813163721175,358.17816955541736,165.0863962392602
2023-05-22 10:13:52.649215,0.9507454999729816,49.355552673339844,31.342670440673828,31.342670440673828,30.179166793823242,1018.242431640625,359.8312291738993,358.18575469393403,165.08650552228693,165.30796757593544,-38.697994232177734,-2.3783905506134033,41.685123443603516,359.79839813542594,358.1829112008052,167.03316407725393,0.014887504279613495,-0.014225812628865242,1.445358157157898,0.05842946469783783,-0.017850715667009354,0.9886780977249146,359.74395789920294,358.2075071388932,168.4903712762978
2023-05-22 10:13:52.918990,0.9490944999706699,50.74190139770508,31.232711791992188,31.232711791992188,30.174999237060547,1018.23876953125,359.75441062327354,358.13063720176615,168.4906718046213,168.71147816010946,-34.97849655151367,-0.09131458401679993,41.00489044189453,359.71062836364183,358.1269202981972,170.97694262477597,0.02160702273249626,-0.004757401533424854,1.572723627090454,0.062066156417131424,0.017481066286563873,0.9859974384307861,359.703612558745,358.093136475015,172.67039240683226
2023-05-22 10:13:53.198846,0.9490944999706699,51.51837921142578,31.232711791992188,31.232711791992188,30.172916412353516,1018.242919921875,359.758086198862,358.095802169782,172.6703377653189,172.83673483387875,-29.386991500854492,0.3052179515361786,39.60009765625,359.72336853407376,358.02308520111376,174.45259366696368,0.017941828817129135,-0.005673699546605349,1.4902567863464355,0.060853924602270126,-0.05861789360642433,0.988434374332428,359.7022864881898,358.00034536693266,175.90566177137052
2023-05-22 10:13:53.464202,0.9473029000000679,48.459617614746094,31.25103759765625,31.25103759765625,30.15833282470703,1018.237060546875,359.62906758065884,357.9227548448481,175.9046235826167,175.9802610974854,-24.115528106689453,-0.7647356986999512,39.4406852722168,359.57879066490005,357.9281445044335,178.07327694598743,0.022523321211338043,-0.00750629510730505,1.8576922416687012,0.0809769406914711,-0.0065130991861224174,0.9840478897094727,359.5192709023687,357.8797423688802,180.44137547558822
2023-05-22 10:13:53.739853,0.9415790000057314,49.465579986572266,31.159406661987305,31.159406661987305,30.160415649414062,1018.22509765625,359.5362267936224,357.7625262908824,180.4418399284518,180.2319482152573,-20.138870239257812,-4.879363536834717,38.42522430419922,359.48385573119197,357.76889010619817,181.9022026748922,0.022828754037618637,-0.009338891133666039,1.952376365661621,0.09043233096599579,0.0048558516427874565,0.9833167791366577,359.4509596191585,357.7056209966993,183.81042092521037
2023-05-22 10:13:53.998224,0.9415790000057314,49.60390090942383,31.30601692199707,31.30601692199707,30.143749237060547,1018.233154296875,359.49294249746987,357.58363894076473,183.81152741585592,183.22048382621804,-17.711631774902344,-10.53350830078125,38.38467025756836,359.4389229048502,357.59287677161717,184.37611085264916,0.017941828817129135,-0.08264272660017014,1.8137099742889404,0.083643838763237,0.0033990959636867046,0.9784428477287292,359.40005277853135,357.4726934033119,186.1579706033221
2023-05-22 10:13:54.256475,0.9386571999821172,49.47187042236328,31.287691116333008,31.287691116333008,30.141666412353516,1018.237548828125,359.35693139306267,357.38164975643997,186.15719196175672,185.31007091975673,-18.728071212768555,-16.11903953552246,38.47848129272461,359.27749501235496,357.39891135201987,186.7624969863816,0.022523321211338043,-0.006284564733505249,1.8357011079788208,0.083643838763237,-0.0014473553746938705,0.9862411618232727,359.2303829287811,357.3770739565829,188.55443809626945
2023-05-22 10:13:54.531444,0.9320738999813329,50.73246765136719,31.214385986328125,31.214385986328125,30.12708282470703,1018.23291015625,359.2530242588278,357.28346834844194,188.55488888875468,187.55799545863462,-21.63534927368164,-21.12955665588379,38.80857849121094,359.18187599251274,357.2989483318656,188.63462451712542,0.023439615964889526,-0.011171486228704453,1.9276362657546997,0.0863107442855835,0.0019423406338319182,0.9872159361839294,359.12981581041123,357.26736425648295,190.7388965173796
2023-05-22 10:13:54.806326,0.9363863999860769,51.06884002685547,30.994468688964844,30.994468688964844,30.118749618530273,1018.231689453125,359.1760347933902,357.1975543870801,190.73955221553993,189.7435193892553,-27.232540130615234,-23.75337791442871,39.62431335449219,359.1081229161639,357.13788094529247,190.62111673533192,0.021301589906215668,-0.01056062150746584,1.7321594953536987,0.07515823841094971,0.009226118214428425,0.9842915534973145,359.06793402972664,357.1271727027777,192.31455285700986
2023-05-22 10:13:55.074603,0.9385269999947923,49.383846282958984,31.159406661987305,31.159406661987305,30.108333587646484,1018.236328125,359.12011950311074,357.08675356426033,192.31503097025177,191.37568871407825,-33.3335075378418,-23.607410430908203,39.81087875366211,359.0577461622494,357.0986632797387,192.18845390455309,0.017025534063577652,-0.013614947907626629,1.6020451784133911,0.047034505754709244,-0.0036183884367346764,0.9764932990074158,359.06997486890634,357.10398164922464,193.94381252124634
2023-05-22 10:13:55.349425,0.9413393999930122,49.68878173828125,31.141080856323242,31.141080856323242,30.108333587646484,1018.239990234375,359.08425412641816,357.0981168646051,193.94379886086801,193.10652695165118,-38.035789489746094,-21.142349243164062,40.6651611328125,359.00825717284437,357.1217136740836,194.19747208664228,0.022828754037618637,-0.00445196870714426,1.8189022541046143,0.07224888354539871,-0.005548195447772741,0.9852663278579712,358.9459074708408,357.133848999248,196.37148031832234
2023-05-22 10:13:55.621611,0.9391988999377645,49.453006744384766,31.141080856323242,31.141080856323242,30.09375,1018.239990234375,358.99173942755374,357.07991505079724,196.3720130730776,195.62279596264054,-41.62797927856445,-16.468170166015625,41.50304412841797,358.9179921675378,357.11170445874177,196.8125875953001,0.020996157079935074,-0.007200862281024456,1.7535396814346313,0.07127910107374191,0.018209444358944893,0.984535276889801,358.8745435199584,357.12368930630106,199.1116019491697
2023-05-22 10:13:55.892607,0.9402614000246103,49.88368606567383,31.159406661987305,31.159406661987305,30.083332061767578,1018.24072265625,358.9593807660306,357.0804256074377,199.11239425111341,198.45855390224645,-42.51410675048828,-10.67129898071289,41.30638885498047,358.8977344667898,357.1025327953469,199.39953540382075,0.023134183138608932,-0.00872802548110485,1.590744137763977,0.06303593516349792,-0.003377162618562579,0.9867285490036011,358.85742130292624,357.12081358321706,201.2978498798424
2023-05-22 10:13:56.164140,0.9406623999675503,49.927696228027344,31.19605827331543,31.19605827331543,30.077083587646484,1018.239013671875,358.8929114994622,357.0897387838144,201.2980821062742,200.73180478256677,-40.52467727661133,-5.297178268432617,40.41890335083008,358.7989843388217,357.12515075334,202.51600045793583,0.017941828817129135,-0.009644323959946632,1.811266541481018,0.07564312219619751,-0.0012061294401064515,0.9855100512504578,358.7431461549747,357.124254077568,204.4898158450428
2023-05-22 10:13:56.438977,0.9358811000092828,51.91447830200195,31.25103759765625,31.25103759765625,30.072917938232422,1018.23388671875,358.80465243533746,357.06085754235244,204.4906627884999,203.9797509782046,-35.55726623535156,-1.112402081489563,40.566131591796875,358.7367984546365,357.0908459147902,205.24698329567374,0.021912455558776855,-0.006589997559785843,1.7892752885818481,0.07588557153940201,0.011411250568926334,0.9867285490036011,358.7196509445601,357.09166596437746,206.99678213838263
2023-05-22 10:13:56.708838,0.9322771000151988,48.29928970336914,31.159406661987305,31.159406661987305,30.056249618530273,1018.2333984375,358.7952126870177,357.0294711155689,206.99777934600144,206.49468127211665,-29.719444274902344,0.2206066995859146,39.928043365478516,358.7016355735722,357.06619192009424,208.23999951073,0.020079858601093292,-0.0029248057398945093,1.7349083423614502,0.07249132543802261,-0.004100840073078871,0.9877033233642578,358.6630917488688,357.0817634707414,209.96642544609912
2023-05-22 10:13:56.983029,0.9322771000151988,47.601402282714844,31.214385986328125,31.214385986328125,30.056249618530273,1018.2255859375,358.68955446303437,357.0287022924005,209.96671231404426,209.35710427024227,-24.309513092041016,-1.536871314048767,38.72869110107422,358.61244109369636,357.0681124839115,210.66467568494951,0.024355914443731308,-0.0068954299204051495,1.9890283346176147,0.09770569950342178,0.0009711703169159591,0.9830730557441711,358.5638479262897,357.06046587369224,212.61029605116266
2023-05-22 10:13:57.241940,0.9345739000091271,50.44639587402344,31.122753143310547,31.122753143310547,30.047916412353516,1018.233154296875,358.63136882854695,356.9556514982365,212.6118123531584,211.7508260271433,-19.9974308013916,-5.929607391357422,38.63886260986328,358.54377517425786,356.99908744593296,212.9721867941466,0.02221788838505745,-0.010255188681185246,1.9966641664505005,0.09867548942565918,0.0033990959636867046,0.9855100512504578,358.4769678133255,356.99525933834656,215.4137062148594
2023-05-22 10:13:57.513607,0.9362458000177867,48.59164810180664,31.122753143310547,31.122753143310547,30.037500381469727,1018.244873046875,358.5382477369503,356.8805023418934,215.4152088564768,214.18327495663826,-17.660797119140625,-11.613592147827148,38.25325012207031,358.4234387670264,356.94310059874977,215.6022740774651,0.02069072425365448,-0.009949756786227226,2.09134840965271,0.10352440178394318,-0.02267523482441902,0.9972074627876282,358.3176013572991,356.94417848797815,217.8362786908145
2023-05-22 10:13:57.784632,0.9360998999691219,50.336368560791016,31.104427337646484,31.104427337646484,30.03333282470703,1018.2705078125,358.4277128646213,356.8062803837302,217.84003529485804,216.3174222043221,-19.461414337158203,-18.568401336669922,38.34270095825195,358.33455516747955,356.85780135441325,216.99074225270195,0.027410242706537247,-0.00750629510730505,2.2242114543914795,0.10958555340766907,0.0019423406338319182,0.9857537150382996,358.2759558796605,356.8529649401506,219.21656429942573
2023-05-22 10:13:58.050516,0.9322613999538589,50.28607177734375,31.159406661987305,31.159406661987305,30.022916793823242,1018.28515625,358.28655579964385,356.74071462312287,219.21702875228928,217.64954131890636,-24.805524826049805,-22.873794555664062,39.1306037902832,358.18545224461985,356.88624845197614,218.37183382363523,0.024966780096292496,0.0025729816406965256,2.114255666732788,0.09164455533027649,-0.012543746270239353,0.9935520887374878,358.059071119973,356.9345011771413,220.61198560723767
2023-05-22 10:13:58.322155,0.9275374999342603,49.4278564453125,31.086101531982422,31.086101531982422,30.012500762939453,1018.2861328125,358.1247660138443,356.83243637971333,220.61347458847672,219.11281372593322,-31.657939910888672,-23.6876163482666,40.226497650146484,358.035804934339,356.8950088099169,219.75124516803265,0.027104809880256653,-0.005979131907224655,2.116393804550171,0.09819059818983078,0.014324761927127838,0.9918461441993713,358.0137639138874,356.91489832077997,221.82154380735523
2023-05-22 10:13:58.592091,0.9275374999342603,49.32097625732422,31.159406661987305,31.159406661987305,30.004165649414062,1018.28076171875,358.1248842614943,356.8315108890808,221.8235518829712,220.44296574603652,-37.8763542175293,-21.086153030395508,40.59016799926758,358.021857261167,356.9070474452159,221.54046786263086,0.02374504879117012,-0.00384110352024436,1.8732693195343018,0.0853409618139267,0.011168458499014378,0.9918461441993713,358.0006444011522,356.94841192460314,223.52900913758836
2023-05-22 10:13:58.867024,0.9256260999572987,49.28010559082031,31.067773818969727,31.067773818969727,29.991666793823242,1018.273193359375,358.08336652973753,356.87870514836806,223.53026589239565,222.26751417902204,-41.615848541259766,-16.031158447265625,41.239959716796875,358.0039216112934,356.94022060679754,222.89617845060835,0.022523321211338043,-0.004757401533424854,1.8940386772155762,0.0792798176407814,0.0009711703169159591,0.9864848256111145,357.9719896231499,356.9781883477332,224.74874431956925
2023-05-22 10:13:59.125184,0.9268553000547399,47.81831359863281,31.086101531982422,31.086101531982422,29.991666793823242,1018.261962890625,358.06893498035157,356.9181885509692,224.74998741399818,223.607214803585,-42.2728157043457,-10.373955726623535,41.23385238647461,357.9780936778338,356.9863365499696,224.75325224442145,0.0197744257748127,-0.008117159828543663,1.7321594953536987,0.07443089038133621,0.016509894281625748,0.9859974384307861,357.9651203738356,357.0197795040235,226.48639908593384
2023-05-22 10:13:59.400237,0.9308811999981117,49.324119567871094,31.141080856323242,31.141080856323242,29.981250762939453,1018.265380859375,358.07413104676266,356.9878724887592,226.48719138787757,225.4524040682423,-39.89472961425781,-4.556664943695068,40.67510986328125,358.01451864979066,357.046942312579,226.11515098378698,0.010916879400610924,-0.006284564733505249,1.7278833389282227,0.046792060136795044,-0.007719228509813547,0.9879470467567444,357.96010936286234,357.1508704709899,227.8385443151646
2023-05-22 10:13:59.659179,0.93925090002449,51.29518127441406,31.104427337646484,31.104427337646484,29.979167938232422,1018.27197265625,358.0419424996385,357.11975938620736,227.83922733408158,226.89055503950183,-35.50096893310547,-0.6014047265052795,40.18523406982422,357.9665715755908,357.18010496129807,227.93801919023667,0.023134183138608932,-0.007200862281024456,1.8421151638031006,0.09091722220182419,0.01068287342786789,0.9935520887374878,357.9497515944294,357.2067335209944,230.1477902924109
2023-05-22 10:13:59.931308,0.9377196999375883,50.02829360961914,31.067773818969727,31.067773818969727,29.975000381469727,1018.264404296875,358.0522189461316,357.131758961362,230.14945685856836,229.20499196051733,-29.597789764404297,0.28671279549598694,39.42780685424805,357.96710774544067,357.2022364817562,230.53161960300892,0.021912455558776855,-0.00445196870714426,1.752318024635315,0.0766129121184349,-0.013267423957586288,0.9911150336265564,357.9431892767409,357.2404198005375,232.44703687271226
2023-05-22 10:14:00.206256,0.9366102999374561,49.5158805847168,31.086101531982422,31.086101531982422,29.962499618530273,1018.26953125,358.0016962502844,357.1717234654128,232.44791113692605,231.40823340184502,-23.528825759887695,-1.5775991678237915,39.19901657104492,357.92999932768,357.23125944964346,232.35604509258937,0.022828754037618637,-0.005368266720324755,2.0253748893737793,0.0841287299990654,0.008254947140812874,0.9835605025291443,357.9236034958525,357.24350192340046,234.32767481916193
2023-05-22 10:14:00.475393,0.9321104000046034,48.839996337890625,31.012794494628906,31.012794494628906,29.954166412353516,1018.259033203125,358.0264891966413,357.15033558180056,234.32972387591292,233.02163336682878,-19.373146057128906,-6.496087074279785,39.05402374267578,357.95515832948774,357.20113447342226,233.68442126350845,0.021912455558776855,-0.018501870334148407,1.867160677909851,0.10982800275087357,-0.027258524671196938,0.9950142502784729,357.9222617905674,357.191253110684,235.62991868631656
2023-05-22 10:14:00.743804,0.9293291999492794,46.6960334777832,31.122753143310547,31.122753143310547,29.943750381469727,1018.244873046875,358.041631085701,357.0701698649555,235.63263710160624,233.96683592531014,-17.804351806640625,-12.648248672485352,38.26242446899414,357.94426268365766,357.1475315757028,234.85835319691523,0.025883078575134277,-0.009033458307385445,2.0265965461730957,0.09625103324651718,0.005098644178360701,0.9840478897094727,357.9323706839824,357.14635422184466,236.83822013162683
2023-05-22 10:14:01.015400,0.9278291999871726,49.739078521728516,30.994468688964844,30.994468688964844,29.93958282470703,1018.237060546875,358.02616711053327,357.0407466906716,236.8403238298912,234.94781501466406,-19.33566665649414,-18.292522430419922,38.719482421875,357.9479059492496,357.0993384012495,235.04117004023982,0.020385291427373886,-0.011171486228704453,1.837533712387085,0.09576613456010818,-0.00844290666282177,0.9940394163131714,357.8993185448151,357.10336437087835,237.04589886353023
2023-05-22 10:14:01.289971,0.9287667000317015,48.884010314941406,30.994468688964844,30.994468688964844,29.918750762939453,1018.2353515625,357.9720500276354,357.0125119693032,237.0472785617426,235.121889215851,-24.03447151184082,-22.510711669921875,39.23711395263672,357.8780907437615,357.08887497832785,235.67924631250239,0.024966780096292496,0.0719061866402626,1.9612339735031128,0.0824316069483757,0.010197288356721401,0.9840478897094727,357.8659511497289,357.18531575530454,237.59075671400052
2023-05-22 10:14:01.565366,0.9303603999578627,50.99338912963867,31.0311222076416,31.0311222076416,29.910415649414062,1018.243896484375,357.9780697721717,357.1082195681612,237.59261452545474,235.72810948582466,-30.287647247314453,-23.99192237854004,40.11902618408203,357.8898561714937,357.1765494209482,236.21085359598283,0.018552694469690323,-0.01483667828142643,1.7727819681167603,0.07176399230957031,-0.0016885813092812896,0.9791739583015442,357.84917812611803,357.19465988097596,238.14304581028773
2023-05-22 10:14:01.840115,0.9348394999287848,47.79631042480469,31.0311222076416,31.0311222076416,29.912500381469727,1018.25,357.9228912351881,357.13178606867524,238.14404301790654,236.3952413828165,-36.419403076171875,-22.034391403198242,41.050743103027344,357.8342251344776,357.2106337724539,236.98006950030964,0.024355914443731308,-0.00445196870714426,1.893427848815918,0.086553193628788,0.002185133285820484,0.9947705268859863,357.8224445522632,357.2451108598368,238.82844163312018
2023-05-22 10:14:02.114577,0.9348394999287848,48.67024230957031,30.994468688964844,30.994468688964844,29.899999618530273,1018.24755859375,357.9311894881429,357.1795559848435,238.8298896332242,237.2225821969801,-40.84379577636719,-17.539575576782227,41.35194778442383,357.8603245679567,357.2444389399772,237.5483002581197,0.02069072425365448,-0.008117159828543663,1.7565940618515015,0.0790373682975769,-0.013267423957586288,0.990384042263031,357.82441463495195,357.2804545274707,239.42621978927968
2023-05-22 10:14:02.390178,0.9320010999326769,49.977996826171875,31.0311222076416,31.0311222076416,29.87708282470703,1018.245849609375,357.9091552978804,357.2131865556562,239.42739458181694,237.95906783480427,-42.4141960144043,-11.564396858215332,41.74238204956055,357.8414371739109,357.27092620013514,238.42440862295723,0.020079858601093292,-0.009949756786227226,1.7935514450073242,0.06982442736625671,0.01456755492836237,0.9835605025291443,357.8249747104639,357.30852489741216,240.5664105881866
2023-05-22 10:14:02.665705,0.9294281999937084,48.98146057128906,30.939489364624023,30.939489364624023,29.879165649414062,1018.25341796875,357.9423265384714,357.25823442799674,240.56766734299387,239.21993441596697,-41.21775817871094,-5.621605396270752,41.56389617919922,357.8559940145795,357.3092290472269,240.15956354008563,0.013360340148210526,-0.021556194871664047,1.7602592706680298,0.07200643420219421,-0.008925357833504677,0.9784428477287292,357.8036658009139,357.3008778603061,242.07575945135437
2023-05-22 10:14:02.940301,0.9256469999636465,48.277286529541016,31.0311222076416,31.0311222076416,29.866666793823242,1018.251953125,357.89645605522264,357.23305557595177,242.07713914956668,240.82972804106893,-36.95033645629883,-1.2082456350326538,41.196571350097656,357.82962478862817,357.29535928090013,241.51068424094086,0.018552694469690323,-0.007811727933585644,1.810044765472412,0.07443089038133621,0.016024310141801834,0.9840478897094727,357.8123461175753,357.32606845173876,243.67507556626953
2023-05-22 10:14:03.215990,0.9284073999660905,51.28575134277344,30.994468688964844,30.994468688964844,29.862499237060547,1018.256591796875,357.8883789296423,357.2751664669492,243.67607277388834,242.46350929053597,-30.943275451660156,0.30405116081237793,40.06069564819336,357.8001141025455,357.2623105568274,243.76034364786796,0.024355914443731308,-0.005979131907224655,1.9603177309036255,0.08994743227958679,0.06045534834265709,0.9842915534973145,357.75630569609586,357.2916240211978,245.89641700889774
2023-05-22 10:14:03.490859,0.92727710005056,48.49734115600586,31.012794494628906,31.012794494628906,29.854167938232422,1018.2548828125,357.92005115715386,357.18373862193647,245.90007799029286,244.59887231189208,-24.472990036010742,-1.6214569807052612,39.614837646484375,357.8307344809249,357.2644590782082,245.70013103252992,0.024966780096292496,-0.008422592654824257,2.001856565475464,0.11201001703739166,0.0012139629106968641,0.9969637989997864,357.8099583261302,357.2724305492998,247.66144717345577
2023-05-22 10:14:03.765557,0.9271104999934323,49.49073028564453,30.792877197265625,30.792877197265625,29.839584350585938,1018.248779296875,357.87197345558616,357.1394745138032,247.66329815472085,246.11322087353227,-19.428550720214844,-6.050132751464844,38.51806640625,357.78191975925705,357.2201202648808,246.93700998932752,0.02618851140141487,-0.011171486228704453,2.2752187252044678,0.11661648750305176,-0.01978052407503128,0.9855100512504578,357.7107839793816,357.22562347636114,249.36470510716018
2023-05-22 10:14:04.040510,0.9237095000353293,49.3021125793457,30.957815170288086,30.957815170288086,29.833332061767578,1018.252685546875,357.84463519654634,357.06180053534473,249.3695272207142,247.44741636562424,-17.926124572753906,-12.739524841308594,37.90020751953125,357.75481394009245,357.1406452509156,247.78332506900546,0.02679937705397606,-0.012698649428784847,2.3164522647857666,0.12340497225522995,-0.005789421498775482,0.9859974384307861,357.71532776272693,357.1355119368675,250.04675413729933
2023-05-22 10:14:04.299577,0.921673000062583,49.377559661865234,30.994468688964844,30.994468688964844,29.822917938232422,1018.2548828125,357.7845291049634,356.97252633435465,250.04919934502217,247.89087322767648,-20.713064193725586,-19.44448471069336,38.620452880859375,357.66087215857834,356.990593038483,248.72750309911135,0.028021108359098434,-0.008422592654824257,2.3863961696624756,0.11031289398670197,-0.009166584350168705,0.9838041663169861,357.5935269202488,357.0157084978348,251.05949360629378
2023-05-22 10:14:04.574706,0.9199073999989196,48.21755599975586,30.884510040283203,30.884510040283203,29.806249618530273,1018.2578125,357.69109745320293,356.8713150971295,251.06254670085278,248.8805744686005,-26.653484344482422,-23.64837074279785,39.3486213684082,357.5878800613525,356.9636966073051,249.13736909082547,0.024661347270011902,-0.0068954299204051495,2.225433349609375,0.09431146085262299,0.004370266571640968,0.982342004776001,357.552108226235,357.0004342738599,251.51194582748292
2023-05-22 10:14:04.849044,0.9220272000457044,48.83056640625,30.97614288330078,30.97614288330078,29.799999237060547,1018.259521484375,357.65363322527514,356.9060737163723,251.5140017144231,249.44131250889103,-34.00337219238281,-23.525609970092773,39.96625518798828,357.56746654691403,356.91415639148136,249.5211096089643,0.02832654118537903,-0.01056062150746584,2.138995885848999,0.09140210598707199,-0.010372713208198547,0.9784428477287292,357.51986973335255,356.93697605349837,251.61767715583474
2023-05-22 10:14:05.107457,0.9210584999673301,49.84910583496094,30.902835845947266,30.902835845947266,29.793750762939453,1018.266845703125,357.6265969886627,356.8474685588595,251.61971938239657,249.70303169750758,-39.51581573486328,-19.104520797729492,40.9721565246582,357.53080081078895,356.9323987595374,250.05226609995952,0.02771567553281784,-0.007200862281024456,2.0959298610687256,0.09285678714513779,0.017966650426387787,0.987459659576416,357.50645353427535,356.9828476039642,252.5527437135878
2023-05-22 10:14:05.382923,0.9210584999673301,49.207801818847656,30.884510040283203,30.884510040283203,29.797916412353516,1018.273681640625,357.6481769713454,356.90354932114377,252.55516160055402,250.79383339852615,-42.1018180847168,-12.874310493469238,41.4289665222168,357.5431416819587,356.89970563218833,251.5324978666955,0.020079858601093292,-0.012087784707546234,1.867160677909851,0.07540068030357361,0.020394576713442802,0.9872159361839294,357.52710653222164,356.9313738042751,253.56006684257048
2023-05-22 10:14:05.658016,0.9247510999339283,50.631874084472656,30.86618423461914,30.86618423461914,29.793750762939453,1018.276611328125,357.5147940490256,356.8089830042074,253.55734159709164,251.95335363278417,-41.357852935791016,-5.823491096496582,41.51512145996094,357.38807440312803,356.8966384503642,253.0586216744648,0.031991731375455856,-0.0007867775857448578,2.881502628326416,0.14110352098941803,-0.1698230355978012,0.9672328233718872,357.12164451841824,356.8860723611616,255.87595176369
2023-05-22 10:14:05.927559,0.9063764000311494,48.69224548339844,30.829530715942383,30.829530715942383,29.77916717529297,1018.263671875,356.9490313373835,356.50727711342523,255.86602066863682,254.36737471189846,-34.19219207763672,-1.1378393173217773,40.00531768798828,356.7135387945193,356.84229746532753,257.7045983101775,0.05642634257674217,0.001962115988135338,4.571766376495361,0.38039764761924744,-0.11723578721284866,0.9952579140663147,356.5518169904463,356.8391948518971,262.46849133172134
2023-05-22 10:14:06.199630,0.3920926000100735,50.45268630981445,30.829530715942383,30.829530715942383,29.762500762939453,1018.2685546875,356.5490328345859,356.19513341293083,262.46641495421363,260.77597728558135,-23.390769958496094,-4.8145833015441895,39.37104034423828,356.32130066727933,356.4716566096866,263.51187785952163,0.048790525645017624,0.00410014484077692,4.315814018249512,0.28293436765670776,-0.014232328161597252,0.9506614208221436,356.1697541375224,356.4825686906593,267.72436970937036
2023-05-22 10:14:06.459515,0.0,49.207801818847656,30.829530715942383,30.829530715942383,29.745834350585938,1018.26708984375,356.2763776593345,355.9266322733553,267.7371626536858,265.4700043021051,-20.659687042236328,-15.454891204833984,39.31641387939453,356.03382440841585,356.1930318491006,267.4342437639957,0.04451446607708931,-0.00872802548110485,4.007021427154541,0.29263219237327576,-0.010372713208198547,0.9721066951751709,355.8633475824874,356.262947799879,272.22191267404037
2023-05-22 10:14:06.732306,0.0,50.92108917236328,30.7562255859375,30.7562255859375,29.735416412353516,1018.2626953125,355.9948359810861,355.7885728058882,272.23551158067784,269.7549917798043,-28.7873592376709,-22.0673770904541,40.572509765625,355.71306036885863,356.1179603861593,272.1276765540617,0.04207100719213486,-0.03041374310851097,3.71044659614563,0.22765670716762543,0.0012139629106968641,0.9777117371559143,355.58156385941027,356.1418318973085,276.08713038572887
2023-05-22 10:14:07.009689,0.04298330002347939,51.45550537109375,30.81120491027832,30.81120491027832,29.710416793823242,1018.267822265625,355.7546720157165,355.7859222656034,276.10044925461045,273.7329690845006,-38.46370315551758,-18.673521041870117,41.33538818359375,355.55844494973024,356.02751160607545,274.7873453866755,0.040238410234451294,0.07160075008869171,3.4050140380859375,0.20874592661857605,0.0024279258213937283,0.9684512615203857,355.47654030941123,356.19291616277155,278.1248012113863
2023-05-22 10:14:07.276494,0.04298330002347939,47.874900817871094,30.792877197265625,30.792877197265625,29.702083587646484,1018.28955078125,355.660177202323,355.884942079322,278.1370135896223,275.9885297748706,-41.143123626708984,-9.105655670166016,41.62825393676758,355.41844400099154,356.1987969556469,278.16009279882775,0.03443519026041031,-0.00750629510730505,3.157918930053711,0.18450133502483368,0.005341436713933945,0.9803923964500427,355.3524067438881,356.2941352974029,281.24655283191896
2023-05-22 10:14:07.551747,0.0,49.336692810058594,30.7562255859375,30.7562255859375,29.68958282470703,1018.280029296875,355.545009540746,356.02504334646414,281.25774068177947,279.25757442485457,-35.671653747558594,-1.5829607248306274,41.12290573120117,355.3670745751307,356.2693037177885,280.5136735339766,0.03626778721809387,-0.00445196870714426,2.99084734916687,0.1701970398426056,0.0014567554462701082,0.9806361198425293,355.37315941990755,356.3904998750817,283.70230636686205
2023-05-22 10:14:07.829293,0.761097400005383,49.75479507446289,30.737897872924805,30.737897872924805,29.668750762939453,1018.270263671875,355.6283421174884,356.1483265534356,283.7155091225277,281.6963959208452,-25.711631774902344,-2.0455868244171143,39.4717903137207,355.47518238242685,356.3618937621772,282.52382552746803,0.0347406230866909,-0.009644323959946632,2.892498016357422,0.1631661057472229,-0.0009649035637266934,0.9786865711212158,355.4251354519441,356.46514722596413,285.41169098025193
2023-05-22 10:14:08.094689,0.8060550999980478,49.88368606567383,30.774551391601562,30.774551391601562,29.65833282470703,1018.287109375,355.600281139057,356.2338524746752,285.42042679220043,283.1217266270326,-19.592548370361328,-7.9739580154418945,39.454078674316406,355.44241711120463,356.4611983094068,283.83186822522805,0.03535148873925209,-0.007811727933585644,2.8362984657287598,0.1636510044336319,-0.007478002924472094,0.9818546175956726,355.39791757498836,356.5619722010817,286.64319457817277
2023-05-22 10:14:08.361500,0.8362420999910682,48.318153381347656,30.774551391601562,30.774551391601562,29.65833282470703,1018.27978515625,355.5600521786193,356.3243281486289,286.651479597636,283.91676747661126,-19.545320510864258,-16.868696212768555,39.526519775390625,355.42172291867996,356.52945921997195,283.9111530611135,0.03443519026041031,-0.012087784707546234,2.77307391166687,0.1558927297592163,-0.002653484931215644,0.9818546175956726,355.3837500551025,356.6303502920797,286.6725029199013
2023-05-22 10:14:08.623915,0.8712102999888884,49.70135498046875,30.70124626159668,30.70124626159668,29.65625,1018.275390625,355.5646079147957,356.4219972924392,286.6805898638786,283.8369498859705,-24.636241912841797,-22.34107208251953,39.80388641357422,355.4333863204614,356.62779067868826,283.7410540300235,0.03138086572289467,-0.008117159828543663,2.569045066833496,0.13504236936569214,0.00024279257922898978,0.9864848256111145,355.3948819827891,356.77556737091015,286.798075947792
2023-05-22 10:14:08.899276,0.9121679999916523,49.050621032714844,30.7562255859375,30.7562255859375,29.645832061767578,1018.270751953125,355.58215765898126,356.61347695006543,286.80457828788184,284.0393010703213,-32.6142463684082,-23.533992767333984,40.8316535949707,355.4667722851244,356.8020251758773,283.88037622871343,0.03138086572289467,-0.007200862281024456,2.345162868499756,0.10934310406446457,0.006555399391800165,0.9859974384307861,355.44623049119565,356.9697746218928,286.9496583360421
2023-05-22 10:14:09.170507,0.9195012000200222,49.657344818115234,30.70124626159668,30.70124626159668,29.635417938232422,1018.273681640625,355.6487246826322,356.84872552711016,286.9549107515138,284.3578884139674,-39.264488220214844,-19.686565399169922,41.46700668334961,355.55566079386983,357.0142688220238,284.09260386660407,0.02618851140141487,-0.005062834359705448,2.117004632949829,0.0880078673362732,0.015538725070655346,0.982342004776001,355.5669263371321,357.1566251188091,286.61331933074314
2023-05-22 10:14:09.445540,0.9195012000200222,49.132354736328125,30.737897872924805,30.737897872924805,29.620834350585938,1018.27490234375,355.77557879787906,357.0777396355466,286.61685053854404,284.1998173460058,-42.0776481628418,-13.200027465820312,41.445491790771484,355.6808743830554,357.15599887583954,284.35267697963064,0.02160702273249626,-0.009338891133666039,1.906256079673767,0.0850985199213028,0.01383917685598135,0.9852663278579712,355.71141173194775,357.2588683549291,286.3962354283526
2023-05-22 10:14:09.719522,0.9097357999744418,51.35490798950195,30.737897872924805,30.737897872924805,29.618749618530273,1018.26318359375,355.91942044736544,357.1792475591138,286.3997734663427,284.1493559084177,-41.17521286010742,-6.863473892211914,41.47795104980469,355.8550565866086,357.2857782330419,283.67816847833524,0.015803802758455276,-0.017585571855306625,1.7446821928024292,0.07127910107374191,0.0026707183569669724,1.0001319646835327,355.88959215748633,357.37075453749674,285.3846024500037
2023-05-22 10:14:09.978330,0.9382457999672624,45.9195556640625,30.737897872924805,30.737897872924805,29.620834350585938,1018.260498046875,356.0823913222829,357.31212803564273,285.3870339973482,283.28301471409327,-37.552886962890625,-2.0034823417663574,41.10499572753906,356.0233315303034,357.41968729337117,282.95508367166263,0.018858127295970917,-0.005979131907224655,1.6032668352127075,0.05818701907992363,0.021851330995559692,0.9852663278579712,356.0760827888107,357.50817858392764,284.60078360123134
2023-05-22 10:14:10.249778,0.9397041000520403,49.14493179321289,30.737897872924805,30.737897872924805,29.610416412353516,1018.259033203125,356.2749266710227,357.4674454701518,284.602497978713,282.60046708014477,-32.34321594238281,0.32303309440612793,40.93951416015625,356.229385530958,357.5528817451585,282.0799315333089,0.014887504279613495,-0.0068954299204051495,1.4584918022155762,0.05697479099035263,0.01772385649383068,0.9833167791366577,356.2801009662058,357.6165382544494,283.4989169937574
2023-05-22 10:14:10.508631,0.9358291000135068,50.28607177734375,30.737897872924805,30.7562255859375,29.59583282470703,1018.2470703125,356.4715735801995,357.58148358919476,283.50036499386147,281.5343155318408,-27.507944107055664,0.012324007228016853,40.23680877685547,356.41993777696104,357.6774261892489,281.3218761580859,0.017941828817129135,-0.007811727933585644,1.3311264514923096,0.05576256290078163,0.017966650426387787,0.9828293919563293,356.47615066071705,357.7406609343585,282.7826965272007
2023-05-22 10:14:10.784206,0.9410478000754665,50.323795318603516,30.737897872924805,30.737897872924805,29.59166717529297,1018.23876953125,356.65617929275635,357.7111216468587,282.78385082917043,280.7605917026617,-23.215951919555664,-1.9282573461532593,39.8714485168457,356.6273793732342,357.773893646652,279.92383205763264,0.013360340148210526,-0.00445196870714426,1.1820752620697021,0.04897407442331314,0.018209444358944893,0.9803923964500427,356.68034941123835,357.826896768385,281.07748515939363
2023-05-22 10:14:11.053989,0.9410478000754665,49.53159713745117,30.774551391601562,30.774551391601562,29.597915649414062,1018.2568359375,356.8523658044944,357.80375224549556,281.0783389330399,278.94867228945157,-20.21483039855957,-4.787313461303711,39.74367904663086,356.82348947223085,357.8565075594277,277.92755217834554,0.0121386107057333,-0.0068954299204051495,1.0186688899993896,0.03951868414878845,0.01626710407435894,0.9889218211174011,356.87709855980927,357.91050404679805,279.16533955030275
2023-05-22 10:14:11.325841,0.9261468999975477,48.38102722167969,30.70124626159668,30.70124626159668,29.589584350585938,1018.258056640625,357.0355538259117,357.9009129670995,279.16568105976125,276.8779023670763,-17.940690994262695,-7.844831466674805,39.058143615722656,357.0085210043938,357.94794693038466,275.77206741969457,0.009695149958133698,-0.011171486228704453,0.899550199508667,0.03830645605921745,0.017481066286563873,0.9859974384307861,357.0634058432431,357.9733020866876,276.7301517149506
2023-05-22 10:14:11.600705,0.9233396999443357,48.915443420410156,30.737897872924805,30.737897872924805,29.585416793823242,1018.260986328125,357.2198792872691,357.9677747561018,276.7303497904365,274.28973878488335,-17.46841812133789,-11.307312965393066,39.19471740722656,357.20297222119586,357.9974504339416,272.6381512322501,0.00908428430557251,-0.005979131907224655,0.755691409111023,0.035881996154785156,0.01699548028409481,0.9857537150382996,357.2656776266448,358.02406938868444,273.3749852097219
2023-05-22 10:14:11.870124,0.9219439000626153,49.182655334472656,30.737897872924805,30.737897872924805,29.59583282470703,1018.257080078125,357.4085399977589,358.02260751475865,273.3750466814244,270.8437990655852,-17.260671615600586,-14.256263732910156,39.01018524169922,357.39160646470253,358.0449622970253,269.0118262169719,0.006946256384253502,-0.007200862281024456,0.612748920917511,0.03369998186826706,0.014081968925893307,0.9869722723960876,357.4487023638522,358.0681305121334,269.6170082981917
2023-05-22 10:14:12.137776,0.9198136999439157,50.14775085449219,30.664592742919922,30.664592742919922,29.59583282470703,1018.25146484375,357.5835266695303,358.0699748766527,269.61695365667833,267.0919556639297,-17.899127960205078,-16.100448608398438,39.21098327636719,357.5755697125906,358.08536521384343,265.08618865188544,0.00755712017416954,-0.005979131907224655,0.4798857569694519,0.029093509539961815,0.014810346998274326,0.9877033233642578,357.6332698700384,358.10483637561987,265.56722521475103
2023-05-22 10:14:12.400234,0.9169700000493322,50.15089416503906,30.774551391601562,30.774551391601562,29.589584350585938,1018.23779296875,357.7627243663684,358.11248255895225,265.56700664869766,263.0739056393729,-18.437299728393555,-17.75587272644043,39.50593948364258,357.75577422200104,358.11983248282945,261.03572254952775,0.0035864971578121185,-0.0068954299204051495,0.3293074667453766,0.02569926716387272,0.015295932069420815,0.9855100512504578,357.81407564953923,358.1316679200006,261.3562974782223
2023-05-22 10:14:12.675422,0.9157981999815092,48.799129486083984,30.55463409423828,30.55463409423828,29.602083206176758,1018.23876953125,357.93386158621223,358.1442732475573,261.3559696291421,258.9267718696921,-19.210670471191406,-18.736597061157227,39.33154296875,357.93160484902177,358.14396140673296,256.7939155277614,0.0014484692364931107,-0.005979131907224655,0.18422695994377136,0.022547468543052673,0.01772385649383068,0.982342004776001,357.9875248884171,358.15098348153,256.9940810515778
2023-05-22 10:14:12.950244,0.9151940000047034,50.18861770629883,30.737897872924805,30.737897872924805,29.612499237060547,1018.24169921875,358.103532663262,358.16639494961845,256.9936849006059,254.62084986218682,-19.349502563476562,-19.684598922729492,38.94466781616211,358.1051663591341,358.1638893374101,252.32141203658864,0.001940375193953514,-0.00644928403198719,0.020051293075084686,0.02642660401761532,0.012625213712453842,0.9877033233642578,358.1625800755236,358.1642043798856,252.34102150969576
2023-05-22 10:14:13.219889,0.9103556000591198,51.21973419189453,30.792877197265625,30.792877197265625,29.614582061767578,1018.241455078125,358.257603054639,358.1795441309878,252.34070732099394,250.0556402134095,-19.942163467407227,-20.18691062927246,38.633323669433594,358.2581520310935,358.1715698851318,247.78223906892742,-0.0029043909162282944,-0.007923384197056293,-0.032845109701156616,0.029335955157876015,0.006312606856226921,0.9881907105445862,358.30402155384695,358.1698000123631,247.748716500481
2023-05-22 10:14:13.487409,0.9164231999202457,50.044010162353516,30.737897872924805,30.737897872924805,29.612499237060547,1018.225341796875,358.3800477491681,358.18737601008826,247.7484432929142,245.54651324790717,-19.755046844482422,-20.364463806152344,38.6075325012207,358.3785705073167,358.17967177014793,243.3541249771706,-0.00015060976147651672,-0.0069164736196398735,-0.028223423287272453,0.02375970035791397,0.0048558516427874565,0.9891654849052429,358.4172743078571,358.18249349204876,243.31789765381288
2023-05-22 10:14:13.761878,0.9279750000823697,51.04997634887695,30.719572067260742,30.719572067260742,29.620834350585938,1018.246337890625,358.49505714245544,358.1967431876481,243.3176654273811,241.2030661811018,-19.926088333129883,-20.231138229370117,38.52735900878906,358.4969773861076,358.1913121200409,239.106403011583,0.0016340520232915878,-0.005810672417283058,-0.025774111971259117,0.021092794835567474,0.007040984462946653,0.9872159361839294,358.5398041663074,358.1962330578945,239.08113131165396
2023-05-22 10:14:14.027397,0.9353291000261379,49.166934967041016,30.70124626159668,30.70124626159668,29.616666793823242,1018.244873046875,358.6104075115927,358.2161674985957,239.08081712295214,237.0626738081318,-20.012208938598633,-20.047964096069336,39.27536392211914,358.6103157309258,358.3106640195365,235.04838272000333,0.0018540136516094208,-0.004649531561881304,-0.020967628806829453,0.020123012363910675,0.0033990959636867046,0.987459659576416,358.65036465184585,358.3169442717566,235.02760528454814
2023-05-22 10:14:14.304392,0.9304490000213264,49.67934799194336,30.86618423461914,30.86618423461914,29.620834350585938,1018.234619140625,358.7118860866908,358.3326469833802,235.0274140392514,233.06327020000919,-19.8953800201416,-20.516918182373047,39.32692337036133,358.7122559841231,358.328974049154,231.12111956989438,0.00036299414932727814,-0.005339242517948151,-0.021056149154901505,0.02497193031013012,0.0038846812676638365,0.9877033233642578,358.7426237522249,358.3279996799802,231.10021919103414
2023-05-22 10:14:14.566651,0.9253240000143705,49.52531051635742,30.81120491027832,30.81120491027832,29.620834350585938,1018.252197265625,358.8035635537734,358.3349344564219,231.1001372287641,229.2241984524634,-19.888219833374023,-20.16525650024414,39.143802642822266,358.8042405962749,358.3280735314006,227.3687229229161,0.001328933984041214,-0.005501464009284973,-0.02086544781923294,0.020365456119179726,0.008497740142047405,0.9879470467567444,358.8395868252297,358.3257281084726,227.34847824221617
2023-05-22 10:14:14.837604,0.9218449000181863,50.609867095947266,30.70124626159668,30.70124626159668,29.625,1018.26513671875,358.9051012526965,358.345716550357,227.34820503464937,225.54780815056904,-20.093612670898438,-20.330598831176758,38.953285217285156,358.9065096590477,358.3439834965768,223.7645823620621,-0.0008284952491521835,-0.0025588523130863905,-0.013958676718175411,0.027153942734003067,0.011411250568926334,0.9891654849052429,358.93637967711373,358.35193202250167,223.74951496475305
2023-05-22 10:14:15.112000,0.9213865999990958,51.433502197265625,30.627941131591797,30.627941131591797,29.631250381469727,1018.252197265625,358.9936986246285,358.35427957986377,223.74947398361803,222.02202351987344,-19.931087493896484,-20.020071029663086,39.945682525634766,358.99425368422027,358.3498733607972,220.31860166162895,0.0013700146228075027,-0.002694547874853015,-0.01490395050495863,0.02400214597582817,0.006798191927373409,0.9879470467567444,359.0254895266769,358.3560729314077,220.3007065660035
2023-05-22 10:14:15.384470,0.9304854000001797,50.14460754394531,30.81120491027832,30.81120491027832,29.635417938232422,1018.25537109375,359.07350170111727,358.3629466630337,220.3006382641118,218.64099791844708,-19.80530548095703,-20.15491485595703,39.2287712097168,359.0760466936351,358.28633413866095,216.99615176252462,-0.0004896819591522217,-0.0019319262355566025,-0.012971353717148304,0.026669051498174667,0.0024279258213937283,0.991358757019043,359.1000505396994,358.29215623459817,216.98335198802002
2023-05-22 10:14:15.642958,0.9304854000001797,50.235774993896484,30.7562255859375,30.7562255859375,29.639583587646484,1018.25390625,359.14632843306,358.3025641622328,216.9832427049933,215.39870711944204,-20.05386734008789,-19.89203453063965,39.30192184448242,359.14559365411566,358.30156055131164,213.83169779930103,0.00016579963266849518,-0.0010446853702887893,-0.009995697066187859,0.02448703721165657,0.005584229249507189,0.9877033233642578,359.1679564938711,358.3081315134583,213.8210017230608
2023-05-22 10:14:15.917651,0.9288864999471116,48.95945739746094,30.7562255859375,30.7562255859375,29.643749237060547,1018.252685546875,359.2190623704795,358.3208816623697,213.82085145889906,212.28900395260527,-20.127492904663086,-20.338842391967773,39.67935562133789,359.21862459804237,358.3179867293787,210.7741909381015,0.00016237050294876099,-0.003907505422830582,-0.009323842823505402,0.02618415839970112,0.006798191927373409,0.9898965954780579,359.241996491526,358.3142903163772,210.7651204468837
2023-05-22 10:14:16.186966,0.9202668000179983,50.36780548095703,30.774551391601562,30.774551391601562,29.631250381469727,1018.23876953125,359.2881961578762,358.3253816898157,210.765011163857,209.28814668038183,-19.758811950683594,-20.138309478759766,39.41004943847656,359.28616951268344,358.3203725998331,207.82598076400052,-0.0009981393814086914,-0.002389251021668315,-0.008787089958786964,0.022547468543052673,0.005827021785080433,0.9864848256111145,359.30506827259086,358.32501766207724,207.8170332161878
2023-05-22 10:14:16.459476,0.9196939000285056,50.57843017578125,30.829530715942383,30.829530715942383,29.62708282470703,1018.24169921875,359.3436879230663,358.33752597960336,207.81692393316106,206.39792481233425,-19.902793884277344,-20.11567497253418,39.63381576538086,359.34430344050435,358.33410266744704,205.00117844782332,0.0021909717470407486,-0.003663969226181507,-0.006520908325910568,0.02521437592804432,0.006798191927373409,0.9872159361839294,359.3684304434172,358.3371244925462,204.99477173038184
2023-05-22 10:14:16.717806,0.9241157999676943,48.890296936035156,30.7562255859375,30.7562255859375,29.62291717529297,1018.2548828125,359.4075859435773,358.3505034457481,204.99466244735513,203.6397851424564,-19.808483123779297,-19.893333435058594,39.332523345947266,359.4070813633524,358.3432879912202,202.29963372540817,-0.0005960352718830109,-0.004758646711707115,-0.008328530006110668,0.02521437592804432,0.005584229249507189,0.9872159361839294,359.42054254562856,358.3363934488616,202.2915467814309
2023-05-22 10:14:16.993198,0.9241157999676943,49.15121841430664,30.737897872924805,30.737897872924805,29.629165649414062,1018.254638671875,359.4565692855403,358.3469276282742,202.29146481916084,200.96388095018546,-19.61505699157715,-20.495330810546875,39.23704147338867,359.45611182294846,358.34120318269777,199.65342719564848,-0.0014407448470592499,-0.0055121248587965965,-0.0072256894782185555,0.022305024787783623,0.006555399391800165,0.9852663278579712,359.480583536971,358.3378054837508,199.64557247810296
2023-05-22 10:14:17.267895,0.9234333999993396,48.9311637878418,30.81120491027832,30.81120491027832,29.639583587646484,1018.25732421875,359.5153825503794,358.34435798304236,199.6455178365896,198.36060898954847,-19.878631591796875,-20.923572540283203,39.3553581237793,359.5167045121489,358.34517835279473,197.09975606876412,0.00027624890208244324,-0.0021323631517589092,-0.004707083106040955,0.02303236350417137,0.008012155070900917,0.987459659576416,359.53435462809875,358.3497706945162,197.09512520050683
2023-05-22 10:14:17.538021,0.9201261999587587,50.487266540527344,30.792877197265625,30.792877197265625,29.633333206176758,1018.259521484375,359.56724481707755,358.35792284545573,197.09507055899348,195.8709640559438,-19.784143447875977,-20.58918571472168,38.9989128112793,359.5678653771162,358.3574348070952,194.66691098829727,0.0007830653339624405,-0.001328019192442298,-0.0034850481897592545,0.02424459159374237,0.007769362535327673,0.9867285490036011,359.5873971568215,358.36171274667146,194.6626216294985
2023-05-22 10:14:17.809291,0.9170117000176106,50.622440338134766,30.737897872924805,30.737897872924805,29.637500762939453,1018.26171875,359.62165621175956,358.37144416541315,194.66253966722846,193.4985115081182,-19.832197189331055,-20.04037857055664,39.265445709228516,359.6256020333874,358.27282124971833,192.3549465957613,-0.0013226568698883057,-0.0010511368745937943,-0.005628150887787342,0.023517252877354622,0.005584229249507189,0.9869722723960876,359.6403423019878,358.27844068113626,192.34894968967004
2023-05-22 10:14:18.080214,0.9170117000176106,48.76769256591797,30.81120491027832,30.81120491027832,29.629165649414062,1018.259765625,359.6679928020583,358.29078016492383,192.34888138777833,191.2185124008979,-19.17618751525879,-19.961214065551758,39.45319747924805,359.66859116398217,358.28954037886774,190.10848371736577,0.001407211646437645,0.00026749877724796534,-0.002707047387957573,0.030305739492177963,0.005827021785080433,0.9911150336265564,359.6803151570121,358.2962514666141,190.10573798131944
2023-05-22 10:14:18.346097,0.9148294000406167,48.563358306884766,30.81120491027832,30.81120491027832,29.631250381469727,1018.252685546875,359.70379323859294,358.30235082554293,190.10571066056275,189.02578945089203,-19.529109954833984,-20.216960906982422,39.08417892456055,359.7021835551046,358.3026768603541,187.9609766196654,-0.0009693335741758347,0.0771922841668129,-0.0031365640461444855,0.02303236350417137,0.004370266571640968,0.9867285490036011,359.7181516035692,358.4027911051655,187.95659163821824
2023-05-22 10:14:18.618048,0.9159126999984437,49.55674743652344,30.70124626159668,30.70124626159668,29.62708282470703,1018.2578125,359.74160623305517,358.41026258506554,187.95655065708323,186.90796635532453,-19.78120994567871,-20.59644317626953,38.22908020019531,359.74289991357267,358.40668143150634,185.8770859038945,0.0008811149746179581,-0.004474989138543606,-0.0030073607340455055,0.022062579169869423,0.004613059107214212,0.9881907105445862,359.7551657060224,358.40602114431266,185.87413526217304
2023-05-22 10:14:18.876737,0.9159126999984437,50.14146423339844,30.737897872924805,30.737897872924805,29.631250381469727,1018.244873046875,359.7743342850825,358.41762019290553,185.87409428103803,184.87877179442708,-19.90239143371582,-20.217737197875977,38.40499496459961,359.77277878954027,358.4151608979175,183.90100289398308,0.00021777115762233734,-0.001677720109000802,-0.0026511186733841896,0.021577686071395874,0.006312606856226921,0.9864848256111145,359.7851666316008,358.4160204345359,183.89840742209847
2023-05-22 10:14:19.144850,0.9155116000110866,49.0223274230957,30.884510040283203,30.884510040283203,29.637500762939453,1018.244873046875,359.8092916735023,358.42606903018714,183.89835278058513,182.95974818484197,-20.164358139038086,-20.03145980834961,38.63695526123047,359.8115867237851,358.42465144576926,182.03494057122225,0.0007444266229867935,0.002184818731620908,-0.0011248569935560226,0.025941714644432068,0.007526569999754429,0.9820983409881592,359.81945173997525,358.4378221849231,182.03379309944168
2023-05-22 10:14:19.403529,0.9160846000449965,50.39609909057617,30.70124626159668,30.70124626159668,29.641666412353516,1018.255126953125,359.8433649793114,358.44424362996,182.033765778685,181.12750895885102,-19.98857307434082,-19.92502784729004,39.22419357299805,359.8442743149457,358.44061391802467,180.23671568729796,-0.0005628149956464767,-0.0015662923688068986,-0.0017804941162467003,0.02303236350417137,0.005584229249507189,0.9864848256111145,359.8552669574661,358.4434252879201,180.234789573952
2023-05-22 10:14:19.678689,0.913949199981289,48.85257339477539,30.774551391601562,30.774551391601562,29.649999618530273,1018.2568359375,359.87404905720894,358.4493479157041,180.23477591357369,179.3533773398529,-19.689104080200195,-20.108619689941406,38.98073196411133,359.8744392717859,358.44698221565204,178.48476852272404,0.0024421196430921555,7.840136822778732e-05,-0.0031271902844309807,0.022789916023612022,0.006069814320653677,0.9886780977249146,359.8824604885327,358.4507667807825,178.48168127721917
2023-05-22 10:14:19.941293,0.913949199981289,48.792842864990234,30.792877197265625,30.792877197265625,29.645832061767578,1018.245849609375,359.89933402398003,358.4626124632374,178.48164029608415,177.64188219800943,-19.88793182373047,-19.804121017456055,39.119873046875,359.89690899999977,358.46217746556465,176.82064757296376,-0.0004789549857378006,-0.0018978568259626627,-0.0016112085431814194,0.020850349217653275,0.006798191927373409,0.9864848256111145,359.9061286481416,358.4634355010324,176.8190219879413
2023-05-22 10:14:20.212505,0.9219958999674418,47.6485595703125,30.847856521606445,30.847856521606445,29.639583587646484,1018.25341796875,359.921727492865,358.47413755368814,176.8189810068063,176.00994509961828,-19.852161407470703,-19.98874282836914,39.01967239379883,359.92191901163613,358.47124496857464,175.21410511790674,0.0010321307927370071,-0.0017089396715164185,-0.0014159725978970528,0.02448703721165657,0.0033990959636867046,0.9862411618232727,359.9275190663943,358.4692080780981,175.21269809893772
2023-05-22 10:14:20.475016,0.9234543000056874,48.87771987915039,30.774551391601562,30.774551391601562,29.639583587646484,1018.248046875,359.94238409933894,358.4780373782608,175.2126571178027,174.43032725026944,-19.700828552246094,-20.082260131835938,38.7629280090332,359.94197592216483,358.4736877216983,173.6597862892436,0.002600662410259247,-0.0022051872219890356,-0.0012895260006189346,0.021092794835567474,0.007040984462946653,0.987459659576416,359.9529987269073,358.47257931006203,173.65822900611286
2023-05-22 10:14:20.750842,0.9236730000120588,48.91858673095703,30.774551391601562,30.774551391601562,29.645832061767578,1018.23779296875,359.9693307297391,358.48398177727285,173.65818802497785,172.90752291443675,-19.829479217529297,-20.223777770996094,39.070045471191406,359.9689006279246,358.4798946561065,172.16528625733147,0.0011272970587015152,-0.0016082089859992266,-0.0014687199145555496,0.02424459159374237,0.004370266571640968,0.9850226640701294,359.9791739878259,358.48104917151966,172.16367433268735
2023-05-22 10:14:21.025567,0.9303395999959321,50.38666915893555,30.737897872924805,30.737897872924805,29.649999618530273,1018.223388671875,359.993339696361,358.48454537460105,172.16367433268735,171.43744763899656,-19.93034553527832,-20.14019203186035,38.73112869262695,359.99509280006475,358.48398209743794,170.72911604093122,0.0008009821176528931,-0.0017667486099526286,-0.0010374272242188454,0.018425889313220978,0.007040984462946653,0.9869722723960876,359.9973739412993,358.48684117193585,170.72810517293405
2023-05-22 10:14:21.294624,0.9303395999959321,49.336692810058594,30.792877197265625,30.792877197265625,29.645832061767578,1018.230712890625,0.00998305351617423,358.499110432841,170.72806419179904,170.03525078352797,-20.047334671020508,-20.236522674560547,38.409263610839844,0.010315921851559875,358.49745016326415,169.3570813008374,-0.0005899779498577118,-0.0006204628152772784,-0.002176417037844658,0.02472948282957077,0.005827021785080433,0.9898965954780579,0.013490444033888377,358.4976373531361,169.354895640303
2023-05-22 10:14:21.566432,0.9341312000069593,50.22319793701172,30.774551391601562,30.774551391601562,29.652084350585938,1018.23486328125,0.027665129281814558,358.50566976232176,169.35488197992467,168.68031883711586,-19.68006706237793,-20.26443862915039,38.56669998168945,0.027449659825368466,358.5039576259959,168.01753094043616,-0.0020068492740392685,-0.00038114760536700487,-0.001125645823776722,0.023274807259440422,0.005341436713933945,0.9855100512504578,0.030324212305645106,358.50835914930747,168.01608294033213
2023-05-22 10:14:21.837346,0.9368603999755578,50.40238571166992,30.70124626159668,30.70124626159668,29.65625,1018.25048828125,0.04044479841756522,358.50854164342434,168.01608294033213,167.36722862955926,-19.604419708251953,-20.220048904418945,38.723716735839844,0.04124972020299536,358.5071045289343,166.72894745162156,-0.0025300923734903336,-0.00232678628526628,-0.00036439113318920135,0.02424459159374237,0.002185133285820484,0.988434374332428,0.03994185570380361,358.5093721517387,166.72857862140637
2023-05-22 10:14:22.104121,0.94036549996963,49.710784912109375,30.829530715942383,30.829530715942383,29.649999618530273,1018.250244140625,0.049315966839475464,358.5068736898847,166.72859228178473,166.11954431349469,-19.743427276611328,-19.679779052734375,38.152217864990234,0.04939524439160455,358.5030898718062,165.52481242170498,0.0033406298607587814,-0.0016979197971522808,-0.0002933517098426819,0.020850349217653275,0.008012155070900917,0.9862411618232727,0.05919891706315335,358.50200739354443,165.52449823300316
