now,intensity,humidity,temperature,temperature_from_humidity,temperature_from_pressure,pressure,orientation_roll,orientation_pitch,orientation_yaw,compass,compass_raw_x,compass_raw_y,compass_raw_z,gyro_roll,gyro_pitch,gyro_yaw,gyro_raw_x,gyro_raw_y,gyro_raw_z,accelerometer_raw_x,accelerometer_raw_y,accelerometer_raw_z
2023-05-15 10:11:42.127660,0.7106523999946148,41.06577682495117,31.800830841064453,31.800830841064453,30.714584350585938,1016.380126953125,0.05642021734993498,359.56337612856254,169.417487493857,169.417487493857,-9.714986801147461,-1.823165774345398,19.309507369995117,0.05724587649681977,359.5655119233799,169.42061572049687,0.0013861246407032013,0.0016776989214122295,0.0016893614083528519,0.021335240453481674,0.008740533143281937,0.9852663278579712
2023-05-15 10:11:42.797855,0.7093704999997499,41.024906158447266,31.78250503540039,31.78250503540039,30.702083587646484,1016.38623046875,0.059778235832668114,357.53786898936283,169.52159323718632,169.54313565382856,-17.103546142578125,-3.0502140522003174,33.91829299926758,0.055463410566858,357.54615913146796,169.56958214629483,-0.005128588527441025,0.00620484072715044,0.004062920808792114,0.004848918411880732,-0.0012061294401064515,0.9864848256111145
2023-05-15 10:11:43.057013,0.7090006000007634,41.779380798339844,31.690872192382812,31.690872192382812,30.710416793823242,1016.39306640625,0.021848055934891718,356.8945484124782,169.58852909105246,169.63487875476017,-19.243253707885742,-2.928600549697876,37.34446716308594,0.021146665876756156,356.89936284206937,169.6881952114213,-0.004060827195644379,0.006242651492357254,0.0028955284506082535,0.00654603959992528,0.0014567554462701082,0.9881907105445862
2023-05-15 10:11:43.322092,0.7073070000169537,42.49927520751953,31.800830841064453,31.800830841064453,30.71666717529297,1016.401123046875,359.99910651243476,356.94944499071505,169.698467815933,169.75495348036898,-20.243331909179688,-2.86495304107666,38.45328903198242,359.9958620442837,356.95697890281303,169.81370676760943,-0.0009521786123514175,0.006345880217850208,0.0024856412783265114,0.008000715635716915,0.0012139629106968641,0.9859974384307861
2023-05-15 10:11:43.582634,0.7030185000085112,41.310977935791016,31.67254638671875,31.67254638671875,30.714584350585938,1016.39990234375,359.9691669586115,357.0025117185847,169.829115674377,169.89060103728545,-20.090503692626953,-2.833449602127075,38.57720947265625,359.96426616781497,357.0084565444835,169.94947726793094,0.0006824266165494919,0.0063753556460142136,0.0026429370045661926,0.007273377384990454,0.0009711703169159591,0.9852663278579712
2023-05-15 10:11:43.846083,0.7092140000177096,40.77027130126953,31.819156646728516,31.819156646728516,30.71666717529297,1016.39697265625,359.9429936937223,357.0436305246052,169.96647077858594,170.01739666903757,-20.149229049682617,-2.914966344833374,38.219947814941406,359.9430974739111,357.0483755850877,170.0695929746748,-0.0013856496661901474,0.004525536205619574,0.003115106374025345,0.01309207919985056,0.0019423406338319182,0.9859974384307861
2023-05-15 10:11:44.106342,0.7061032000146952,40.49363327026367,31.745851516723633,31.819156646728516,30.706249237060547,1016.388427734375,359.92959441670564,357.0930448088161,170.08207856047758,170.13094173379986,-20.380233764648438,-2.9953484535217285,38.290042877197266,359.92920088708564,357.09858814765784,170.17700452956242,-0.0015967059880495071,0.005126601085066795,0.0005845241248607635,0.01600143127143383,0.004127473570406437,0.9862411618232727
2023-05-15 10:11:44.372073,0.706462700009979,40.974609375,31.855810165405273,31.855810165405273,30.704166412353516,1016.389892578125,359.923948351552,357.14356302235166,170.18630724721197,170.22149638181588,-20.228492736816406,-3.147440195083618,39.1951904296875,359.9266783194663,357.1480807656008,170.25944491284446,-0.0013156216591596603,0.003571747336536646,0.00043072178959846497,0.018425889313220978,0.007526569999754429,0.9906277060508728
2023-05-15 10:11:44.631290,0.7080415000027642,40.36159896850586,31.819156646728516,31.819156646728516,30.702083587646484,1016.394775390625,359.9217553205498,357.2099306898562,170.28175231067374,170.32685887995248,-20.56252098083496,-2.9438211917877197,39.2432861328125,359.91865879025653,357.2149195027147,170.377579864729,0.0011184588074684143,0.004050832707434893,0.0018025506287813187,0.018183445557951927,0.008254947140812874,0.9855100512504578
2023-05-15 10:11:44.894739,0.7080415000027642,42.05602264404297,31.764177322387695,31.764177322387695,30.700000762939453,1016.399169921875,359.9115749569424,357.24930544976087,170.46940492793067,170.51496228969464,-20.10015296936035,-2.8666117191314697,39.28205108642578,359.9110160220187,357.25528229217144,170.58181618129072,0.008299602195620537,0.005788830108940601,0.016208840534090996,0.011879850178956985,0.016509894281625748,0.9928209781646729
2023-05-15 10:11:45.156224,0.7034194999969259,40.58479690551758,31.910789489746094,31.910789489746094,30.706249237060547,1016.39697265625,359.94680728715673,357.3619877762536,170.6115275041803,170.6383564872401,-20.190359115600586,-3.12052845954895,38.88100051879883,359.94481712411203,357.36413885895536,170.66619633829706,-0.001528024673461914,0.0020843949168920517,0.005235365591943264,0.012364741414785385,0.002185133285820484,0.9850226640701294
2023-05-15 10:11:45.384375,0.7110168999824964,40.977752685546875,31.764177322387695,31.764177322387695,30.704166412353516,1016.396484375,359.6528952291869,357.36586241450374,171.52785202285085,171.55259096802465,-20.29773712158203,-3.1836695671081543,39.433250427246094,359.6526226085895,357.3722266567063,171.67328041065878,0.015212932601571083,-0.0022703646682202816,0.14837835729122162,-0.0007405069191008806,-0.010131487622857094,0.9855100512504578
2023-05-15 10:11:45.599474,0.7216885000170805,41.09720993041992,31.800830841064453,31.800830841064453,30.706249237060547,1016.3916015625,359.6368485535057,357.3094450519594,173.3083867168248,173.274809506865,-20.29779815673828,-3.5598740577697754,39.41149139404297,359.6340567136824,357.3093818727096,173.3534796257252,0.0035641174763441086,0.0001079110661521554,0.14998438954353333,0.021335240453481674,0.0012139629106968641,0.9791739583015442
2023-05-15 10:11:45.814694,0.7239029999946069,40.86458206176758,31.78250503540039,31.78250503540039,30.704166412353516,1016.385498046875,359.692977367238,357.3216002273611,172.81284283216203,172.79072667962953,-20.075672149658203,-3.3704867362976074,40.01020050048828,359.6960479107958,357.32425802472187,172.6057378361489,-0.006925932131707668,0.07290135324001312,-0.33871448040008545,-0.09774692356586456,-0.084670290350914,1.087375283241272
2023-05-15 10:11:46.022744,0.723137000000861,41.222957611083984,31.72752571105957,31.72752571105957,30.702083587646484,1016.3798828125,0.42100240171241937,357.44142586450863,154.29240240707895,154.62271035534076,-20.85589599609375,-3.2042934894561768,39.938262939453125,0.5248929940828984,357.47486134804313,152.39642385575345,-0.01578347757458687,0.01517458911985159,-3.1074612140655518,-0.37222814559936523,-0.005065743811428547,0.9962327480316162
2023-05-15 10:11:46.260656,0.723137000000861,39.550540924072266,31.745851516723633,31.745851516723633,30.677082061767578,1016.388427734375,1.9403820380065755,359.1099178685334,94.73933416576662,96.22292638557425,-27.822662353515625,-4.397345542907715,39.29704284667969,2.0015263183433527,359.363101668565,91.12467511359081,-0.05060279369354248,0.027391895651817322,-6.946443557739258,-0.7698803544044495,0.6268904209136963,0.9879470467567444
2023-05-15 10:11:46.515197,0.7218812000028265,40.92116928100586,31.654220581054688,31.654220581054688,30.647916793823242,1016.381591796875,0.670580128666477,1.5946683846283836,11.3961194037475,14.254808849718065,-31.279848098754883,-16.7827205657959,39.04067611694336,0.357826300180122,1.7268355332758922,8.37272165348937,-0.024641023948788643,0.05029933899641037,-8.08479118347168,-0.8170259594917297,0.8711397647857666,1.02303946018219
2023-05-15 10:11:46.770316,0.7369402000003902,41.21981430053711,31.61756706237793,31.61756706237793,30.643749237060547,1016.385498046875,357.63218280274333,0.28937758609326564,283.8153323372474,280.8988074107061,-19.120935440063477,-18.904205322265625,39.45731735229492,357.5620376137409,359.9882008465413,270.2057910952143,-0.06343096494674683,0.022810405120253563,-7.99041223526001,-0.7688930630683899,0.8803659081459045,0.9455438256263733
2023-05-15 10:11:47.021105,0.7382453999989593,40.92745590209961,31.580913543701172,31.580913543701172,30.606250762939453,1016.40576171875,358.9981750665775,357.42429660384386,190.58144699663248,189.86479622815807,-22.095182418823242,-9.443612098693848,39.43927001953125,359.40969775269133,357.3273602112655,178.79466786574585,-0.05518428981304169,0.028308192268013954,-7.847164630889893,-0.7363107204437256,0.8373916149139404,0.9808798432350159
2023-05-15 10:11:47.278696,0.7382453999989593,42.052879333496094,31.47095489501953,31.47095489501953,30.59166717529297,1016.406982421875,2.0576642834619223,358.8338794551262,98.80946438274472,99.88013751627925,-29.888019561767578,-17.013811111450195,40.15824890136719,2.1310378040641957,359.1357737630799,93.31386685579578,-0.05671145021915436,0.02952992357313633,-7.764086723327637,-0.7175512313842773,0.8424902558326721,0.9896529316902161
2023-05-15 10:11:47.527764,0.7382453999989593,40.078670501708984,31.342670440673828,31.342670440673828,30.5625,1016.40380859375,0.7066523853857242,1.7243427276722492,16.660096678204845,18.99732764802797,-20.270000457763672,-21.51190185546875,39.8768424987793,0.39783714813166,1.8372167263485872,13.094936006944119,-0.05396255850791931,0.023726703599095345,-7.652604103088379,-0.6963233351707458,0.8135979175567627,0.9767369627952576
2023-05-15 10:11:47.785758,0.7372100000120554,40.62566375732422,31.324344635009766,31.324344635009766,30.537500381469727,1016.414306640625,357.65826067843784,0.5631192149899326,292.41124152092436,289.5400758806611,-20.00699806213379,-10.687710762023926,39.653785705566406,357.5321922483889,0.21800125549298616,277.91882319658623,-0.054878853261470795,0.028919057920575142,-7.513020992279053,-0.6768233776092529,0.7810637354850769,0.9764932990074158
2023-05-15 10:11:48.050631,0.7371423000004143,40.754554748535156,31.36099624633789,31.379323959350586,30.518749237060547,1016.414306640625,358.717801777564,357.45339150216085,199.3205374358804,198.54022930434147,-30.26811408996582,-14.320734977722168,39.792301177978516,359.0210288795404,357.3242080789636,189.80902090339575,-0.05915491282939911,0.02647559717297554,-7.418642520904541,-0.6639878749847412,0.7548421621322632,0.9869722723960876
2023-05-15 10:11:48.309156,0.7371423000004143,38.77406311035156,31.324344635009766,31.324344635009766,30.495834350585938,1016.39404296875,1.816859987857599,358.3384811388701,111.18527538518758,111.71598108369757,-23.016197204589844,-23.404035568237305,39.61140441894531,1.9558024707183488,358.6029959025696,104.89762863151645,-0.05610058456659317,0.02952992357313633,-7.329150676727295,-0.6375765204429626,0.7385750412940979,0.9820983409881592
2023-05-15 10:11:48.559437,0.737058400000933,41.39271545410156,31.36099624633789,31.36099624633789,30.483333587646484,1016.377197265625,1.2764835952565166,1.406647684208213,30.219038171319195,32.26693379016412,-17.327856063842773,-14.143564224243164,39.505558013916016,1.044786930023582,1.574406521733835,27.354110201315468,-0.05396255850791931,0.030140789225697517,-7.203618049621582,-0.6207916736602783,0.717694878578186,0.9923335909843445
2023-05-15 10:11:48.806463,0.7356222999997044,41.95856857299805,31.324344635009766,31.324344635009766,30.46875,1016.368408203125,358.2512881178645,1.3699509987884386,314.392743704128,311.3566597312602,-27.192487716674805,-9.140535354614258,39.08038330078125,357.9817358762087,1.0922928166917247,299.26144314520525,-0.054878853261470795,0.022810405120253563,-7.071671009063721,-0.5980827808380127,0.6766628623008728,0.9881907105445862
2023-05-15 10:11:49.064369,0.7324016999982632,40.18555450439453,31.342670440673828,31.342670440673828,30.447917938232422,1016.363037109375,357.7048284813122,358.3411276237301,227.916258207541,226.38394624838367,-28.54635238647461,-20.40813636779785,38.86665725708008,357.86703053306115,358.10712619653907,217.99994368370636,-0.05884947627782822,0.02250497415661812,-6.983400821685791,-0.5729055404663086,0.6691363453865051,1.0079301595687866
2023-05-15 10:11:49.310914,0.7324016999982632,40.317588806152344,31.30601692199707,31.30601692199707,30.43541717529297,1016.36376953125,0.5880290749755277,357.32415279711995,146.87050028888964,146.61027008151217,-17.93406105041504,-19.98918914794922,39.52677536010742,0.8667711760770108,357.44617434008563,139.02684764983042,-0.05548971891403198,0.027391895651817322,-6.867641925811768,-0.5524181723594666,0.6514124870300293,0.9889218211174011
2023-05-15 10:11:49.570548,0.7141220000003159,39.459373474121094,31.25103759765625,31.25103759765625,30.420833587646484,1016.373046875,2.1490784680963153,359.9432307359711,67.3323463474442,68.91518121589212,-20.360671997070312,-9.33886432647705,39.28061294555664,2.08745244597964,0.20738267255135676,64.02753199677684,-0.05090823024511337,0.020061511546373367,-6.749744892120361,-0.5413106083869934,0.6171786785125732,0.9650395512580872
2023-05-15 10:11:49.813509,0.7346487999948295,41.40843200683594,31.19605827331543,31.19605827331543,30.399999618530273,1016.385986328125,0.0022883447412773523,1.9287894994377714,355.45757458163337,351.52042089071944,-30.520835876464844,-13.082427024841309,39.05962371826172,359.69975971840336,1.9314434548171444,340.285516149499,-0.049686498939991,0.018228916451334953,-6.66178035736084,-0.5176143050193787,0.596055805683136,0.9572411775588989
2023-05-15 10:11:50.070915,0.7373960999993869,39.92777633666992,31.30601692199707,31.30601692199707,30.383333206176758,1016.3837890625,357.54082944948124,0.2024013302123018,268.8723947352553,266.35661066769694,-25.10491371154785,-23.22522735595703,39.598716735839844,357.4885264221382,359.9470349645758,257.4115900249732,-0.050297364592552185,0.02097781002521515,-6.578702926635742,-0.5148991346359253,0.5916854739189148,0.974299967288971
2023-05-15 10:11:50.320417,0.7373960999993869,40.26729202270508,31.067773818969727,31.067773818969727,30.375,1016.383056640625,358.52014485416373,357.6004828275882,190.6912491177296,189.58244986824806,-16.48965072631836,-17.844945907592773,40.13975143432617,358.74454239505144,357.47678212530377,182.22405484896157,-0.044799577444791794,0.027086462825536728,-6.467219829559326,-0.49416497349739075,0.5878008008003235,0.9906277060508728
2023-05-15 10:11:50.566789,0.7359234999976252,41.05005645751953,31.177732467651367,31.177732467651367,30.366666793823242,1016.38232421875,1.2346938298717338,357.7174609161821,116.81585111051432,117.5766522217837,-22.430166244506836,-8.34554672241211,39.793827056884766,1.43082271188865,357.89321256914053,112.24320338573087,-0.04052352160215378,0.029224490746855736,-6.321834087371826,-0.473924458026886,0.5538098216056824,0.9918461441993713
2023-05-15 10:11:50.808245,0.7325048999982755,39.94664001464844,31.232711791992188,31.232711791992188,30.335416793823242,1016.373291015625,1.9662904396323149,0.3156838462381582,47.790744830120005,49.978543213734305,-31.749908447265625,-13.465086936950684,39.46818161010742,1.8656629701378096,0.5644665765254233,45.49405957075737,-0.04541044309735298,0.02097781002521515,-6.2201247215271,-0.4618294835090637,0.5258887410163879,0.9986696839332581
2023-05-15 10:11:51.067710,0.6375015000012354,40.918025970458984,31.086101531982422,31.086101531982422,30.327083587646484,1016.380126953125,359.7432277893332,1.8979710455724392,339.1408208408345,335.15307807317237,-25.58139419555664,-23.51273536682129,39.45356750488281,359.50565641436214,1.882253286188359,325.20690025473914,-0.04754847288131714,0.02036694437265396,-6.126967906951904,-0.4623231887817383,0.5472544431686401,0.981610894203186
2023-05-15 10:11:51.314495,0.6375015000012354,40.603660583496094,31.122753143310547,31.122753143310547,30.308334350585938,1016.377685546875,357.52433881150387,0.3335384142958211,262.2466058063443,259.6353015432434,-15.757858276367188,-18.82969856262207,39.32359313964844,357.4509108628317,0.06594104081557657,250.46118952556816,-0.041745252907276154,0.022199541330337524,-6.024953365325928,-0.4213484525680542,0.5579373240470886,0.984535276889801
2023-05-15 10:11:51.571618,0.735127700000703,40.49363327026367,31.141080856323242,31.141080856323242,30.291667938232422,1016.390869140625,358.3312721943663,357.6751094744598,185.6838188711398,185.1362152846232,-21.735994338989258,-8.44567584991455,39.382747650146484,358.57329333085994,357.5135353732276,177.6485894437744,-0.03899635747075081,0.024337569251656532,-5.903696537017822,-0.40703198313713074,0.4809720814228058,0.9730815291404724
2023-05-15 10:11:51.828564,0.7354502999996839,42.17233657836914,31.141080856323242,31.141080856323242,30.264583587646484,1016.392333984375,1.01857020938984,357.54391498743877,116.45517614120263,117.33008239274623,-31.597835540771484,-12.715293884277344,39.20206832885742,1.2102432467469693,357.67917557145006,112.48305230862503,-0.045715875923633575,0.01883978210389614,-5.821229934692383,-0.3986395597457886,0.4724743366241455,0.9855100512504578
2023-05-15 10:11:52.072254,0.7354502999996839,40.56279373168945,31.086101531982422,31.104427337646484,30.25208282470703,1016.41064453125,2.1056587420991324,359.9368304551825,51.10216055862018,52.90932274507341,-27.591527938842773,-23.553760528564453,39.65260314941406,2.058518483994997,0.17289344557439223,48.59230851035603,-0.05365712195634842,0.02036694437265396,-5.762892246246338,-0.3865446150302887,0.4603347182273865,0.9828293919563293
2023-05-15 10:11:52.323385,0.735596000004989,40.5565071105957,31.067773818969727,31.067773818969727,30.245834350585938,1016.414306640625,0.42440543674467246,1.8446761466958874,349.2351770519902,344.78543943509476,-17.0150203704834,-21.53019142150879,40.119876861572266,0.20315597273409566,1.8999579902906782,334.8659693638636,-0.044188711792230606,0.023115837946534157,-5.671873569488525,-0.37568384408950806,0.44358202815055847,0.9986696839332581
2023-05-15 10:11:52.568677,0.7364500000003318,41.304691314697266,31.012794494628906,31.012794494628906,30.237499237060547,1016.41943359375,358.00673031314614,1.0739343354197883,275.46084301997377,272.8391295485777,-17.4986572265625,-10.679932594299316,40.29165267944336,357.86179476617554,0.8831810257230838,264.52892034769326,-0.04357784613966942,0.017618050798773766,-5.542675495147705,-0.34260785579681396,0.42245906591415405,0.9974511861801147
2023-05-15 10:11:52.820214,0.7364500000003318,39.63541793823242,31.0311222076416,31.0311222076416,30.22083282470703,1016.41650390625,357.64282124926245,358.6868759616627,207.55909795237145,206.7720279335542,-28.09009552001953,-7.739202499389648,39.734375,357.73574234438246,358.4948057061166,200.70559051653225,-0.04602130502462387,0.013036561198532581,-5.438828468322754,-0.337671160697937,0.4210023283958435,0.9786865711212158
2023-05-15 10:11:53.066500,0.7298826999895027,39.65113830566406,31.141080856323242,31.141080856323242,30.204166412353516,1016.4111328125,359.6129077799694,357.25524216481006,143.812064521963,144.06125714364174,-32.14051055908203,-17.338172912597656,39.80244827270508,359.835512209437,357.2536379241288,138.53551116169638,-0.047243036329746246,0.01883978210389614,-5.36124849319458,-0.33890533447265625,0.39405232667922974,0.9796612858772278
2023-05-15 10:11:53.325474,0.7301792999905956,40.188697814941406,31.104427337646484,31.104427337646484,30.195833206176758,1016.40576171875,1.7370383417920103,358.43873604288973,80.05519243142624,81.17944839899951,-23.130691528320312,-24.679401397705078,39.914306640625,1.8342014112734382,358.6203565358925,77.09541874706042,-0.0643472671508789,0.011203965172171593,-5.263815402984619,-0.29965847730636597,0.37657126784324646,0.9964764714241028
2023-05-15 10:11:53.574388,0.7327664000067671,40.84257507324219,31.012794494628906,31.012794494628906,30.18958282470703,1016.3837890625,1.7684921099718596,0.6824738892498492,22.426017724577257,24.481790259082498,-15.170842170715332,-18.17148208618164,40.16278839111328,1.652235673552484,0.8734262349278362,21.033552181128634,-0.03380400314927101,0.01883978210389614,-5.167298793792725,-0.31125977635383606,0.4350842833518982,0.9935520887374878
2023-05-15 10:11:53.831774,0.7335520999968139,41.861114501953125,31.122753143310547,31.122753143310547,30.177082061767578,1016.37353515625,359.7387084452585,1.8910527042734508,324.52586892278634,321.0506652579893,-20.1678524017334,-8.332966804504395,39.75248336791992,359.5320372729794,1.8801322990076583,312.7320412640473,-0.03227683901786804,0.024337569251656532,-5.071698188781738,-0.30360785126686096,0.36467444896698,0.9923335909843445
2023-05-15 10:11:54.081693,0.7327664000067671,41.03748321533203,31.049448013305664,31.049448013305664,30.15833282470703,1016.36328125,357.79742941131485,0.7723201185829011,260.15730558075074,258.29203555993365,-30.8321533203125,-9.20324420928955,39.47866439819336,357.7088781431597,0.6053559308785278,251.56923062405184,-0.02830621600151062,0.02800276130437851,-5.0078630447387695,-0.2850951850414276,0.3573906719684601,0.9928209781646729
2023-05-15 10:11:54.323097,0.7327506999909019,40.74512481689453,31.0311222076416,31.0311222076416,30.135417938232422,1016.369384765625,357.68487557775586,358.59397973270006,199.7080413882519,198.81380570135715,-32.558616638183594,-19.623294830322266,40.06981658935547,357.77013725605195,358.4154339987626,193.06290936361148,-0.038690924644470215,0.008149639703333378,-4.940667629241943,-0.2742343842983246,0.33529654145240784,0.9750310778617859
2023-05-15 10:11:54.564354,0.7334283000100186,42.89851760864258,30.939489364624023,30.939489364624023,30.12708282470703,1016.37744140625,359.42040882333123,357.2602817772005,141.46004790013407,141.3973877446884,-23.549522399902344,-25.08656120300293,39.4568977355957,359.63416482277034,357.23078603215663,136.10717400608172,-0.03991265594959259,0.007844206877052784,-4.85942268371582,-0.2643609642982483,0.32412806153297424,0.9552916288375854
2023-05-15 10:11:54.823000,0.7299935000000914,41.94285202026367,31.0311222076416,31.0311222076416,30.118749618530273,1016.379150390625,1.595595476086507,358.061625824166,82.1861021694435,83.12069744414386,-15.400032043457031,-18.85190200805664,39.37145233154297,1.7182752785334563,358.22270462996164,79.22630799451018,-0.03594203293323517,0.01883978210389614,-4.751605033874512,-0.24979767203330994,0.31781548261642456,0.9852663278579712
2023-05-15 10:11:55.078962,0.7267628000145123,39.78316879272461,30.939489364624023,30.939489364624023,30.104167938232422,1016.392578125,2.1039531157973332,0.20672952237176104,30.13659095784797,32.46995774814816,-18.532032012939453,-8.185847282409668,39.73744201660156,2.0441153225827327,0.39102571530143837,30.274953514959503,-0.03685832768678665,0.022810405120253563,-4.596445083618164,-0.22955715656280518,0.2923222780227661,0.9891654849052429
2023-05-15 10:11:55.320337,0.7267731999954776,40.49677658081055,30.81120491027832,30.81120491027832,30.085416793823242,1016.405029296875,0.6823965693740106,1.8157385561732475,342.3312841644175,338.7878076362243,-28.480031967163086,-6.5636701583862305,39.77756881713867,0.4918841305672548,1.8862060447270923,330.5595760733056,-0.03991265594959259,0.013647425919771194,-4.4666361808776855,-0.2194368839263916,0.2813965976238251,0.9818546175956726
2023-05-15 10:11:55.578059,0.7254201000032481,41.90827178955078,30.957815170288086,30.957815170288086,30.06458282470703,1016.39111328125,358.44842669393984,1.5936163220527901,281.01919632501676,278.54755577006426,-33.17051696777344,-16.452476501464844,39.609642028808594,358.3039409789591,1.482549975628978,271.75964547101387,-0.0444941446185112,0.016090888530015945,-4.396386623382568,-0.21474701166152954,0.26537227630615234,0.9594345092773438
2023-05-15 10:11:55.827836,0.7257791999800247,40.73883819580078,30.884510040283203,30.884510040283203,30.0625,1016.388427734375,357.3845728639613,359.83099777456073,225.3335997578191,223.6887126207616,-27.81099510192871,-25.254507064819336,39.18059158325195,357.3673646292343,359.6355011652897,217.3030731430683,-0.026168186217546463,0.02250497415661812,-4.321861267089844,-0.21104447543621063,0.27532678842544556,0.9867285490036011
2023-05-15 10:11:56.086059,0.7266067000055045,40.701114654541016,30.939489364624023,30.939489364624023,30.066665649414062,1016.38720703125,358.0762785009264,357.86860681265557,169.48901323484537,168.706478461637,-17.267248153686523,-24.21684455871582,39.33631134033203,358.22537235244107,357.7297791623502,162.87866053345866,-0.030444243922829628,0.008455071598291397,-4.229926109313965,-0.19944319128990173,0.25420382618904114,0.9755184650421143
2023-05-15 10:11:56.340253,0.7291687999904752,41.03119659423828,30.847856521606445,30.847856521606445,30.058334350585938,1016.396484375,359.9797386590413,357.169736734138,118.19959279484554,118.51842602530174,-14.389232635498047,-14.977983474731445,39.47964859008789,0.1590053631348688,357.19678001438297,114.49211147184926,-0.033193137496709824,0.018534349277615547,-4.12119197845459,-0.19105078279972076,0.18695028126239777,0.9735689163208008
2023-05-15 10:11:56.599443,0.7261241000160226,40.85200881958008,30.994468688964844,30.994468688964844,30.045833587646484,1016.403076171875,1.7634746956962504,358.1842307079755,68.7542209779116,70.50739393407048,-20.568750381469727,-6.664961814880371,39.76225280761719,1.8484099122943574,358.32177972552387,68.37735163007781,-0.02677905187010765,0.019756080582737923,-4.027424335479736,-0.17722800374031067,0.22385476529598236,0.9908714294433594
2023-05-15 10:11:56.848390,0.7261241000160226,40.984039306640625,30.81120491027832,30.81120491027832,30.020832061767578,1016.4033203125,2.1712849071919074,0.11672614532694607,26.017129699589447,28.777407218677528,-30.171314239501953,-7.926469326019287,39.74026870727539,2.1077043837555514,0.32888943002899607,26.32907297672039,-0.031665973365306854,0.01731261797249317,-3.9364054203033447,-0.1671077311038971,0.21559982001781464,0.9830730557441711
2023-05-15 10:11:57.105814,0.7261241000160226,42.398677825927734,30.884510040283203,30.884510040283203,30.00208282470703,1016.392333984375,0.9517655165001205,1.7541152020992172,342.6753481136677,338.9247341460628,-34.77729797363281,-16.685029983520508,40.043067932128906,0.7721934399181385,1.8435502326998932,330.54561516664205,-0.025557322427630424,0.020061511546373367,-3.8551602363586426,-0.15970265865325928,0.21948447823524475,0.9864848256111145
2023-05-15 10:11:57.363266,0.7249738999926194,40.371028900146484,30.847856521606445,30.847856521606445,29.985416412353516,1016.40625,359.11385739358064,1.9834026248241354,289.79500586124266,286.82122345888916,-29.02714729309082,-25.18975257873535,39.75117874145508,358.95661966205864,1.9315051399630863,280.13712520503384,-0.028611648827791214,0.007844206877052784,-3.800793409347534,-0.14143681526184082,0.2029745876789093,0.9786865711212158
2023-05-15 10:11:57.605482,0.7236014999998588,41.01547622680664,30.884510040283203,30.884510040283203,29.981250762939453,1016.38623046875,357.60892408762874,0.7666792894629696,239.88994865278852,237.68079226763962,-19.323314666748047,-26.03693962097168,39.64270782470703,357.53319820718764,0.6101355691936557,231.51751642856524,-0.028611648827791214,0.007844206877052784,-3.730543851852417,-0.12909504771232605,0.19641919434070587,0.9791739583015442
2023-05-15 10:11:57.863910,0.7220035999816901,43.59326171875,30.86618423461914,30.86618423461914,29.972915649414062,1016.37646484375,357.43582254806824,358.7889764041404,189.92716951565862,188.71993357985886,-13.596259117126465,-18.326513290405273,39.33314895629883,357.491202362189,358.64994278094287,184.0270745256832,-0.023113861680030823,0.01731261797249317,-3.6202826499938965,-0.13847480714321136,0.18864983320236206,0.9811235070228577
2023-05-15 10:11:58.114283,0.7220035999816901,40.50620651245117,30.792877197265625,30.792877197265625,29.958332061767578,1016.389404296875,358.51974891663525,357.4143093731734,145.68951960025942,145.7763722857453,-16.14891242980957,-9.52319622039795,39.833717346191406,358.69429141266716,357.31128023841205,141.319714833447,-0.030444243922829628,0.007233341224491596,-3.476729393005371,-0.1145317405462265,0.17141155898571014,0.9889218211174011
2023-05-15 10:11:58.372424,0.7223488999907204,38.909236907958984,30.939489364624023,30.939489364624023,29.954166412353516,1016.403076171875,0.2973686406179161,357.0156845921727,103.76350304059252,105.02623426339863,-25.080596923828125,-5.638378143310547,39.48455047607422,0.4394502624129478,357.06259305073183,103.00850075992848,-0.023113861680030823,0.009676801972091198,-3.3362302780151367,-0.11206338554620743,0.1699548065662384,0.9877033233642578
2023-05-15 10:11:58.621138,0.7223488999907204,39.12929153442383,30.792877197265625,30.792877197265625,29.954166412353516,1016.395263671875,1.7667921399204667,357.8764024063761,67.75927415170501,69.7019028950617,-32.63190460205078,-8.618629455566406,40.231319427490234,1.8807149995212251,358.0231767683373,67.44009941179031,-0.02586275339126587,0.006622476037591696,-3.2186386585235596,-0.09601906687021255,0.15223094820976257,0.9784428477287292
2023-05-15 10:11:58.878931,0.720365899997887,41.603336334228516,30.92116355895996,30.92116355895996,29.9375,1016.393798828125,2.3281924951170834,359.5220327000318,32.076999889724405,34.527142424264305,-35.24552917480469,-16.797813415527344,39.87254333496094,2.3264452473500294,359.6588131078551,33.81560746747822,-0.02586275339126587,0.013647425919771194,-3.1541924476623535,-0.10342413187026978,0.14276203513145447,0.9784428477287292
2023-05-15 10:11:59.134877,0.7213152000085756,41.71336364746094,30.902835845947266,30.902835845947266,29.9375,1016.4052734375,1.7946563235263568,1.1186484889863941,359.0084872648421,354.6615032272637,-31.122400283813477,-24.8995418548584,39.58405303955078,1.6905765135715274,1.2361561306843514,346.9434155052455,-0.020059535279870033,0.018228916451334953,-3.0781397819519043,-0.08293677866458893,0.13207915425300598,0.9850226640701294
2023-05-15 10:11:59.392600,0.7213152000085756,38.83064651489258,30.902835845947266,30.902835845947266,29.933334350585938,1016.3935546875,0.4426283814502665,2.10051518276729,312.87945723690376,309.20223023683604,-21.8941650390625,-27.411256790161133,38.92401123046875,0.31472721954795974,2.128349484295561,302.6277770097269,-0.020364968106150627,0.015480021946132183,-2.9858992099761963,-0.09379754960536957,0.1369350105524063,0.9842915534973145
2023-05-15 10:11:59.641338,0.7230381000008492,41.36127853393555,30.81120491027832,30.81120491027832,29.924999237060547,1016.405029296875,358.8655815647154,2.0341479421495685,270.8478561979522,267.8662395686207,-14.872550010681152,-23.1077938079834,38.7308349609375,358.7321055810682,1.979318598587291,261.8563697783048,-0.02128126472234726,0.015480021946132183,-2.8896877765655518,-0.07800006866455078,0.17918092012405396,0.9957453608512878
2023-05-15 10:11:59.899144,0.7179318999997122,42.03401565551758,30.81120491027832,30.81120491027832,29.918750762939453,1016.408935546875,358.3002349610041,1.2505306906794662,229.65355780406875,227.5905264860231,-12.546329498291016,-15.412293434143066,39.34419631958008,358.2190919934992,1.1772462827015202,222.91348614996517,-0.021586697548627853,0.013036561198532581,-2.7855353355407715,-0.07405069470405579,0.10974223911762238,0.9872159361839294
2023-05-15 10:12:00.148971,0.7218120999832536,40.50934982299805,30.792877197265625,30.792877197265625,29.90833282470703,1016.422607421875,357.5987900078911,0.1898124644787485,193.34242802520507,192.5177373244394,-15.689484596252441,-8.333757400512695,39.2388801574707,357.565498385216,0.0759525840246145,188.84634672101745,-0.020670399069786072,0.01059310045093298,-2.6819937229156494,-0.0678798034787178,0.11022783070802689,0.9828293919563293
2023-05-15 10:12:00.406466,0.7171638000054372,40.58794021606445,30.81120491027832,30.81120491027832,29.889583587646484,1016.41796875,357.58558042203634,358.88933642904016,158.99349866939366,159.23881174362384,-22.489999771118164,-4.670765399932861,38.75325393676758,357.61709064599853,358.7971616388087,156.9567499192742,-0.015172612853348255,0.014258291572332382,-2.5983049869537354,-0.05751270428299904,0.10221567749977112,0.9842915534973145
2023-05-15 10:12:00.655595,0.7175750999986121,41.71650695800781,30.81120491027832,30.81120491027832,29.881250381469727,1016.425048828125,358.24501533616376,357.89507400913277,129.37883661697222,130.2553411327816,-29.513641357421875,-5.165250301361084,39.283226013183594,358.3315438011075,357.8333039127133,128.42019224620424,-0.013950882479548454,0.011509397998452187,-2.521336078643799,-0.058253213763237,0.09930216521024704,0.9855100512504578
2023-05-15 10:12:00.914995,0.7192979000146806,39.861759185791016,30.774551391601562,30.774551391601562,29.870834350585938,1016.404296875,359.3139285220483,357.3648953024059,99.82610388975527,101.16111900454763,-35.02341842651367,-10.451353073120117,40.02861785888672,359.40593191722024,357.34710500749554,100.04930764164212,-0.020975831896066666,0.00692790886387229,-2.438258409500122,-0.042208895087242126,0.08230668306350708,0.9779554605484009
2023-05-15 10:12:01.165661,0.7120703000064168,41.06892013549805,30.737897872924805,30.737897872924805,29.852083206176758,1016.40869140625,0.40470653084812097,357.4401257806888,74.12953204338744,75.76715185916805,-35.985801696777344,-17.882549285888672,40.280269622802734,0.4960279209593369,357.4699141566499,74.81528303605673,-0.02128126472234726,0.008760504424571991,-2.360373020172119,-0.04196205735206604,0.08157830685377121,0.9857537150382996
2023-05-15 10:12:01.422918,0.7149853000109943,41.32984161376953,30.719572067260742,30.719572067260742,29.850000381469727,1016.40234375,1.2966833461183003,358.024135556142,48.1876129718436,50.11779369543794,-32.378944396972656,-24.507200241088867,39.93243408203125,1.3654654854944444,358.10388954064615,49.09587445219897,-0.022502996027469635,0.0032627172768115997,-2.2974538803100586,-0.03653167560696602,0.07138101756572723,0.973325252532959
2023-05-15 10:12:01.677626,0.7149853000109943,40.42447280883789,30.774551391601562,30.774551391601562,29.850000381469727,1016.409423828125,1.8355787616082537,358.857767081253,23.956961938353302,26.16210387981755,-26.2164249420166,-28.020721435546875,39.8696174621582,1.8601727787055886,358.9449357697097,25.971290592522198,-0.01578347757458687,0.011203965172171593,-2.2268989086151123,-0.03924686834216118,0.07599407434463501,0.9838041663169861
2023-05-15 10:12:01.929972,0.7156098999994356,41.345558166503906,30.664592742919922,30.664592742919922,29.839584350585938,1016.411865234375,1.9211864316744893,359.86109595029353,2.360113384203138,4.809808114465578,-19.353891372680664,-27.820117950439453,39.75751495361328,1.9112143554862708,359.9427347935342,5.028881736338683,-0.015478044748306274,0.009982234798371792,-2.1514570713043213,-0.04171522334218025,0.07599407434463501,0.9889218211174011
2023-05-15 10:12:02.175419,0.7190534999845113,42.386104583740234,30.7562255859375,30.7562255859375,29.835416793823242,1016.414794921875,1.58754375027212,0.7370253828511246,342.03202454857524,337.56744066174514,-14.238870620727539,-24.404151916503906,39.33501434326172,1.5290612159992376,0.8210883095870267,330.4935418044099,-0.016394343227148056,0.00692790886387229,-2.0851783752441406,-0.028632935136556625,0.06773912906646729,0.9842915534973145
2023-05-15 10:12:02.429496,0.7184236000066448,42.27607727050781,30.70124626159668,30.70124626159668,29.84166717529297,1016.410888671875,0.9000561820063638,1.3852584132137893,307.6902756564999,303.9230814046848,-12.022904396057129,-18.18996810913086,39.4214973449707,0.8206035795993674,1.432041046881851,297.8440149678875,-0.016088910400867462,0.00753877405077219,-1.987439751625061,-0.026164578273892403,0.06409724056720734,0.9850226640701294
2023-05-15 10:12:02.686352,0.7141603000045507,42.00886535644531,30.664592742919922,30.664592742919922,29.825000762939453,1016.401611328125,0.07830039485074025,1.709676177090116,276.4632347523757,273.5553158641886,-13.04110050201416,-11.927891731262207,39.27623748779297,359.9875703897319,1.7274438469988465,268.32511899781883,-0.017005208879709244,0.007233341224491596,-1.900696873664856,-0.02270887978374958,0.05802742764353752,0.9857537150382996
2023-05-15 10:12:02.944791,0.7083873999827119,41.870548248291016,30.664592742919922,30.664592742919922,29.822917938232422,1016.386962890625,359.1869620288452,1.651143803780634,247.6233552084546,245.74307926203096,-16.4074649810791,-7.1430745124816895,39.370059967041016,359.1238328848634,1.631809032344209,242.21165289508093,-0.01242371927946806,0.009676801972091198,-1.7873814105987549,-0.01999368704855442,0.054385535418987274,0.9850226640701294
2023-05-15 10:12:03.198940,0.7120624999979555,41.26068115234375,30.737897872924805,30.737897872924805,29.816665649414062,1016.382080078125,358.4698248228358,1.3192697144864747,223.20756677486924,222.12264586672606,-20.95937156677246,-4.513937950134277,39.81258773803711,358.4173545625798,1.2815927901990976,219.40655284137878,-0.016088910400867462,0.009065937250852585,-1.6545181274414062,-0.008886083029210567,0.051472026854753494,0.9881907105445862
2023-05-15 10:12:03.440821,0.7125232999906075,42.03715896606445,30.7562255859375,30.7562255859375,29.806249618530273,1016.39453125,357.9510375909841,0.7983585072462821,202.27519530855787,201.7280425145265,-25.9647274017334,-3.547393798828125,39.728553771972656,357.9169325354675,0.7445278654067076,199.5734046993326,-0.01242371927946806,0.0026518520899116993,-1.5222657918930054,-0.0004936712794005871,0.042245909571647644,0.9850226640701294
2023-05-15 10:12:03.698455,0.7104046999993443,40.29558181762695,30.664592742919922,30.664592742919922,29.804166793823242,1016.399169921875,357.6587215027634,0.1544248808629422,182.91037957752113,182.74758884884304,-30.61825180053711,-4.827785968780518,39.46051025390625,357.6440508967565,0.09778265568455538,181.0924837487872,-0.013340016826987267,0.002040986903011799,-1.408339500427246,0.00048489184700883925,0.03399096056818962,0.9818546175956726
2023-05-15 10:12:03.949709,0.7048762000076749,42.2446403503418,30.829530715942383,30.829530715942383,29.806249618530273,1016.406494140625,357.58336936173595,359.52497085531365,166.46444154582363,166.55839762804635,-33.97791290283203,-7.479291915893555,39.57511520385742,357.5815318274058,359.4738027065899,165.3547816925067,-0.010285690426826477,0.0032627172768115997,-1.3057141304016113,0.0041215806268155575,0.03350537270307541,0.9881907105445862
2023-05-15 10:12:04.203835,0.7093113999881098,43.08399200439453,30.774551391601562,30.774551391601562,29.799999237060547,1016.42529296875,357.6680581579154,358.90671499160965,150.87163876506145,151.18324565537577,-36.21237564086914,-11.044273376464844,39.58811569213867,357.68076956684763,358.8578799928177,150.17726807365963,-0.010896556079387665,0.004484447650611401,-1.2104191780090332,0.00630359398201108,0.027921147644519806,0.9894092082977295
2023-05-15 10:12:04.463293,0.709803800010377,42.70989990234375,30.7562255859375,30.7562255859375,29.793750762939453,1016.42919921875,357.8898025971974,358.4175733420767,137.18499151748807,137.66794053332134,-37.16909408569336,-15.047526359558105,39.868980407714844,357.91182141953425,358.38014134410406,136.96060614287484,-0.008758527226746082,0.0047898804768919945,-1.1365044116973877,0.007030931767076254,0.025978805497288704,0.9859974384307861
2023-05-15 10:12:04.705473,0.7094758000002912,39.64170455932617,30.774551391601562,30.774551391601562,29.785415649414062,1016.410400390625,358.1930181732295,358.0152104198875,124.79424972151958,125.42710772925628,-36.843605041503906,-18.631826400756836,40.21373748779297,358.22454141723983,357.98560773969444,124.8782200671757,-0.00509333610534668,0.006011610850691795,-1.0772504806518555,0.001939567388035357,0.025250427424907684,0.9889218211174011
2023-05-15 10:12:04.960227,0.708986499990715,39.75802230834961,30.6096134185791,30.6096134185791,29.78333282470703,1016.411865234375,358.5890560200821,357.6361987405319,113.20845254942623,113.97400747235794,-35.3212776184082,-21.72625160217285,40.39579772949219,358.6193157858177,357.6139425691214,113.70106628293506,-0.009063960053026676,0.006011610850691795,-1.0292975902557373,0.011879850178956985,0.021851330995559692,0.9820983409881592
2023-05-15 10:12:05.202264,0.7092030999965573,41.826534271240234,30.55463409423828,30.55463409423828,29.78125,1016.40966796875,358.9457157986572,357.3804581018732,102.76106349686643,103.62848386107972,-33.4659423828125,-25.03894805908203,39.62825012207031,358.98872859479025,357.3697737650206,103.40662565645935,-0.003566172905266285,0.005400745663791895,-0.9856207966804504,0.005576256196945906,0.02282250113785267,0.9864848256111145
2023-05-15 10:12:05.461373,0.7092030999965573,41.304691314697266,30.682918548583984,30.682918548583984,29.777084350585938,1016.413818359375,359.3817759927252,357.2748723419281,92.24762651503261,93.2180393017405,-30.86210823059082,-27.6553897857666,39.810604095458984,359.42520489678907,357.27541790328803,93.16593178856247,-0.01364544965326786,0.0014301215996965766,-0.932780921459198,-0.013082289136946201,0.018695026636123657,0.9669890999794006
2023-05-15 10:12:05.717858,0.7170693000043684,41.40528869628906,30.664592742919922,30.664592742919922,29.772916793823242,1016.408935546875,359.752332751662,357.83174919090345,83.18540665634056,84.24850511008553,-27.850879669189453,-28.785587310791016,39.8835563659668,359.7811843645104,357.8418145418625,84.40320206459715,-0.006620499305427074,0.00753877405077219,-0.8698618412017822,0.00024244592350441962,0.021851330995559692,0.9916024804115295
2023-05-15 10:12:05.960853,0.7170693000043684,41.27325439453125,30.719572067260742,30.719572067260742,29.768749237060547,1016.428955078125,0.06142152998818425,357.92126330228814,75.04585656205802,76.19069188960054,-24.820268630981445,-29.425373077392578,39.85516357421875,0.11045517122512151,357.9205341795942,76.42436632148501,-0.007842229679226875,0.0038735824637115,-0.8240469098091125,0.004848918411880732,0.028163937851786613,0.9991570711135864
2023-05-15 10:12:06.215669,0.7121862000085457,40.936885833740234,30.737897872924805,30.737897872924805,29.768749237060547,1016.43701171875,0.3071878646430293,357.98994000061896,67.59017915842301,68.81646449181792,-22.125877380371094,-29.44263458251953,39.687564849853516,0.3231436134310022,357.9975479775807,69.25717561782383,-0.007536796852946281,0.0011246888898313046,-0.7660147547721863,0.01648632250726223,0.025250427424907684,0.9901403188705444
2023-05-15 10:12:06.459039,0.7131215999843334,43.555538177490234,30.719572067260742,30.719572067260742,29.772916793823242,1016.45263671875,0.50968456403966,358.78041124019944,61.31714217938654,62.593533780532674,-19.60256004333496,-29.121591567993164,39.723636627197266,0.5154428403968039,358.7888996712339,63.094200307072946,-0.005704201757907867,0.0026518520899116993,-0.6899620294570923,0.015274092555046082,0.019423406571149826,0.9850226640701294
2023-05-15 10:12:06.716770,0.703433100012262,41.52474594116211,30.792877197265625,30.792877197265625,29.78125,1016.447509765625,0.5878552786776626,359.59588193263755,55.5616593696132,56.88407278538688,-17.270692825317383,-28.5052547454834,39.756778717041016,0.5853991853408084,359.60355108781715,57.558413947047654,-0.006925932131707668,0.0014301215996965766,-0.6258211731910706,0.014546754769980907,0.015781516209244728,0.9862411618232727
2023-05-15 10:12:06.967652,0.703433100012262,41.883121490478516,30.682918548583984,30.682918548583984,29.78125,1016.46923828125,0.5762036696447084,359.68343148418177,51.05991242350906,52.43464167323045,-15.49673843383789,-27.217985153198242,40.11384963989258,0.5736662010071958,359.69114663641653,53.135497629249215,-0.005704201757907867,0.0011246888898313046,-0.5671780705451965,0.01769855059683323,0.017481066286563873,0.9862411618232727
2023-05-15 10:12:07.225169,0.704498699998112,40.83314514160156,30.737897872924805,30.737897872924805,29.78125,1016.463623046875,0.5192728689738886,359.80017453155887,47.018223114234885,48.43919957482643,-13.772955894470215,-26.118640899658203,39.898841857910156,0.5134310295211177,359.8106016157397,49.22064834795676,-0.00936939287930727,0.0014301215996965766,-0.5021209120750427,0.01648632250726223,0.011896836571395397,0.9894092082977295
2023-05-15 10:12:07.478970,0.704498699998112,40.87715530395508,30.737897872924805,30.737897872924805,29.77916717529297,1016.444580078125,0.4932502217621102,359.17400532007224,44.07054910998375,45.55653872619006,-13.026266098022461,-24.57678985595703,39.59205627441406,0.49402432765499593,359.1805930375267,46.542090627193296,-0.00509333610534668,0.0011246888898313046,-0.4413398504257202,0.01648632250726223,0.011896836571395397,0.9872159361839294
2023-05-15 10:12:07.738488,0.6616468999945937,44.21884536743164,30.81120491027832,30.81120491027832,29.787500381469727,1016.42822265625,0.5243402290078033,359.2402599692904,41.874400820109116,43.4159506101189,-12.488633155822754,-23.310487747192383,39.592411041259766,0.5257697128958929,359.24694000102033,44.46241755323489,-0.002344442531466484,-0.07614976912736893,-0.37811529636383057,0.01745610684156418,0.016024310141801834,0.9864848256111145
2023-05-15 10:12:07.995718,0.70396769999752,40.75141143798828,30.847856521606445,30.847856521606445,29.78125,1016.4306640625,0.5710366315375938,359.2315628973211,40.69580386749922,42.25233909254801,-11.609888076782227,-22.151071548461914,39.22783660888672,0.5720338925172685,359.2376609222286,43.34926064306289,-0.0011227112263441086,0.0011246888898313046,-0.3173341751098633,0.01575898379087448,0.011411250568926334,0.9864848256111145
2023-05-15 10:12:08.253754,0.7048148999965633,42.52756881713867,30.774551391601562,30.774551391601562,29.785415649414062,1016.4111328125,0.5844121162840357,359.18586573012254,40.08349448388051,41.65120731350602,-11.163829803466797,-21.125669479370117,39.860862731933594,0.5859985344404769,359.1922094283968,42.87929923193641,-0.006009633652865887,-0.07614976912736893,-0.2550259232521057,0.01769855059683323,0.011168458499014378,0.9862411618232727
2023-05-15 10:12:08.511291,0.7096568000188199,41.046913146972656,30.664592742919922,30.664592742919922,29.78125,1016.410400390625,0.5738581933558966,359.16105981707835,40.4607053411728,42.03415894479571,-10.957137107849121,-20.269184112548828,39.41820526123047,0.5741426067018042,359.1647869659311,43.37960034335609,0.0002970844507217407,0.0007234038785099983,-0.17970450222492218,0.017940998077392578,0.011168458499014378,0.9855100512504578
2023-05-15 10:12:08.770131,0.7056895000014265,41.612770080566406,30.682918548583984,30.682918548583984,29.77916717529297,1016.424560546875,0.5849460449780602,359.17745472568566,41.827982854509706,43.38550162679898,-11.01676082611084,-19.753938674926758,39.55519104003906,0.5835075431058321,359.250923975658,44.81530610689277,-0.002842208370566368,-0.001217820099554956,-0.0974089577794075,0.018668334931135178,0.012382421642541885,0.9891654849052429
2023-05-15 10:12:09.020206,0.7062507000009646,43.64984893798828,30.774551391601562,30.774551391601562,29.770832061767578,1016.415771484375,0.5829749484331298,359.246246576737,44.21541742227972,45.732255587872395,-11.011513710021973,-19.343294143676758,40.04892349243164,0.5829380227229294,359.2443509857989,47.19856401398532,-0.0012362077832221985,-0.07735614478588104,-0.01624482497572899,0.019395673647522926,0.00995449535548687,0.9855100512504578
2023-05-15 10:12:09.277818,0.712951200012867,40.67596435546875,30.682918548583984,30.682918548583984,29.772916793823242,1016.409423828125,0.5732314167778422,359.14383119850555,47.210731995991694,48.67794200707506,-10.827394485473633,-18.903799057006836,39.66490936279297,0.5730004710065311,359.14394357646177,50.129142054743916,0.0005583278834819794,-0.0009602124919183552,0.015163632109761238,0.01697121374309063,0.012625213712453842,0.9862411618232727
2023-05-15 10:12:09.527319,0.7140393999870867,40.597373962402344,30.682918548583984,30.682918548583984,29.762500762939453,1016.416748046875,0.5734354153184434,359.1337843104016,50.39595656448129,51.82092527064271,-11.03597640991211,-18.40107536315918,39.696014404296875,0.5721502725374232,359.13357049346405,53.23968874994318,0.0014930889010429382,0.00028908535023219883,0.01484508067369461,0.013576971367001534,0.00995449535548687,0.9830730557441711
2023-05-15 10:12:09.786273,0.7140393999870867,43.005401611328125,30.847856521606445,30.847856521606445,29.760417938232422,1016.411865234375,0.5654259512995456,359.1268096734028,53.34954209745908,54.71149547833796,-10.81836223602295,-18.384960174560547,40.043785095214844,0.5647158250692759,359.12755005523667,56.04103278141596,-1.7123296856880188e-05,-0.0015117970760911703,-0.0035987007431685925,0.015516539104282856,0.007283777464181185,0.9859974384307861
2023-05-15 10:12:10.041003,0.7118466000074477,41.612770080566406,30.81120491027832,30.81120491027832,29.754165649414062,1016.416748046875,0.5872777541668263,359.1224106580513,56.17177967760293,57.46388412893468,-10.75285816192627,-18.64796257019043,39.457462310791016,0.5853100193556279,359.1211441915688,58.74920278732601,-0.0015636812895536423,-0.0008077039965428412,0.01742561347782612,0.014789201319217682,0.008497740142047405,0.982342004776001
2023-05-15 10:12:10.295353,0.7135603000060655,42.216346740722656,30.737897872924805,30.737897872924805,29.754165649414062,1016.421630859375,0.5875854328445942,359.0985362654161,58.88006238163429,60.11051413042292,-10.732259750366211,-18.979551315307617,40.16423416137695,0.5862824141778556,359.097642898017,61.32605557625341,-0.0021387189626693726,-0.0012482341844588518,0.010747394524514675,0.01309207919985056,0.0038846812676638365,0.9833167791366577
2023-05-15 10:12:10.549477,0.7118466000074477,40.00322341918945,30.7562255859375,30.7562255859375,29.745834350585938,1016.421142578125,0.5703211692220349,359.75673216721987,61.356538710519175,62.52178264330169,-10.902959823608398,-18.877775192260742,39.23360824584961,0.5673954470188894,359.7561673692724,63.666454046304125,-0.0017379727214574814,-0.0023911786265671253,-0.002121550962328911,0.018910780549049377,0.007040984462946653,0.9852663278579712
2023-05-15 10:12:10.793980,0.7028029999910359,42.046592712402344,30.774551391601562,30.774551391601562,29.743749618530273,1016.413818359375,0.5664677685913841,359.7225303417965,63.75313597706076,64.85091130122188,-10.400724411010742,-18.95170021057129,39.513710021972656,0.5649363121134203,359.7190074316083,65.93799737933195,-0.0001690797507762909,-0.0016625741263851523,0.00868366751819849,0.01648632250726223,0.008497740142047405,0.9840478897094727
2023-05-15 10:12:11.049386,0.7028029999910359,40.32701873779297,30.664592742919922,30.664592742919922,29.74791717529297,1016.41015625,0.57420861407683,359.68815266568254,65.87764582782572,66.94886537649383,-10.58956527709961,-18.672164916992188,39.00967788696289,0.5737912788463716,359.6835303084813,67.98047665816505,-0.0007953830063343048,-0.003024161094799638,-0.02215898036956787,0.01769855059683323,0.0031563034281134605,0.9835605025291443
2023-05-15 10:12:11.304996,0.7123822000048676,41.24810791015625,30.7562255859375,30.7562255859375,29.75,1016.390380859375,0.567882524884076,359.64218255772147,67.7275957343345,68.76936350730152,-10.656418800354004,-18.49810791015625,39.81251525878906,0.5672865375181394,359.5628404389604,69.77547769280108,-0.0016162190586328506,-0.003587596584111452,-0.01585516333580017,0.00654603959992528,0.010197288356721401,0.9859974384307861
2023-05-15 10:12:11.547103,0.7165838999990228,41.795101165771484,30.719572067260742,30.719572067260742,29.75208282470703,1016.39892578125,0.5964652123741396,358.84793694493345,69.53866820408757,70.57293642934592,-10.76134204864502,-18.420368194580078,39.80245590209961,0.597005117483688,358.84733930338103,71.56519899120869,0.004503361880779266,-0.0008118433179333806,-0.028181636705994606,0.012122295796871185,0.019423406571149826,0.9864848256111145
2023-05-15 10:12:11.805962,0.7157666000020981,41.40843200683594,30.719572067260742,30.719572067260742,29.75,1016.399658203125,0.5842067837221122,358.06783510645175,71.45338196430642,72.481994792932,-10.670411109924316,-18.250991821289062,39.198726654052734,0.5803280366863383,358.0671802620651,73.48834120486333,-0.0008608885109424591,0.0005568006308749318,0.0029059373773634434,0.015516539104282856,0.007040984462946653,0.9869722723960876
2023-05-15 10:12:12.055477,0.7077634000106627,41.26068115234375,30.627941131591797,30.627941131591797,29.75,1016.408203125,0.5871934973801118,358.75714302685304,73.63539517769371,74.60698275693885,-10.872509956359863,-17.91390609741211,39.1030158996582,0.5868870460019604,358.756542717258,75.58167124206717,0.0012127049267292023,0.0017071159090846777,0.010847841389477253,0.015031646937131882,0.006069814320653677,0.9855100512504578
2023-05-15 10:12:12.313079,0.709200500001316,42.15032958984375,30.70124626159668,30.70124626159668,29.762500762939453,1016.423095703125,0.5772757425401359,358.77302716537645,75.60725713069804,76.54548606603684,-10.76093578338623,-17.971508026123047,39.19178771972656,0.5783049666706923,358.7739124219259,77.45667428245157,-0.00120464526116848,0.0016974565805867314,-0.0020637456327676773,0.015516539104282856,0.007526569999754429,0.9847790002822876
2023-05-15 10:12:12.568230,0.709200500001316,43.26632308959961,30.847856521606445,30.847856521606445,29.766666412353516,1016.4228515625,0.5592182164785032,358.77036552603425,77.56956364905353,78.45429854281281,-10.601361274719238,-17.98186683654785,39.42781448364258,0.5592844372969406,358.77297775322666,79.33626037976904,0.00064033642411232,0.0021625147201120853,0.011817512102425098,0.013819416984915733,0.006555399391800165,0.9850226640701294
2023-05-15 10:12:12.810390,0.7060608000083448,40.081817626953125,30.70124626159668,30.70124626159668,29.756250381469727,1016.416015625,0.5602798840076171,358.8015954987971,79.36692109895323,80.22073572633984,-10.64935302734375,-17.76605796813965,39.2866325378418,0.5586959738112617,358.8043701564257,81.06194865470778,0.00153399258852005,0.0013728128978982568,-0.0012143868952989578,0.015031646937131882,0.006312606856226921,0.9852663278579712
2023-05-15 10:12:13.067769,0.7043581999832895,42.89223098754883,30.774551391601562,30.774551391601562,29.760417938232422,1016.4267578125,0.5727135497005377,358.8295928710918,81.17265919096452,81.98478917384655,-10.740447998046875,-18.02777099609375,39.249900817871094,0.5755022945943128,358.8300996924725,82.79450809995156,0.0008907690644264221,0.00149735773447901,0.007416916079819202,0.01284963358193636,0.005098644178360701,0.9857537150382996
2023-05-15 10:12:13.310442,0.7080650000043534,42.54642868041992,30.81120491027832,30.81120491027832,29.764583587646484,1016.428466796875,0.5749126038090173,358.84291857016245,82.84206670714235,83.63098087703551,-10.923959732055664,-18.225910186767578,39.874595642089844,0.5739499206620158,358.84664678623227,84.4023482909509,1.1514872312545776e-05,0.0016609481535851955,-0.0004188322927802801,0.013576971367001534,0.006069814320653677,0.9864848256111145
2023-05-15 10:12:13.568014,0.7080650000043534,40.39617919921875,30.7562255859375,30.7562255859375,29.764583587646484,1016.429931640625,0.5826614000615439,358.1801532984844,83.96296905183314,84.73841408868303,-10.8831205368042,-18.522409439086914,39.217044830322266,0.5833917500550593,358.1829647751015,85.44608315839889,0.0003307219594717026,0.002612804528325796,-0.04427405074238777,0.014546754769980907,0.02476484328508377,0.9370144009590149
2023-05-15 10:12:13.819319,0.7143287999961103,39.63541793823242,30.774551391601562,30.774551391601562,29.777084350585938,1016.435546875,0.5792615666804642,357.5279797292183,85.43622719542655,86.21002615668647,-10.698797225952148,-17.870285034179688,39.593780517578125,0.580793076519281,357.5304648508591,86.98569658977897,-0.0018811281770467758,0.00027003511786460876,0.016378024592995644,0.01600143127143383,0.008254947140812874,0.9859974384307861
2023-05-15 10:12:14.076878,0.7143287999961103,40.65395736694336,30.719572067260742,30.719572067260742,29.766666412353516,1016.44482421875,0.5968556537347411,358.2563832255419,87.16723618772873,87.87524676690309,-10.451455116271973,-17.785154342651367,39.57264709472656,0.5948163086589634,358.25701138950217,88.5873213086336,-0.001532766968011856,5.567667540162802e-05,0.01399532426148653,0.015516539104282856,0.008254947140812874,0.9852663278579712
2023-05-15 10:12:14.331035,0.7123449000127948,41.053199768066406,30.682918548583984,30.682918548583984,29.766666412353516,1016.443359375,0.5624047131697257,358.2648258729646,88.72257954476736,89.40503838625669,-10.55553150177002,-17.997934341430664,39.77630615234375,0.5624211483124161,358.2654500882217,90.0840206614585,-0.001130811870098114,0.0005925805307924747,0.012425001710653305,0.014304309152066708,0.006798191927373409,0.9796612858772278
2023-05-15 10:12:14.585714,0.711621100004777,42.100032806396484,30.70124626159668,30.70124626159668,29.770832061767578,1016.4404296875,0.5677641705123643,358.26615477164495,90.17527198876986,90.81696826129256,-10.461562156677246,-18.272563934326172,40.016143798828125,0.5687916870956281,358.2654008895153,91.44906811803139,0.00037232786417007446,-0.001562229823321104,0.011196108534932137,0.015274092555046082,0.009711703285574913,0.9830730557441711
2023-05-15 10:12:14.841170,0.7125947000085944,42.32637405395508,30.7562255859375,30.7562255859375,29.768749237060547,1016.43994140625,0.5534875276823038,358.24761582396854,91.53690435075775,92.14481850764557,-10.358441352844238,-18.26263427734375,39.55973815917969,0.552277410260448,358.2463885243521,92.74137405994365,0.0028019994497299194,-0.001493643969297409,0.0059458594769239426,0.01697121374309063,0.007283777464181185,0.9840478897094727
2023-05-15 10:12:15.086979,0.7118919000058668,41.826534271240234,30.847856521606445,30.847856521606445,29.770832061767578,1016.441650390625,0.5498654463489343,358.23322472210907,92.84052791612473,93.43415331726888,-10.547019004821777,-18.068992614746094,40.316524505615234,0.5483121652821382,358.2322566495159,94.02790849200726,0.00037292204797267914,0.0003941785835195333,0.008655794896185398,0.01600143127143383,0.008254947140812874,0.9847790002822876
2023-05-15 10:12:15.345509,0.7118919000058668,41.556182861328125,30.70124626159668,30.70124626159668,29.772916793823242,1016.42919921875,0.5403715367634695,358.90743685722754,94.14118034920274,94.70377620094753,-10.626606941223145,-17.605350494384766,40.178897857666016,0.5403230851090447,358.9060016637282,95.26454156199475,-0.0007964260876178741,-0.0013714360538870096,0.008055750280618668,0.014061863534152508,0.007526569999754429,0.9864848256111145
2023-05-15 10:12:15.587395,0.7051905000034822,42.21949005126953,30.829530715942383,30.829530715942383,29.774999618530273,1016.4228515625,0.5519304579949524,358.9565810288011,95.36760911657024,95.88416949330913,-10.276164054870605,-17.973386764526367,40.3951301574707,0.5531417493555719,358.9545087067183,96.39306639779927,-0.0002512354403734207,-0.003046782687306404,0.008400322869420052,0.01624387688934803,0.00995449535548687,0.9877033233642578
2023-05-15 10:12:15.845284,0.7051905000034822,41.889408111572266,30.829530715942383,30.829530715942383,29.78333282470703,1016.428466796875,0.5427213352813655,358.91863911451827,96.47791783785834,96.97770326999569,-10.479227066040039,-18.049652099609375,39.921974182128906,0.5417944039058007,358.915833507595,97.47165572058184,-0.0008133035153150558,-0.0024711445439606905,0.00711976969614625,0.01600143127143383,0.008254947140812874,0.9859974384307861
2023-05-15 10:12:16.087340,0.7080545000017082,43.85103988647461,30.86618423461914,30.86618423461914,29.78125,1016.41064453125,0.5411429212528578,358.8891247998976,97.54199300865463,98.00495689097643,-10.234960556030273,-18.383079528808594,39.83830642700195,0.540745863146498,358.88787722315703,98.46057831994047,-0.001727614551782608,-0.0034881504252552986,0.0064010294154286385,0.01697121374309063,0.007526569999754429,0.9877033233642578
2023-05-15 10:12:16.347430,0.6884811000199988,42.508705139160156,30.829530715942383,30.829530715942383,29.789583206176758,1016.408935546875,0.5487031936121215,358.86671932482074,98.51822511653538,98.9682252998125,-10.547847747802734,-18.275358200073242,39.92756652832031,0.5483104043739928,358.9392249845116,99.4211897851894,0.0006366446614265442,-0.003042487893253565,0.0053033712320029736,0.01648632250726223,0.006555399391800165,0.9850226640701294
2023-05-15 10:12:16.600804,0.6884811000199988,39.8177490234375,30.81120491027832,30.81120491027832,29.789583206176758,1016.416015625,0.5512952504021413,358.9070656791348,99.48015480829413,99.93320125594107,-10.699783325195312,-17.810426712036133,39.34651565551758,0.5502369446067595,358.90564724094327,100.38232034481526,0.0005953572690486908,-0.002176986075937748,0.006277500651776791,0.015516539104282856,0.007526569999754429,0.9862411618232727
2023-05-15 10:12:16.860297,0.7108870999909414,42.725616455078125,30.774551391601562,30.774551391601562,29.799999237060547,1016.42724609375,0.5426472170567003,358.86477176041194,100.42841046133451,100.85992132252841,-10.640254974365234,-17.86833381652832,39.36008834838867,0.5447589194489978,358.8636297314384,101.28741603249033,0.0014576073735952377,-0.00253977719694376,0.004605690948665142,0.013334525749087334,0.008254947140812874,0.9862411618232727
2023-05-15 10:12:17.115869,0.7145372999966639,42.51184844970703,30.792877197265625,30.792877197265625,29.802082061767578,1016.409423828125,0.5453616836432514,358.81581488543196,101.3361630925967,101.7408654612983,-10.401817321777344,-17.946157455444336,39.59318923950195,0.5455176040553981,358.8143756365078,102.13728964072584,0.000789521262049675,-0.0022845319472253323,0.0018175886943936348,0.01600143127143383,0.008740533143281937,0.9862411618232727
2023-05-15 10:12:17.357711,0.7145372999966639,40.949459075927734,30.884510040283203,30.884510040283203,29.793750762939453,1016.41552734375,0.5333425250555859,358.79510447120805,102.18332511573173,102.56099359569842,-10.338244438171387,-18.06356430053711,39.8262939453125,0.5324294141409198,358.7951367011632,102.93452981121725,0.0014112144708633423,-0.002674660412594676,0.0012617111206054688,0.01284963358193636,0.008497740142047405,0.9867285490036011
2023-05-15 10:12:17.611954,0.712986000008641,41.556182861328125,30.81120491027832,30.81120491027832,29.793750762939453,1016.411865234375,0.5461805059308595,358.76791242090513,102.84901584280868,103.21932820903926,-10.283101081848145,-17.902193069458008,39.422828674316406,0.5431960867895342,358.765050891808,103.56807766806011,0.0001884717494249344,-0.003744511865079403,-0.01303877867758274,0.015516539104282856,0.006798191927373409,0.9862411618232727
2023-05-15 10:12:17.866778,0.7122100000069622,42.44583511352539,30.86618423461914,30.86618423461914,29.802082061767578,1016.398193359375,0.5338701571689694,358.7329382238167,103.49177079465274,103.86323063266387,-10.39731216430664,-17.398094177246094,39.299983978271484,0.5331980772268107,358.72984937748623,104.2349226971068,-0.0012444648891687393,-0.0031024632044136524,0.004287601448595524,0.01575898379087448,0.007526569999754429,0.9850226640701294
2023-05-15 10:12:18.112772,0.7113201000047411,43.1877326965332,30.7562255859375,30.7562255859375,29.799999237060547,1016.390380859375,0.5425128010682685,358.7028753596283,104.28957787084525,104.65338789698598,-10.550628662109375,-17.54610252380371,39.92243576049805,0.5421125413107352,358.7737359042245,105.01643294193966,0.0009046923369169235,-0.0031770679634064436,0.005339443683624268,0.012364741414785385,0.010925665497779846,0.9867285490036011
2023-05-15 10:12:18.354804,0.7034571000085634,39.820892333984375,30.902835845947266,30.902835845947266,29.804166793823242,1016.402587890625,0.5450450403421978,358.7237488446187,105.054210718239,105.40773447948969,-10.614516258239746,-17.583187103271484,39.650474548339844,0.5469859346443922,358.7214356516459,105.75050069279762,-0.0018423181027173996,-0.0033449046313762665,-0.0018207123503088951,0.014061863534152508,0.008254947140812874,0.987459659576416
2023-05-15 10:12:18.613124,0.7034571000085634,40.80485153198242,30.737897872924805,30.737897872924805,29.8125,1016.41064453125,0.5601753500968041,358.01154623684124,105.77263733589763,106.12652992736349,-10.381035804748535,-17.497703552246094,39.865333557128906,0.5615189763725926,358.0079928309255,106.47291614093152,0.0008524861186742783,-0.004156729206442833,0.0034559424966573715,0.01648632250726223,0.00024279257922898978,0.9769806265830994
2023-05-15 10:12:18.855299,0.7100963999855594,39.65742492675781,30.884510040283203,30.884510040283203,29.806249618530273,1016.409912109375,0.5439319329508974,357.98655756287593,106.50244987890265,106.843706620404,-10.51911735534668,-17.533462524414062,39.44157028198242,0.5439675246397754,357.985518306905,107.1792123426242,-0.0002482496201992035,-0.0018534401897341013,-0.0009403126314282417,0.011879850178956985,0.010925665497779846,0.9877033233642578
2023-05-15 10:12:19.112966,0.7100963999855594,41.53103256225586,30.884510040283203,30.884510040283203,29.81458282470703,1016.429931640625,0.5374904775941935,357.95432397919194,107.12599150861146,107.44720164489881,-10.306384086608887,-17.63877296447754,39.432777404785156,0.5393264644596046,357.9539263341162,107.7515275535579,0.0010005049407482147,-0.07734543085098267,-0.00860750861465931,0.009455390274524689,0.005584229249507189,0.9872159361839294
2023-05-15 10:12:19.362766,0.7096647999796915,42.84822082519531,30.884510040283203,30.884510040283203,29.81041717529297,1016.420654296875,0.5480315405567859,357.87310385189375,107.54367806692525,107.84800397558433,-10.340462684631348,-17.70454978942871,39.28955841064453,0.550792964693881,357.87114721613995,108.14474837426471,-0.0017125923186540604,-0.0003155124722979963,-0.0037370752543210983,0.020850349217653275,0.009468910284340382,0.9869722723960876
2023-05-15 10:12:19.622307,0.7096647999796915,42.483558654785156,30.847856521606445,30.847856521606445,29.818750381469727,1016.411376953125,0.5501050899392665,357.8690780957083,108.1772532445248,108.47866949259746,-10.464393615722656,-17.927059173583984,39.70580291748047,0.5496306585962152,357.8665250990626,108.7782006084592,-0.0016646869480609894,0.0003601915668696165,0.003125022165477276,0.01697121374309063,0.006798191927373409,0.9864848256111145
2023-05-15 10:12:19.876823,0.7096647999796915,41.820247650146484,30.86618423461914,30.86618423461914,29.825000762939453,1016.396484375,0.5107110667667188,357.8135467367654,108.82198895122815,109.10520274516273,-10.324576377868652,-17.822805404663086,39.809688568115234,0.5140365151188688,357.8164551166913,109.39254880354517,-0.0017258916050195694,-0.07506470382213593,0.0041578952223062515,0.0014546754537150264,0.01068287342786789,0.9830730557441711
2023-05-15 10:12:20.119141,0.7093009999844071,40.77970504760742,30.957815170288086,30.957815170288086,29.825000762939453,1016.40185546875,0.5408675792519416,357.7422124545172,109.43908288236047,109.71220848689093,-10.438608169555664,-17.87820053100586,39.604469299316406,0.5400569211748257,357.74549948305526,109.98978054457109,7.274560630321503e-05,0.002175141591578722,0.004305812530219555,0.013334525749087334,0.007283777464181185,0.9859974384307861
2023-05-15 10:12:20.370519,0.7093009999844071,41.175804138183594,30.939489364624023,30.939489364624023,29.827083587646484,1016.392822265625,0.5529197682075465,357.1001215251265,110.02523605655261,110.3114346431545,-10.508598327636719,-17.830059051513672,39.21938705444336,0.552577244892841,357.10173088844965,110.59544756922196,-0.0008391570299863815,0.0025447567459195852,0.003298475407063961,0.014546754769980907,0.006069814320653677,0.9857537150382996
2023-05-15 10:12:20.615904,0.7120349999931932,43.35434341430664,30.884510040283203,30.884510040283203,29.822917938232422,1016.403564453125,0.5427110366367576,357.11206026890886,110.65256844125078,110.92587846088884,-10.32264232635498,-17.588212966918945,39.156524658203125,0.5419022995503457,357.1129563043506,111.19853961255575,0.0006463713943958282,0.0023675053380429745,0.0023301206529140472,0.01575898379087448,0.007040984462946653,0.9864848256111145
2023-05-15 10:12:20.874557,0.7028595000074347,43.15629577636719,30.7562255859375,30.7562255859375,29.820833206176758,1016.4130859375,0.5302931123954396,357.13328657585856,111.13546281557069,111.38413634287251,-10.086468696594238,-17.875598907470703,39.04663848876953,0.5298806863634472,357.1351926255238,111.62285828455363,-0.00018153898417949677,0.001006499631330371,-0.00043981242924928665,0.018668334931135178,0.005827021785080433,0.9862411618232727
2023-05-15 10:12:21.124273,0.7028595000074347,40.84572219848633,30.86618423461914,30.86618423461914,29.825000762939453,1016.404296875,0.537670890637817,357.1559239572021,111.65024051293621,111.90204909706706,-10.607874870300293,-17.859716415405273,39.4024658203125,0.5377428744283667,357.159887174468,112.15522371903192,-0.0008086729794740677,0.004125264007598162,0.0032384665682911873,0.01648632250726223,0.007283777464181185,0.9869722723960876
2023-05-15 10:12:21.382166,0.7092863000034413,41.474449157714844,30.7562255859375,30.7562255859375,29.818750381469727,1016.40673828125,0.5361095520822344,357.2034240808981,112.1871616835909,112.42105468152883,-10.389052391052246,-17.796131134033203,39.54140853881836,0.5365721906767971,357.2079674373567,112.65842424575428,0.0009550880640745163,-0.07105809450149536,0.0029054535552859306,0.015274092555046082,0.006798191927373409,0.9857537150382996
2023-05-15 10:12:21.630868,0.7092863000034413,41.70707702636719,30.86618423461914,30.86618423461914,29.825000762939453,1016.4072265625,0.5441421213504338,357.1755076036564,112.68979530461215,112.92132505709723,-10.178030014038086,-17.47275161743164,39.81749725341797,0.545151922130538,357.18000891176285,113.1496036395374,0.0008784253150224686,0.005775289610028267,0.0025906655937433243,0.014061863534152508,0.007526569999754429,0.9867285490036011
2023-05-15 10:12:21.872681,0.7110047999967719,42.51813507080078,30.792877197265625,30.792877197265625,29.81041717529297,1016.412841796875,0.5415860297752624,357.24420650010205,113.19135658593369,113.40376180874274,-10.327802658081055,-17.72114372253418,39.638545989990234,0.540567104289314,357.25087361850564,113.61868737135553,0.00030148401856422424,0.005850005429238081,0.0029083145782351494,0.013576971367001534,0.009468910284340382,0.9867285490036011
2023-05-15 10:12:22.122141,0.7110047999967719,39.864906311035156,30.829530715942383,30.829530715942383,29.816665649414062,1016.407470703125,0.5503219484454145,357.23972867077083,113.6404278634837,113.85374833164153,-10.480124473571777,-17.65505599975586,39.54840087890625,0.5485038908265746,357.2470282220029,114.06835287536333,0.00025854259729385376,0.005551480688154697,0.004181605763733387,0.01697121374309063,0.006069814320653677,0.9855100512504578
2023-05-15 10:12:22.380943,0.7091936000060741,41.03748321533203,30.774551391601562,30.774551391601562,29.804166793823242,1016.412353515625,0.5609487622986022,357.29981149702195,114.09018899013986,114.2823973435732,-10.269904136657715,-17.757556915283203,39.624446868896484,0.559932238051034,357.3073919397836,114.47304841387576,-0.000347113236784935,0.007047097198665142,0.0030331797897815704,0.015516539104282856,0.00995449535548687,0.9877033233642578
2023-05-15 10:12:22.631307,0.7087718000102541,41.9522819519043,30.792877197265625,30.792877197265625,29.804166793823242,1016.3994140625,0.5562451098379907,357.37061473206217,114.49493233997647,114.68547412725232,-10.446344375610352,-17.624366760253906,39.82792282104492,0.5532301682888119,357.3771420450312,114.8769653108228,2.794526517391205e-05,0.006443495396524668,0.00132722407579422,0.017940998077392578,0.006555399391800165,0.9879470467567444
2023-05-15 10:12:22.888899,0.7102871999913987,41.98057556152344,30.97614288330078,30.97614288330078,29.799999237060547,1016.3818359375,0.548493432099408,357.44632951344585,114.92194893669651,115.08915196757842,-10.097437858581543,-17.83364486694336,39.79512405395508,0.5473163450454915,357.4512978357368,115.24960677156035,0.0018722955137491226,0.005599692929536104,0.004701979458332062,0.01624387688934803,0.008497740142047405,0.9867285490036011
2023-05-15 10:12:23.139140,0.709611399998721,41.15065383911133,30.7562255859375,30.7562255859375,29.793750762939453,1016.3837890625,0.5404679064637902,357.51373536970425,115.27195515052463,115.43574308682155,-10.14566707611084,-17.537879943847656,39.7349967956543,0.5416710336139173,357.51763732871103,115.59693555123384,-0.002387048676609993,0.0041688308119773865,0.0009046057239174843,0.01721366122364998,0.007283777464181185,0.9864848256111145
2023-05-15 10:12:23.398105,0.7093041999960406,42.85450744628906,30.737897872924805,30.737897872924805,29.804166793823242,1016.38525390625,0.5243978587289253,357.5749101724489,115.62085487370723,115.79025722550189,-10.287851333618164,-17.312501907348633,39.56852340698242,0.5246954522054968,357.5788721090543,115.95720070919533,-0.0005306992679834366,0.004017471335828304,-0.0010911235585808754,0.013334525749087334,0.008497740142047405,0.9857537150382996
2023-05-15 10:12:23.652659,0.7105800000099407,41.62220001220703,30.792877197265625,30.792877197265625,29.799999237060547,1016.387939453125,0.5305101843449991,357.56454023774154,115.96844320056918,116.12376170229527,-10.328117370605469,-17.576868057250977,39.55549621582031,0.5316861508210049,357.5701200754066,116.27974956256001,0.002793058753013611,0.0051281144842505455,0.0012400029227137566,0.014304309152066708,0.008497740142047405,0.9847790002822876
2023-05-15 10:12:23.910164,0.7105800000099407,38.686038970947266,30.847856521606445,30.847856521606445,29.804166793823242,1016.40576171875,0.536734300947879,357.6291491315348,116.29662012980995,116.43957598913832,-10.305173873901367,-17.7864990234375,39.31843566894531,0.5376714776071988,357.6335093535462,116.57575630081003,-0.0014903247356414795,0.0055576288141310215,0.0008451202884316444,0.015516539104282856,0.007040984462946653,0.9855100512504578
2023-05-15 10:12:24.160248,0.709616600011941,41.024906158447266,30.884510040283203,30.884510040283203,29.806249618530273,1016.41845703125,0.5375959720003585,357.678554237679,116.61030339763195,116.75452967214595,-10.166190147399902,-17.25172233581543,39.24172592163086,0.538157274811916,357.68529606127663,116.89475345580631,0.0008846353739500046,0.004443351645022631,0.00336418766528368,0.01575898379087448,0.007283777464181185,0.9855100512504578
2023-05-15 10:12:24.419407,0.7076701999958459,42.60930252075195,30.86618423461914,30.86618423461914,29.808334350585938,1016.415283203125,0.5143339485128817,357.73320087368097,116.90266281486518,117.02949942775231,-10.27830982208252,-17.64208221435547,39.99325180053711,0.5158440072888364,357.7396428092854,117.1573059275016,0.001564202830195427,0.004642215091735125,0.0022737281396985054,0.01600143127143383,0.007526569999754429,0.9850226640701294
2023-05-15 10:12:24.673748,0.7097167999982048,41.66621017456055,30.92116355895996,30.92116355895996,29.818750381469727,1016.41455078125,0.5284742010029535,357.78117484175067,117.1729743814576,117.30493363622224,-10.437836647033691,-17.6910400390625,39.99410629272461,0.5254529628731336,357.78588511095705,117.43081402262558,-0.0011707805097103119,0.0051378956995904446,7.368717342615128e-05,0.01575898379087448,0.006798191927373409,0.984535276889801
2023-05-15 10:12:24.927800,0.7107271000004403,39.92777633666992,30.829530715942383,30.829530715942383,29.818750381469727,1016.422119140625,0.5055442421030159,357.84382923422424,117.434365720994,117.56420761711594,-10.366162300109863,-17.098791122436523,39.43476867675781,0.5023462194675689,357.8473758099508,117.69792906068645,0.002259969711303711,0.004701211117208004,0.0018085604533553123,0.014304309152066708,0.007769362535327673,0.9857537150382996
2023-05-15 10:12:25.182028,0.7097167999982048,41.766807556152344,30.792877197265625,30.792877197265625,29.822917938232422,1016.422607421875,0.4962606276387933,357.88922096390087,117.71527774117828,117.83647261781098,-10.17969036102295,-17.010997772216797,39.628074645996094,0.495272918251786,357.8948197980296,117.95686153212162,0.001064736396074295,0.004891209304332733,-0.00011799577623605728,0.01672876812517643,0.008983325213193893,0.9857537150382996
2023-05-15 10:12:25.437555,0.6998702999917441,41.51217269897461,30.86618423461914,30.86618423461914,29.822917938232422,1016.42529296875,0.5166403112965247,357.9370292998832,117.9657271176643,118.08938086239822,-10.499305725097656,-17.307411193847656,39.59197998046875,0.5173539059822323,357.939265973393,118.20613611607041,-0.0029652779921889305,0.0018332593608647585,-0.0010106302797794342,0.019395673647522926,0.0031563034281134605,0.9864848256111145
2023-05-15 10:12:25.697304,0.7019483000030959,41.584476470947266,30.902835845947266,30.902835845947266,29.837499618530273,1016.415283203125,0.5083202871138028,357.9773816306128,118.20549407828844,118.312099670854,-10.511959075927734,-17.625377655029297,39.578426361083984,0.5074975161230808,357.9798326013078,118.41747582936895,-0.00015665963292121887,0.001844783779233694,0.0007418161258101463,0.01624387688934803,0.006069814320653677,0.9842915534973145
2023-05-15 10:12:25.939086,0.7128793999991103,41.905128479003906,30.847856521606445,30.847856521606445,29.833332061767578,1016.40869140625,0.5075712608217757,358.00557024820426,118.42444262232236,118.52311153507236,-10.365447044372559,-17.361778259277344,39.91975784301758,0.5041397844549319,358.0088971906603,118.6258512405677,-0.0003821570426225662,0.08026169240474701,0.001579253003001213,0.015031646937131882,0.008012155070900917,0.9859974384307861
2023-05-15 10:12:26.197482,0.7096676999944975,40.066097259521484,30.7562255859375,30.7562255859375,29.84375,1016.399658203125,0.5009805017986837,358.04923522068134,118.65431946902831,118.74856241919615,-10.391392707824707,-17.55567169189453,39.83970642089844,0.5020234396684329,358.0502864294833,118.8396361615891,0.00048547424376010895,0.002266793977469206,0.0017327982932329178,0.015274092555046082,0.0038846812676638365,0.9855100512504578
2023-05-15 10:12:26.440005,0.7089005999896472,41.34241485595703,30.847856521606445,30.847856521606445,29.84583282470703,1016.397705078125,0.4833118696329185,358.06251140088057,118.86313201233393,118.94387850870183,-10.250748634338379,-17.738807678222656,40.11420440673828,0.4832096835996328,358.0644646215398,119.01970726886731,-0.003062986768782139,0.0009143147617578506,0.0012993570417165756,0.01697121374309063,0.008740533143281937,0.9855100512504578
2023-05-15 10:12:26.694892,0.703277599996909,42.5369987487793,30.957815170288086,30.902835845947266,29.84583282470703,1016.382568359375,0.49578315472712714,358.085618571173,119.03907768535346,119.11590365313778,-10.298598289489746,-17.818984985351562,40.366275787353516,0.4944585782758207,358.08957794645744,119.18815339417817,0.0005300100892782211,0.0024945230688899755,0.0032608360052108765,0.014789201319217682,0.007283777464181185,0.9850226640701294
2023-05-15 10:12:26.938480,0.7060168999951202,42.61873245239258,30.86618423461914,30.86618423461914,29.852083206176758,1016.40478515625,0.48498281138033866,358.09557485254874,119.20524252748154,119.26160524851248,-10.182316780090332,-18.015621185302734,39.86940002441406,0.4802214758377522,358.0978369258245,119.31748985630153,0.00040047429502010345,0.0029898849315941334,-0.0010675108060240746,0.01309207919985056,0.007526569999754429,0.9859974384307861
2023-05-15 10:12:27.197205,0.7060168999951202,43.099708557128906,30.884510040283203,30.884510040283203,29.84583282470703,1016.408935546875,0.46607252552865924,358.84435226955793,119.32026291310456,119.3587441988884,-10.187891006469727,-17.8955078125,39.69786834716797,0.4682498617700124,358.8455639878054,119.39346888062875,0.0009936951100826263,0.00031997484620660543,0.001073705032467842,0.015516539104282856,0.007283777464181185,0.9859974384307861
2023-05-15 10:12:27.452128,0.7070861999873159,42.046592712402344,30.884510040283203,30.884510040283203,29.862499237060547,1016.419189453125,0.4804182706632132,358.845224612781,119.39006744642208,119.42005197687844,-10.212152481079102,-18.07253646850586,39.518089294433594,0.4793126337913174,358.74824179626063,119.4474410354502,0.002129906788468361,0.0030185424257069826,-0.001901264302432537,0.01624387688934803,0.005827021785080433,0.9855100512504578
2023-05-15 10:12:27.706297,0.711710899987338,42.36095428466797,30.902835845947266,30.902835845947266,29.860416412353516,1016.420654296875,0.4705483805082803,358.76367951788876,119.45459907370036,119.49237001981054,-10.42080020904541,-18.03269386291504,39.81720733642578,0.4703010529551318,358.69100470429424,119.53381560769417,0.0027591176331043243,0.0008074669167399406,-0.0003825817257165909,0.021577686071395874,0.005584229249507189,0.9859974384307861
2023-05-15 10:12:27.959635,0.7122333999868715,41.66621017456055,30.92116355895996,30.92116355895996,29.856250762939453,1016.427978515625,0.45948304716603655,358.72862005015736,119.51449983272137,119.5615051945894,-10.579566955566406,-18.05649185180664,39.3986701965332,0.4595645825492536,358.73182468953854,119.60722648089347,-0.0017596427351236343,0.0017455511260777712,-0.003313676454126835,0.015274092555046082,0.005584229249507189,0.9850226640701294
2023-05-15 10:12:28.218828,0.7064837999914744,40.977752685546875,31.012794494628906,31.012794494628906,29.864582061767578,1016.424560546875,0.44964325253213405,358.7583772633804,119.58394919620207,119.62062731204503,-10.378923416137695,-18.11310386657715,39.845401763916016,0.4488708008256879,358.76109674588713,119.65499682394854,0.0025070980191230774,0.0018384220311418176,0.00041917990893125534,0.014789201319217682,0.00995449535548687,0.9879470467567444
2023-05-15 10:12:28.468907,0.7084941000139224,41.97428894042969,30.902835845947266,30.902835845947266,29.870834350585938,1016.424072265625,0.4515712335079288,358.7820647863088,119.58252851685471,119.63227961476908,-10.533458709716797,-17.86570167541504,39.722198486328125,0.45290733590345966,358.7836652917304,119.66837033434342,-0.00020071305334568024,0.00139119871892035,-0.010675894096493721,0.020607901737093925,0.008740533143281937,0.9862411618232727
2023-05-15 10:12:28.726583,0.7116239999968457,42.90166091918945,30.884510040283203,30.884510040283203,29.87291717529297,1016.421142578125,0.4449150540791927,358.80233902892127,119.63065402974661,119.68134769376645,-10.554665565490723,-17.77533721923828,39.33180236816406,0.4451154240817974,358.8047622519727,119.73012890481868,-0.0019199978560209274,0.003938678186386824,-7.745809853076935e-05,0.019153228029608727,0.005098644178360701,0.9862411618232727
2023-05-15 10:12:28.976882,0.7124417999884827,41.49645233154297,30.86618423461914,30.86618423461914,29.868749618530273,1016.4248046875,0.4514999967693197,358.85858585017974,119.72898143303811,119.77313177583308,-10.496365547180176,-17.84645652770996,39.545528411865234,0.45204843961533053,358.86338341774143,119.81464566560841,0.00020702555775642395,0.07981033623218536,0.001184741035103798,0.01624387688934803,0.006069814320653677,0.9857537150382996
2023-05-15 10:12:29.235638,0.7070376000010583,41.83282470703125,30.902835845947266,30.902835845947266,29.868749618530273,1016.436767578125,0.4352747756742486,358.9772864271049,119.81520574112035,119.86800310340456,-10.77652359008789,-17.649173736572266,40.704463958740234,0.4337401709059643,358.98087953349517,119.92295880546648,0.0005466919392347336,0.0011228807270526886,-0.001204105094075203,0.014789201319217682,0.006069814320653677,0.9855100512504578
2023-05-15 10:12:29.491034,0.7109593000004679,39.446800231933594,30.902835845947266,30.902835845947266,29.875,1016.4248046875,0.4222191358800337,359.00286836703265,119.90345178519692,119.95557978894246,-10.779668807983398,-17.718664169311523,40.19062042236328,0.42529869742206317,359.0064651019609,120.00781707571471,0.0016923844814300537,0.002364262007176876,0.00042843353003263474,0.015516539104282856,0.009711703285574913,0.9864848256111145
2023-05-15 10:12:29.749017,0.7109593000004679,41.87997817993164,31.049448013305664,31.049448013305664,29.868749618530273,1016.413330078125,0.43192496809275405,358.9321913837704,120.00486643399327,120.04665353133541,-10.52634334564209,-17.865331649780273,40.032989501953125,0.4309051888331594,358.93645438230783,120.08202025085774,-0.0004254579544067383,0.0033969031646847725,0.002172938548028469,0.015516539104282856,0.008012155070900917,0.9859974384307861
2023-05-15 10:12:29.999192,0.7109593000004679,41.826534271240234,30.902835845947266,30.902835845947266,29.875,1016.415771484375,0.45540115536330766,358.97460941983707,120.11263315871773,120.13451708481846,-10.357559204101562,-18.06903648376465,40.08563995361328,0.4542273233214175,358.97699048781476,120.15534916178699,-0.0010423902422189713,0.0028175129555165768,0.002302241511642933,0.015516539104282856,0.006312606856226921,0.9862411618232727
2023-05-15 10:12:30.257803,0.7118206000095597,42.351524353027344,30.97614288330078,30.97614288330078,29.881250381469727,1016.402099609375,0.4466201467724629,359.10582391717793,120.17090833271628,120.18853022077491,-10.679004669189453,-18.28675079345703,40.4618034362793,0.44468706983521705,359.10657881316376,120.21158893941288,0.001732977107167244,0.0007437341846525669,0.0006422325968742371,0.01600143127143383,0.008983325213193893,0.9869722723960876
2023-05-15 10:12:30.519411,0.7103258999914033,41.46501922607422,30.939489364624023,30.939489364624023,29.885417938232422,1016.3837890625,0.4361509875591408,359.1152447757558,120.20148025944125,120.22888297839135,-10.585845947265625,-17.998519897460938,40.45884323120117,0.43676533105847165,359.11732819689604,120.25703701815014,-0.00010421313345432281,0.0009967630030587316,0.0012303292751312256,0.01624387688934803,0.007283777464181185,0.9838041663169861
2023-05-15 10:12:30.776782,0.7103258999914033,41.53103256225586,31.012794494628906,31.012794494628906,29.881250381469727,1016.376708984375,0.4178316197923732,359.1256917101739,120.2713530946505,120.30662419152443,-10.606517791748047,-17.92029571533203,40.399314880371094,0.4183021291127372,359.12754498595564,120.33462796712149,0.001117287203669548,0.0006906483322381973,0.0018404964357614517,0.015516539104282856,0.006555399391800165,0.9825856685638428
2023-05-15 10:12:31.030889,0.7080864000054135,40.984039306640625,30.957815170288086,30.957815170288086,29.887500762939453,1016.379638671875,0.42182421220778943,358.45022324713494,120.35760472348942,120.38810834832269,-10.51824951171875,-18.116168975830078,40.378021240234375,0.42329296968360663,358.45290132161983,120.42633008691809,0.0011171866208314896,0.004055857192724943,0.0009234519675374031,0.013576971367001534,0.007769362535327673,0.9855100512504578
2023-05-15 10:12:31.289489,0.70288030001484,42.32008743286133,30.957815170288086,30.957815170288086,29.883333206176758,1016.38427734375,0.4450482694484344,358.4755599405828,120.4374632952652,120.47757016607152,-10.502713203430176,-17.965938568115234,39.54392623901367,0.44580831475658345,358.5527540982521,120.51501326310152,0.0011170078068971634,0.0009941736934706569,0.0015337485820055008,0.013819416984915733,0.007769362535327673,0.9857537150382996
2023-05-15 10:12:31.539351,0.7092915999928664,40.914878845214844,30.957815170288086,30.957815170288086,29.875,1016.3916015625,0.46063932348732567,359.27221340849667,120.54033960454393,120.55156843553944,-10.268332481384277,-17.646879196166992,40.17531967163086,0.4601692143733584,359.27454949327534,120.56214156837461,-0.000715969130396843,-0.07505293935537338,0.0021440479904413223,0.014061863534152508,0.00995449535548687,0.9852663278579712
2023-05-15 10:12:31.797796,0.7104112999977588,43.256893157958984,30.902835845947266,30.902835845947266,29.891666412353516,1016.407958984375,0.4469375638058834,359.1888583134744,120.55894503984305,120.57050171991871,-10.265702247619629,-17.635149002075195,39.81193923950195,0.4475512936554061,359.19152326118945,120.58046013572859,0.0008112192153930664,8.926680311560631e-05,0.0006168317049741745,0.014546754769980907,0.008740533143281937,0.9857537150382996
2023-05-15 10:12:32.052399,0.7076665999884426,42.57472229003906,31.086101531982422,31.086101531982422,29.885417938232422,1016.42236328125,0.4445630325326726,359.2054967610142,120.59907923140604,120.59645643876476,-10.284420013427734,-17.887826919555664,39.75118637084961,0.44476687099071516,359.1251311010534,120.60051357113174,0.0014220885932445526,0.0004003008361905813,0.0021434789523482323,0.015031646937131882,0.007526569999754429,0.9855100512504578
2023-05-15 10:12:32.308393,0.6818620999874838,42.32637405395508,30.92116355895996,30.92116355895996,29.902084350585938,1016.434814453125,0.4598565731362716,359.15149701863186,120.61511651557723,120.63600323405913,-10.732563972473145,-17.938478469848633,39.50014114379883,0.4600246598228774,359.15424536935996,120.66087878301632,-0.00010532885789871216,0.0006982178892940283,0.001531839370727539,0.014304309152066708,0.008012155070900917,0.9894092082977295
2023-05-15 10:12:32.566081,0.7077104000027248,42.153472900390625,31.0311222076416,31.0311222076416,29.914583206176758,1016.425537109375,0.4518923591206252,359.1697059294331,120.66907501002034,120.69426474767934,-10.648499488830566,-17.79569435119629,40.22071075439453,0.45072802531054956,359.1717871627784,120.7193042211766,0.00020020827651023865,0.0031408134382218122,0.0015311436727643013,0.014789201319217682,0.008254947140812874,0.9869722723960876
2023-05-15 10:12:32.820827,0.711012399984611,39.35877990722656,31.049448013305664,31.049448013305664,29.912500381469727,1016.427978515625,0.4470431916141806,359.085251334037,120.74240392094958,120.7603263373317,-10.637370109558105,-18.04315948486328,40.22053909301758,0.4478639882533457,359.08747637488085,120.77544837615412,-0.0001053493469953537,0.0007030039560049772,0.00030897464603185654,0.01648632250726223,0.008254947140812874,0.9862411618232727
2023-05-15 10:12:33.075957,0.711012399984611,41.13493347167969,30.829530715942383,30.829530715942383,29.90416717529297,1016.422119140625,0.4510337296367605,359.8123892843528,120.80361607629125,120.79260581134918,-10.561275482177734,-17.955482482910156,39.9200553894043,0.4515626424106134,359.7320326290359,120.78548875423402,-0.0004107542335987091,0.0028335710521787405,-0.0012187296524643898,0.015516539104282856,0.008012155070900917,0.9852663278579712
2023-05-15 10:12:33.332257,0.7076137000021845,41.584476470947266,30.884510040283203,30.884510040283203,29.914583206176758,1016.41015625,0.4611212253497818,359.7553018295581,120.78823449028037,120.78823449028037,-10.675187110900879,-17.860544204711914,39.87146759033203,0.46069337803130395,359.7603844507959,120.78983275454615,-0.002853955142199993,0.0034429822117090225,-0.0003028949722647667,0.01697121374309063,0.006312606856226921,0.9859974384307861
2023-05-15 10:12:33.591954,0.7054887000103918,40.415042877197266,31.122753143310547,31.122753143310547,29.914583206176758,1016.406005859375,0.47648402834043296,359.7805440609562,120.8150361525835,120.79984581186939,-10.281482696533203,-18.001300811767578,39.72467803955078,0.4783379978132683,359.7822285697004,120.77839901787556,0.000810595229268074,0.0009920893935486674,-0.0006087897345423698,0.01575898379087448,0.007283777464181185,0.9859974384307861
