now,intensity,humidity,temperature,temperature_from_humidity,temperature_from_pressure,pressure,gyro_roll,gyro_pitch,gyro_yaw,gyro_raw_x,gyro_raw_y,gyro_raw_z
2023-06-05 10:02:59.206452,0.8832988999993177,35.89448547363281,32.515560150146484,32.515560150146484,31.389583587646484,1026.84375,0.0,0.0,0.0,-0.0010529374703764915,-0.0035286806523799896,0.0029355566948652267
2023-06-05 10:02:59.779797,0.8832988999993177,36.71183395385742,32.49723434448242,32.49723434448242,31.383333206176758,1026.84814453125,0.059986443210541106,357.4826727365761,0.05519184384628389,-0.001068313606083393,-0.0009329660097137094,0.0007558055222034454
2023-06-05 10:02:59.910733,0.8816424999972696,37.148799896240234,32.57054138183594,32.57054138183594,31.391666412353516,1026.85595703125,0.057098934048171936,357.4795991514496,0.07233311070293003,-0.00164844561368227,-0.0018128613010048866,0.0019015287980437279
2023-06-05 10:03:00.041145,0.8760432000040055,36.83757781982422,32.57054138183594,32.57054138183594,31.391666412353516,1026.86376953125,0.04842353659035785,357.46815175440065,0.08059000232657547,-0.00010209903120994568,-0.0026583815924823284,0.0009523909538984299
2023-06-05 10:03:00.176372,0.8758660999897074,35.727874755859375,32.38727569580078,32.38727569580078,31.389583587646484,1026.8779296875,0.047127795009932215,356.95932464590607,0.09131355940605416,-0.0009995931759476662,-0.001292872242629528,0.0021117497235536575
2023-06-05 10:03:00.306893,0.8754963000010321,36.74012756347656,32.53388595581055,32.53388595581055,31.379165649414062,1026.87744140625,0.03853050783559023,356.953612046439,0.11455497226410183,-0.0006659775972366333,-0.00035897569614462554,0.0005196798592805862
2023-06-05 10:03:00.441225,0.8754963000010321,36.65524673461914,32.442256927490234,32.442256927490234,31.375,1026.883544921875,0.03824386333902117,356.46233361491295,0.1316150239026483,-0.0012595197185873985,0.001840884331613779,0.0007673278450965881
2023-06-05 10:03:00.571721,0.8754963000010321,36.37232208251953,32.515560150146484,32.515560150146484,31.381250381469727,1026.876708984375,0.045978819120329216,356.47589260763243,0.13536853301668764,0.0008391328155994415,-0.0003225693362765014,0.0022482965141534805
2023-06-05 10:03:00.702159,0.8728606999975455,37.36885452270508,32.4605827331543,32.4605827331543,31.379165649414062,1026.88037109375,0.059404736542859486,356.479261811884,0.14236778270887143,0.000490676611661911,0.000874238321557641,0.001597994938492775
2023-06-05 10:03:00.836658,0.8754963000010321,38.23964309692383,32.57054138183594,32.57054138183594,31.383333206176758,1026.8740234375,0.05098655840629852,356.48589926165334,0.1526245657276885,-0.0018977895379066467,0.0002445004938635975,0.001249479129910469
2023-06-05 10:03:00.967326,0.8760068000024148,36.834434509277344,32.49723434448242,32.49723434448242,31.379165649414062,1026.875,0.05716557508332584,356.493442351818,0.16762887716840658,-0.0009891530498862267,0.0008218084694817662,0.0017932895570993423
2023-06-05 10:03:01.097807,0.8749599000007038,35.6367073059082,32.552215576171875,32.552215576171875,31.389583587646484,1026.87158203125,0.06044557332902612,356.4994791718272,0.18278497355517231,0.0020165275782346725,0.0031968113034963608,0.0005272729322314262
2023-06-05 10:03:01.232232,0.8763767000014013,36.325164794921875,32.53388595581055,32.53388595581055,31.383333206176758,1026.865234375,0.05075208414859007,356.4980482471961,359.0542924344069,-0.002908468246459961,-0.00044267461635172367,-0.18630169332027435
2023-06-05 10:03:01.362719,0.876413100002992,36.78413772583008,32.515560150146484,32.515560150146484,31.37708282470703,1026.861572265625,0.1266697535001475,356.01377951074915,357.75553025618166,-0.0022462550550699234,-0.0003572610439732671,-0.16558435559272766
2023-06-05 10:03:01.493309,0.8772465999991255,36.535789489746094,32.53388595581055,32.53388595581055,31.375,1026.86279296875,0.18824046709280098,356.5098755735176,356.65758609828197,-0.0018862280994653702,0.0016507538966834545,-0.142070010304451
2023-06-05 10:03:01.624491,0.8772465999991255,36.909881591796875,32.552215576171875,32.552215576171875,31.37708282470703,1026.861328125,0.22258020364039213,356.99898627375586,355.64475548895075,-0.00029662810266017914,-0.003244385588914156,-0.1275307834148407
2023-06-05 10:03:01.759101,0.8781319999920925,36.256004333496094,32.515560150146484,32.515560150146484,31.375,1026.864990234375,0.2500332151943328,356.9810965142157,354.9328572514782,-0.003269544802606106,-0.0019451440311968327,-0.06270035356283188
2023-06-05 10:03:01.889495,0.8772465999991255,36.692970275878906,32.38727569580078,32.38727569580078,31.366666793823242,1026.87255859375,0.25390083649227896,356.4887429682256,354.63873009591043,0.0019142385572195053,-1.7950020264834166e-05,-0.030729450285434723
2023-06-05 10:03:02.023970,0.8755901999970774,36.76841735839844,32.49723434448242,32.49723434448242,31.368749618530273,1026.870361328125,0.27607069672321477,356.49406240492857,354.7027912939096,0.0012195538729429245,0.00026780637563206255,0.020563382655382156
2023-06-05 10:03:02.154841,0.8755901999970774,37.06392288208008,32.515560150146484,32.515560150146484,31.352083206176758,1026.873291015625,0.2752295429186718,356.4984954111433,354.9891341682577,0.0014590155333280563,0.002350881230086088,0.045650728046894073
2023-06-05 10:03:02.281370,0.8780799999963165,36.42576217651367,32.47890853881836,32.47890853881836,31.34375,1026.88134765625,0.2420556609654637,356.4967248980444,355.05546170840086,-0.005044789984822273,0.0014271435793489218,-0.007736833766102791
2023-06-05 10:03:02.379080,0.8780799999963165,36.76213073730469,32.2956428527832,32.2956428527832,31.337499618530273,1026.8779296875,0.2324361399322941,356.5032112298784,354.9988654802777,0.0010637324303388596,0.0004887717077508569,-0.007458769716322422
2023-06-05 10:03:02.479897,0.8810749999961445,36.88787841796875,32.36894989013672,32.36894989013672,31.333332061767578,1026.878662109375,0.22783864888850858,356.50599389163494,354.99899397321144,0.003165699541568756,0.004676670767366886,-0.026270335540175438
2023-06-05 10:03:02.581037,0.8810749999961445,37.88126754760742,32.350624084472656,32.350624084472656,31.335416793823242,1026.873291015625,0.26279598394745696,356.506659835079,354.56982415935556,-0.0011187726631760597,0.07428612560033798,-0.10011372715234756
2023-06-05 10:03:02.680041,0.8810749999961445,36.598663330078125,32.42393112182617,32.42393112182617,31.318750381469727,1026.87255859375,0.2977005984837493,356.62166378555935,353.897830875222,-0.0013918746262788773,0.0006744900601916015,-0.08202432096004486
2023-06-05 10:03:02.810999,0.8793352999996387,37.52603530883789,32.42393112182617,32.42393112182617,31.31458282470703,1026.86962890625,0.364347983579147,356.60547154147133,353.4901044402654,0.0007336121052503586,0.0009634534944780171,-0.04100625216960907
2023-06-05 10:03:02.945211,0.8792883999954029,37.821537017822266,32.42393112182617,32.42393112182617,31.318750381469727,1026.865478515625,0.3876114744900782,356.1162673530188,353.29805745005115,0.0024958141148090363,0.0010423756903037429,-0.020142730325460434
2023-06-05 10:03:03.076026,0.8749131000067791,36.66153335571289,32.332298278808594,32.332298278808594,31.306249618530273,1026.86669921875,0.3984119512389989,356.11610001338414,353.32584564780257,2.5372952222824097e-05,-0.07464760541915894,0.019403526559472084
2023-06-05 10:03:03.210412,0.8749131000067791,35.41665267944336,32.38727569580078,32.38727569580078,31.308334350585938,1026.867431640625,0.31573862115365053,356.0195676691839,354.4643724418729,3.521330654621124e-05,0.0022978021297603846,0.22015218436717987
2023-06-05 10:03:03.340899,0.8792883999954029,36.875301361083984,32.36894989013672,32.36894989013672,31.297916412353516,1026.86474609375,0.210739950652256,355.5290350089378,356.03921385455783,-0.0008662762120366096,0.00796486996114254,0.1888246089220047
2023-06-05 10:03:03.471414,0.879444800001238,36.78728103637695,32.42393112182617,32.42393112182617,31.299999237060547,1026.864501953125,0.16277191897743992,355.5395039813882,356.74587333693694,-0.005469139665365219,0.001845554099418223,0.06837522983551025
2023-06-05 10:03:03.601840,0.8800488999904701,36.7809944152832,32.405601501464844,32.405601501464844,31.299999237060547,1026.862060546875,0.12932164114647104,356.03742391810846,356.8832504258173,-0.0032301759347319603,0.0023089328315109015,0.0058041904121637344
2023-06-05 10:03:03.736253,0.8802259999933995,36.834434509277344,32.4605827331543,32.4605827331543,31.306249618530273,1026.8662109375,0.13338364269128491,356.03639469397785,356.607982489765,-0.0016462504863739014,0.0007809477974660695,-0.05090862512588501
2023-06-05 10:03:03.866882,0.8800488999904701,36.76527404785156,32.442256927490234,32.442256927490234,31.304166793823242,1026.869873046875,0.14540109373165788,356.0373884865021,356.20309314463486,0.00022050924599170685,0.0019712564535439014,-0.050637587904930115
2023-06-05 10:03:03.997225,0.8800125000002481,36.960182189941406,32.38727569580078,32.38727569580078,31.304166793823242,1026.864013671875,0.16262991240768448,356.52881867629384,356.0840963082544,0.0019947681576013565,-0.0008526588790118694,0.011645065620541573
2023-06-05 10:03:04.131629,0.8800125000002481,36.237144470214844,32.36894989013672,32.36894989013672,31.31041717529297,1026.86669921875,0.1507359117004742,356.52904257843255,356.43577976041064,0.006447911262512207,-0.00024382839910686016,0.05951426550745964
2023-06-05 10:03:04.262145,0.8794395999993867,36.95703887939453,32.42393112182617,32.42393112182617,31.306249618530273,1026.865966796875,0.1437900095209679,356.51639989827885,356.9230352105156,0.004196511581540108,-0.0005107654142193496,0.07001699507236481
2023-06-05 10:03:04.392651,0.8793302000080985,36.67096710205078,32.405601501464844,32.405601501464844,31.306249618530273,1026.870361328125,0.11638777081855277,356.0182016313499,357.5299301751132,0.004707705229520798,0.0011036493815481663,0.07044903934001923
2023-06-05 10:03:04.527190,0.8788822999927106,36.869014739990234,32.42393112182617,32.42393112182617,31.318750381469727,1026.87353515625,0.007507480132961537,356.0697862081696,359.06826401324093,0.015092413872480392,0.0032416777685284615,0.22652511298656464
2023-06-05 10:03:04.657607,0.8793302000080985,37.73037338256836,32.36894989013672,32.36894989013672,31.31041717529297,1026.8837890625,359.986635177419,356.08431444742104,0.6522420312403447,-0.00468069314956665,0.0019859985914081335,0.19689223170280457
2023-06-05 10:03:04.788031,0.8793302000080985,36.8061408996582,32.49723434448242,32.49723434448242,31.302082061767578,1026.875732421875,359.98041549310193,356.10111116325055,1.221957021173541,-0.0038004284724593163,0.07548809051513672,-0.0076483809389173985
2023-06-05 10:03:04.922567,0.879934399996273,37.03877258300781,32.2956428527832,32.2956428527832,31.295833587646484,1026.8828125,0.021989232076374047,356.1873995043563,0.41914856564171626,0.0001673344522714615,0.0012466474436223507,-0.13124313950538635
2023-06-05 10:03:05.052888,0.879934399996273,37.0733528137207,32.405601501464844,32.405601501464844,31.302082061767578,1026.884521484375,0.156576617235121,356.1919001721325,358.50055256325123,-0.0068576158955693245,-0.003945707343518734,-0.27815625071525574
2023-06-05 10:03:05.183475,0.880413599998974,36.079959869384766,32.38727569580078,32.38727569580078,31.306249618530273,1026.888427734375,0.29659562862251465,356.17382749158867,356.06659565605355,-0.0031924238428473473,0.07577220350503922,-0.3203059434890747
2023-06-05 10:03:05.317983,0.8803355999939413,37.38771438598633,32.350624084472656,32.350624084472656,31.306249618530273,1026.887451171875,0.38073939705054627,356.27299116616666,354.30858265709406,-0.0019706934690475464,-0.0030294093303382397,-0.19843831658363342
2023-06-05 10:03:05.448754,0.8803355999939413,36.63010025024414,32.38727569580078,32.38727569580078,31.308334350585938,1026.8974609375,0.44683937983656447,356.2691483309849,353.0686659736631,-0.0013044094666838646,-0.0032539707608520985,-0.15068316459655762
2023-06-05 10:03:05.579315,0.8802887000010742,38.47227096557617,32.36894989013672,32.36894989013672,31.297916412353516,1026.895263671875,0.440751039923865,356.2687282743509,353.2518303028617,-0.0009989766404032707,0.007741604000329971,0.059149034321308136
2023-06-05 10:03:05.713548,0.8803355999939413,37.11107635498047,32.240665435791016,32.240665435791016,31.291667938232422,1026.890625,0.46618965260075435,356.2796023623964,352.54972356845116,-0.0009303512051701546,-0.0016843925695866346,-0.10155966132879257
2023-06-05 10:03:05.840493,0.8803355999939413,37.236820220947266,32.27731704711914,32.27731704711914,31.295833587646484,1026.894287109375,0.5251432564829558,356.2620351158511,351.4539614425479,-0.0018156133592128754,-0.0046590762212872505,-0.13648928701877594
2023-06-05 10:03:05.964304,0.8826950999955443,37.39714813232422,32.2956428527832,32.2956428527832,31.289583206176758,1026.89306640625,0.5857552089512953,356.2666019510849,350.6382771999765,-8.819624781608582e-06,-0.001281245262362063,-0.12602229416370392
2023-06-05 10:03:06.091093,0.8830231999932039,39.57569122314453,32.42393112182617,32.42393112182617,31.299999237060547,1026.8876953125,0.6101883430771646,355.8054087953054,349.77614937859636,-0.0017144270241260529,-0.005361977498978376,-0.08171297609806061
2023-06-05 10:03:06.217956,0.8830231999932039,39.17959213256836,32.2956428527832,32.2956428527832,31.289583206176758,1026.886474609375,0.5630825560839966,355.81612408145276,351.0587718198129,0.002256195992231369,0.005939029622823,0.2820572555065155
2023-06-05 10:03:06.341178,0.8826950999955443,36.72126388549805,32.405601501464844,32.405601501464844,31.297916412353516,1026.883544921875,359.0798021237398,356.0890341081375,14.468642435837301,0.03493748605251312,0.03984205052256584,4.619200229644775
2023-06-05 10:03:06.468140,0.8826950999955443,37.425437927246094,32.42393112182617,32.42393112182617,31.291667938232422,1026.88916015625,357.11306046473544,359.35436265496537,75.99977444192034,0.14580953121185303,0.15193581581115723,10.034826278686523
2023-06-05 10:03:06.591483,0.8833670999943024,38.311946868896484,32.27731704711914,32.27731704711914,31.27916717529297,1026.887939453125,359.6870751766606,3.603117313138956,141.83147358719938,0.10976847261190414,0.2893805205821991,10.034826278686523
2023-06-05 10:03:06.718493,0.8886590999973123,37.19281005859375,32.31397247314453,32.31397247314453,31.268749237060547,1026.880859375,4.711228421061607,2.7593592855315396,210.06998477429485,0.17665822803974152,0.20752455294132233,10.034826278686523
2023-06-05 10:03:06.841714,0.9005193000016334,37.01362228393555,32.14903259277344,32.14903259277344,31.212499618530273,1026.87109375,5.9543544396288395,357.6356491237471,275.8633938790868,0.12534554302692413,0.1629313975572586,10.034826278686523
2023-06-05 10:03:06.969745,0.9009047000072314,37.87812423706055,32.09405517578125,32.09405517578125,31.183334350585938,1026.865478515625,1.8776136667512162,354.50576082692226,344.5111783116148,0.18154515326023102,0.2334863245487213,10.034826278686523
2023-06-05 10:03:07.096884,0.9036705999969854,37.25568389892578,32.130706787109375,32.130706787109375,31.143749237060547,1026.862548828125,356.96742695780904,357.07872659788165,54.905500171523,0.1326759308576584,0.23012657463550568,10.034826278686523
2023-06-05 10:03:07.227368,0.9039361999962239,37.985008239746094,31.800830841064453,31.800830841064453,31.112499237060547,1026.86328125,357.3766980827351,2.7191484677837936,121.95933872537076,0.1473366916179657,0.2582263946533203,10.034826278686523
2023-06-05 10:03:07.354810,0.9065405999999712,37.18023681640625,31.94744300842285,31.94744300842285,31.081249237060547,1026.873046875,2.9555425956184043,3.9259935886969757,190.3805711331424,0.11740428954362869,0.2289048433303833,10.034826278686523
2023-06-05 10:03:07.477914,0.9084520999986125,38.2553596496582,31.855810165405273,31.855810165405273,31.049999237060547,1026.873291015625,6.103859169710779,359.52551161419683,256.18482657833636,0.12565098702907562,0.22249075770378113,10.034826278686523
2023-06-05 10:03:07.604844,0.9084520999986125,38.428260803222656,31.764177322387695,31.764177322387695,31.012500762939453,1026.88671875,3.277808209575942,354.8682090840972,324.2387789964978,0.1519181877374649,0.23165373504161835,10.034826278686523
2023-06-05 10:03:07.731795,0.9084520999986125,37.19281005859375,31.855810165405273,31.855810165405273,30.981250762939453,1026.875244140625,357.8917822848396,355.6859039636055,32.47955074883745,0.1326759308576584,0.20172134041786194,10.034826278686523
2023-06-05 10:03:07.854805,0.9081448999959321,37.54804229736328,31.72752571105957,31.72752571105957,30.956249237060547,1026.87890625,356.6036828856825,0.8546672270941019,98.27493377829953,0.11496082693338394,0.22310161590576172,10.034826278686523
2023-06-05 10:03:07.981849,0.9077594000027602,37.33427429199219,31.61756706237793,31.61756706237793,30.929166793823242,1026.87646484375,0.8349672539804927,3.973585493059978,166.3619750478951,0.09907833486795425,0.19255836308002472,10.034826278686523
2023-06-05 10:03:08.104882,0.9067593000063425,35.463809967041016,31.61756706237793,31.61756706237793,30.90833282470703,1026.88037109375,5.287999903541926,1.4618538621136048,232.24282787690726,0.10457612574100494,0.16995634138584137,10.034826278686523
2023-06-05 10:03:08.231828,0.9027382999997826,35.91963577270508,31.72752571105957,31.72752571105957,30.883333206176758,1026.8828125,4.6895229336529525,356.23389772467846,300.1436918501066,0.12534554302692413,0.18583883345127106,10.034826278686523
2023-06-05 10:03:08.354935,0.9027330999979313,37.30912399291992,31.635892868041992,31.635892868041992,30.852083206176758,1026.886474609375,359.6807226738456,355.04990321507694,6.250570352422184,0.14855842292308807,0.20019418001174927,10.034826278686523
2023-06-05 10:03:08.481955,0.901139200005673,37.504032135009766,31.544261932373047,31.544261932373047,30.837499618530273,1026.890625,356.3743819093009,358.5604343258086,74.33327658632894,0.09846746921539307,0.1788138896226883,10.034826278686523
2023-06-05 10:03:08.608852,0.9007641000048352,37.53546905517578,31.745851516723633,31.745851516723633,30.8125,1026.883056640625,358.45421453220945,3.300506208848364,142.2837550536593,0.12534554302692413,0.16201509535312653,10.034826278686523
2023-06-05 10:03:08.731885,0.8999360999960118,37.05448913574219,31.599241256713867,31.599241256713867,30.795833587646484,1026.880859375,3.4318193704062097,3.1327691425507216,208.33120985690636,0.09907833486795425,0.15071408450603485,10.034826278686523
2023-06-05 10:03:08.859886,0.8999360999960118,37.08906936645508,31.690872192382812,31.690872192382812,30.768749237060547,1026.872802734375,5.311712185906094,358.36182373724546,276.7025782412712,0.131454199552536,0.15468470752239227,10.034826278686523
2023-06-05 10:03:08.983043,0.8948368000014852,37.768096923828125,31.599241256713867,31.599241256713867,30.758333206176758,1026.875244140625,1.704550867169962,354.9158359931797,342.55290672751147,0.10091093182563782,0.13727505505084991,10.034826278686523
2023-06-05 10:03:09.109875,0.8948368000014852,37.434871673583984,31.67254638671875,31.67254638671875,30.739582061767578,1026.88330078125,357.2076047970004,356.7921092353063,50.32761369164614,0.08716646581888199,0.1482706218957901,9.886691093444824
2023-06-05 10:03:09.236845,0.8942065000051116,37.32484436035156,31.50760841369629,31.50760841369629,30.722915649414062,1026.8779296875,357.01319883020165,1.7889606928105068,116.8575152644514,0.08227954059839249,0.13086096942424774,9.650591850280762
2023-06-05 10:03:09.361172,0.8942065000051116,37.491455078125,31.61756706237793,31.61756706237793,30.706249237060547,1026.88720703125,1.1903433838784312,3.886925333531326,179.78960786176327,0.09083165228366852,0.1329990029335022,9.44259262084961
2023-06-05 10:03:09.488051,0.892222000005404,38.54457473754883,31.709197998046875,31.709197998046875,30.6875,1026.884521484375,4.980993572520431,1.0568651590753975,243.88181173206746,0.10579785704612732,0.138191357254982,9.348519325256348
2023-06-05 10:03:09.611039,0.8894145999997818,37.101646423339844,31.52593421936035,31.52593421936035,30.670833587646484,1026.8896484375,4.290430284694053,356.55598596716095,304.89740788978713,0.07983607798814774,0.11803280562162399,9.183585166931152
2023-06-05 10:03:09.737722,0.8854768000001059,37.0859260559082,31.580913543701172,31.580913543701172,30.664583206176758,1026.894775390625,359.90961332527877,355.0814155734733,7.100134467710934,0.08899906277656555,0.10001228004693985,8.953595161437988
2023-06-05 10:03:09.864823,0.8839870999972845,36.86587142944336,31.50760841369629,31.50760841369629,30.631250381469727,1026.9013671875,356.54704588986766,358.1646272112839,69.36365143679517,0.07494916021823883,0.11345131695270538,8.660990715026855
2023-06-05 10:03:09.995086,0.8836589000006825,37.79324722290039,31.599241256713867,31.599241256713867,30.620834350585938,1026.899658203125,357.53763441505356,2.3163066853007916,127.06808799810852,0.06822963804006577,0.11100785434246063,8.420920372009277
2023-06-05 10:03:10.118162,0.8832370999934938,37.25568389892578,31.52593421936035,31.52593421936035,30.608333587646484,1026.90380859375,1.2577397419050032,3.740304650826424,182.61086212203773,0.08594473451375961,0.10459376871585846,8.207728385925293
2023-06-05 10:03:10.245908,0.8832370999934938,37.202239990234375,31.47095489501953,31.47095489501953,30.589584350585938,1026.906494140625,4.672303599868528,1.3603082657842616,239.33003706538756,0.08411213755607605,0.10673179477453232,8.105713844299316
2023-06-05 10:03:10.372661,0.8832370999934938,37.85926055908203,31.50760841369629,31.50760841369629,30.587499618530273,1026.907958984375,4.530372268915663,357.2771873491699,294.93474370224476,0.07922521233558655,0.10520463436841965,7.98751163482666
2023-06-05 10:03:10.495871,0.8832370999934938,37.428585052490234,31.47095489501953,31.47095489501953,30.56041717529297,1026.919189453125,1.1128139066096165,355.07764061329635,349.7306842243862,0.08075238019227982,0.09451449662446976,7.788064002990723
2023-06-05 10:03:10.626490,0.8812421999900835,37.136226654052734,31.47095489501953,31.47095489501953,30.558334350585938,1026.9150390625,357.50740314401344,356.43392173551297,42.37888883749001,0.07586545497179031,0.0926818996667862,7.553491592407227
2023-06-05 10:03:10.749448,0.8761272000024292,37.482025146484375,31.489282608032227,31.489282608032227,30.545833587646484,1026.916015625,356.3092428220733,359.9774690535477,92.33761425734752,0.06853507459163666,0.09665252268314362,7.342437744140625
2023-06-05 10:03:10.872512,0.8761272000024292,36.909881591796875,31.52593421936035,31.52593421936035,30.537500381469727,1026.91259765625,358.25948701291117,3.1061262821457944,141.08194228806053,0.06548074632883072,0.08351892232894897,7.161316394805908
2023-06-05 10:03:10.995422,0.874299099997188,36.67096710205078,31.489282608032227,31.489282608032227,30.522916793823242,1026.913330078125,1.7492382335884167,3.6899029773936074,189.0721937561131,0.07281113415956497,0.08687867969274521,7.015014171600342
2023-06-05 10:03:11.122207,0.8761272000024292,38.10446548461914,31.45262908935547,31.45262908935547,30.504165649414062,1026.9033203125,4.628107153296668,1.453645682278542,237.9410907769088,0.08289040625095367,0.08810041099786758,6.948429584503174
2023-06-05 10:03:11.245010,0.8763042999939898,37.27454376220703,31.434303283691406,31.434303283691406,30.5,1026.909912109375,4.8152812304248735,357.92417744518616,284.56416012690175,0.0761708915233612,0.0031901360489428043,6.858632564544678
2023-06-05 10:03:11.371782,0.8774086000025818,37.447444915771484,31.434303283691406,31.434303283691406,30.483333587646484,1026.908935546875,2.3764672049536757,355.32587359339675,332.12611923303575,0.06334272027015686,0.09115473181009293,6.724242210388184
2023-06-05 10:03:11.498446,0.8774086000025818,36.99790573120117,31.39764976501465,31.39764976501465,30.477083206176758,1026.90283203125,358.9233534391495,355.75193609806706,18.837492683713208,0.07464372366666794,0.08138088881969452,6.564195156097412
2023-06-05 10:03:11.621569,0.8774086000025818,37.3782844543457,31.580913543701172,31.580913543701172,30.46875,1026.898193359375,356.47967098290394,358.1836189791579,62.873981347853395,0.08014151453971863,0.07557766884565353,6.398651123046875
2023-06-05 10:03:11.748243,0.873845899992375,37.101646423339844,31.52593421936035,31.52593421936035,30.464584350585938,1026.895263671875,356.65256100004353,1.4391279017542682,107.02550576554223,0.081363245844841,0.06855271756649017,6.230662822723389
2023-06-05 10:03:11.871135,0.8722989999919264,37.412864685058594,31.580913543701172,31.580913543701172,30.458332061767578,1026.89599609375,359.05962585165327,3.5514014686211466,148.8472799780964,0.061204694211483,0.06672012805938721,6.0483198165893555
2023-06-05 10:03:11.997869,0.8691268000015953,37.56061553955078,31.52593421936035,31.52593421936035,30.441665649414062,1026.89306640625,2.2180313622017094,3.528904106155594,191.12890031898735,0.05692863464355469,0.07557766884565353,5.927673816680908
2023-06-05 10:03:12.120815,0.8691268000015953,36.03594970703125,31.50760841369629,31.50760841369629,30.433334350585938,1026.89501953125,4.550518765646261,1.5757995601594001,231.33370237762185,0.06089925765991211,0.06274949759244919,5.827186584472656
2023-06-05 10:03:12.247717,0.8691268000015953,37.3657112121582,31.434303283691406,31.434303283691406,30.424999237060547,1026.888916015625,5.011935610121058,358.5015911788919,272.06800119128326,0.05815036594867706,0.06794185191392899,5.729753494262695
2023-06-05 10:03:12.370731,0.8717833999990034,37.830970764160156,31.36099624633789,31.36099624633789,30.414583206176758,1026.888671875,3.4951301013703504,355.96955446276013,310.9305925308348,0.06853507459163666,0.06580382585525513,5.617659568786621
2023-06-05 10:03:12.497333,0.8727834000078474,37.277687072753906,31.52593421936035,31.52593421936035,30.402084350585938,1026.878662109375,0.7289506585091414,354.93059688574976,350.16862058604175,0.06181555986404419,0.062138631939888,5.441730499267578
2023-06-05 10:03:12.621014,0.8727834000078474,38.86522674560547,31.50760841369629,31.50760841369629,30.402084350585938,1026.869873046875,358.08848874472824,355.73427749774163,27.02753153634048,0.059677526354789734,0.06641469150781631,5.274353504180908
2023-06-05 10:03:12.747966,0.8727834000078474,37.12993621826172,31.39764976501465,31.379323959350586,30.397916793823242,1026.879150390625,356.42597288942295,357.91192323204154,63.886304175308496,0.04012984037399292,0.05816800892353058,5.112473964691162
2023-06-05 10:03:12.875808,0.8703144999922188,37.43172836303711,31.489282608032227,31.489282608032227,30.391666412353516,1026.8818359375,356.26739510680227,0.7006643905568857,99.74788456338028,0.06334272027015686,0.05053219199180603,4.973196983337402
2023-06-05 10:03:12.998717,0.8703144999922188,37.61405944824219,31.36099624633789,31.36099624633789,30.381250381469727,1026.878662109375,357.754658126402,2.8637087812368787,133.38616324453204,0.04868195205926895,0.04992132633924484,4.823840141296387
2023-06-05 10:03:13.125367,0.8703144999922188,37.48516845703125,31.41597557067871,31.41597557067871,30.381250381469727,1026.87646484375,0.17011857450236878,3.851939397055228,167.26212567861108,0.05234714597463608,0.049310460686683655,4.705332279205322
2023-06-05 10:03:13.248309,0.8729552999975567,37.81210708618164,31.434303283691406,31.434303283691406,30.393749237060547,1026.8701171875,2.6180245289139927,3.3784758064318217,199.53068869626335,0.04684935510158539,0.05114305764436722,4.631723403930664
2023-06-05 10:03:13.375009,0.8729552999975567,38.054168701171875,31.36099624633789,31.36099624633789,30.381250381469727,1026.875732421875,4.501351222019101,1.6657389575415993,232.4358217020951,0.054485172033309937,0.04992132633924484,4.593544006347656
2023-06-05 10:03:13.497927,0.8729552999975567,37.997581481933594,31.47095489501953,31.47095489501953,30.370834350585938,1026.871826171875,5.102496661439433,359.2819557662132,263.8975786419523,0.0511254146695137,0.047172434628009796,4.53215217590332
2023-06-05 10:03:13.624763,0.8721896999995806,37.38771438598633,31.36099624633789,31.36099624633789,30.381250381469727,1026.87255859375,4.307591561870534,356.83987787081406,296.9875843780488,0.04471132904291153,0.04595070332288742,4.44113302230835
2023-06-05 10:03:13.755112,0.868085200000678,37.491455078125,31.47095489501953,31.47095489501953,30.360416412353516,1026.876708984375,2.4592083300026215,355.3297125865971,328.0856952163053,0.05784492939710617,0.038620319217443466,4.355612277984619
2023-06-05 10:03:13.881768,0.867887300001712,37.81839370727539,31.379323959350586,31.379323959350586,30.358333587646484,1026.883056640625,0.09274107561269343,354.90530512214,358.85107338914463,0.031883157789707184,0.04900502786040306,4.244129180908203
2023-06-05 10:03:14.004990,0.867887300001712,37.45687484741211,31.30601692199707,31.30601692199707,30.358333587646484,1026.884521484375,357.94200103726877,355.7443558687488,27.89313165513995,0.055096037685871124,0.04228551313281059,4.11279296875
2023-06-05 10:03:14.131877,0.867887300001712,38.924957275390625,31.342670440673828,31.342670440673828,30.360416412353516,1026.877685546875,356.61007957128356,357.414467321298,56.69801160220656,0.026385372504591942,0.03892575204372406,3.9722940921783447
2023-06-05 10:03:14.254662,0.8674081999979535,37.43801498413086,31.379323959350586,31.379323959350586,30.352083206176758,1026.873779296875,356.1502923672561,359.43377150147296,83.20697639373945,0.028217969462275505,0.039231184870004654,3.8314898014068604
2023-06-05 10:03:14.381552,0.8668977999955132,37.491455078125,31.41597557067871,31.41597557067871,30.352083206176758,1026.882568359375,356.6482552061021,1.487961406442332,110.06018613453557,0.03707551211118698,0.036176860332489014,3.6974048614501953
2023-06-05 10:03:14.508713,0.8668977999955132,37.720943450927734,31.39764976501465,31.39764976501465,30.360416412353516,1026.885986328125,357.94290966587175,3.0295713874941756,136.0203076602175,0.038908109068870544,0.03342796489596367,3.5746209621429443
2023-06-05 10:03:14.631855,0.8668977999955132,35.979366302490234,31.41597557067871,31.41597557067871,30.347915649414062,1026.880615234375,359.71794845880225,3.7541020598366726,160.4947196074491,0.03493748605251312,0.03495512902736664,3.4603891372680664
2023-06-05 10:03:14.758895,0.8674081999979535,37.20853042602539,31.45262908935547,31.45262908935547,30.350000381469727,1026.891845703125,1.5863322454680888,3.7535112484734667,184.9662391969383,0.03921354562044144,0.03128993883728981,3.3608181476593018
2023-06-05 10:03:14.881891,0.8668977999955132,37.15194320678711,31.39764976501465,31.39764976501465,30.34375,1026.894287109375,3.244060458330321,3.0213288432698513,208.05568002578804,0.041351571679115295,0.03648229315876961,3.2795729637145996
2023-06-05 10:03:15.008655,0.8716794000074515,35.25632858276367,31.36099624633789,31.36099624633789,30.339584350585938,1026.89990234375,4.484044376435936,1.665627753524175,231.406102382824,0.041046142578125,0.030984504148364067,3.2200136184692383
2023-06-05 10:03:15.131824,0.8716794000074515,37.412864685058594,31.47095489501953,31.47095489501953,30.34166717529297,1026.904541015625,5.059084405961656,359.9997550175886,253.4876736675575,0.02943970076739788,0.029151909053325653,3.1503748893737793
2023-06-05 10:03:15.258465,0.8677208000003702,40.053524017333984,31.39764976501465,31.39764976501465,30.335416793823242,1026.89892578125,4.920597624784593,358.21558277036974,275.8055968183302,0.03402119129896164,0.027624744921922684,3.092953681945801
2023-06-05 10:03:15.381325,0.865829999998823,38.11703872680664,31.324344635009766,31.324344635009766,30.337499618530273,1026.89404296875,4.178897564415976,356.73233312723767,297.0675522328513,0.030661432072520256,0.027013879269361496,3.0230095386505127
2023-06-05 10:03:15.508109,0.8661426000012398,37.36256790161133,31.41597557067871,31.41597557067871,30.335416793823242,1026.894287109375,2.9503945539749186,355.6149660457726,318.4800962430983,0.026690805330872536,0.030984504148364067,2.934434175491333
2023-06-05 10:03:15.630950,0.8642517999996926,37.35628128051758,31.45262908935547,31.45262908935547,30.333332061767578,1026.894287109375,1.5297267325564907,355.0639021146677,338.04492211114786,0.03402119129896164,0.028541043400764465,2.819591522216797
2023-06-05 10:03:15.757767,0.8642517999996926,36.74955749511719,31.47095489501953,31.47095489501953,30.325000762939453,1026.90087890625,0.01951126245736123,355.01823120100875,357.925119157518,0.028828835114836693,0.026097582653164864,2.7013890743255615
2023-06-05 10:03:15.884580,0.8661426000012398,37.10478973388672,31.50760841369629,31.50760841369629,30.318750381469727,1026.8994140625,358.6200669999047,355.4332445940361,17.024085996811287,0.0285234022885561,0.028541043400764465,2.6033451557159424
2023-06-05 10:03:16.008031,0.8663144000033753,37.32170104980469,31.39764976501465,31.39764976501465,30.333332061767578,1026.905517578125,357.5308332541875,356.17373186894025,34.4443707768075,0.024247346445918083,0.027624744921922684,2.5107991695404053
2023-06-05 10:03:16.134843,0.866465499997048,36.72126388549805,31.39764976501465,31.39764976501465,30.329166412353516,1026.90185546875,356.69353551831784,357.2342431750937,52.11977678268204,0.02699623815715313,0.019378064200282097,2.4142823219299316
2023-06-05 10:03:16.257863,0.8665176000031352,37.195953369140625,31.434303283691406,31.434303283691406,30.331249237060547,1026.900146484375,356.28845684888165,358.4138703123295,68.55329730309734,0.026079939678311348,0.023654121905565262,2.317460298538208
2023-06-05 10:03:16.384638,0.8666166000020894,38.079315185546875,31.379323959350586,31.379323959350586,30.327083587646484,1026.8994140625,356.2072224208749,359.6191172756986,84.85910353131716,0.025774510577321053,0.02121066115796566,2.2298009395599365
2023-06-05 10:03:16.507973,0.8666166000020894,37.66749954223633,31.47095489501953,31.47095489501953,30.331249237060547,1026.901611328125,356.4073853833704,0.750285874959587,100.06087115190695,0.02149845100939274,0.020599795505404472,2.1424472332000732
2023-06-05 10:03:16.634797,0.8665176000031352,37.3782844543457,31.47095489501953,31.47095489501953,30.322917938232422,1026.906005859375,356.87835808938087,1.7796416467399647,115.12439574369569,0.029134267941117287,0.01571287401020527,1.9827061891555786
2023-06-05 10:03:16.759704,0.8665176000031352,36.4226188659668,31.324344635009766,31.324344635009766,30.318750381469727,1026.907958984375,357.5627379215743,2.584633228165681,129.23185094603355,0.0233310479670763,0.016323737800121307,1.9704889059066772
2023-06-05 10:03:16.882647,0.8675280999918868,40.380462646484375,31.434303283691406,31.434303283691406,30.329166412353516,1026.90966796875,358.3743331219886,3.180523904236747,142.69579304552948,0.019665857776999474,0.014796575531363487,1.8959633111953735
2023-06-05 10:03:17.005668,0.8680906000004143,37.32798767089844,31.41597557067871,31.41597557067871,30.327083587646484,1026.91064453125,359.3037339844643,3.543091476278768,155.65085873110277,0.01936042495071888,0.0166291706264019,1.8208268880844116
2023-06-05 10:03:17.132460,0.8680906000004143,37.30283737182617,31.45262908935547,31.45262908935547,30.327083587646484,1026.91162109375,0.25004642200542326,3.7088563254535694,168.56244343241977,0.018444126471877098,0.016323737800121307,1.758824110031128
2023-06-05 10:03:17.255738,0.868189699998311,37.79324722290039,31.41597557067871,31.41597557067871,30.318750381469727,1026.91357421875,1.165833463485252,3.6553213027390097,180.71510213676567,0.019665857776999474,0.015102008357644081,1.7093440294265747
2023-06-05 10:03:17.382464,0.868189699998311,37.463165283203125,31.379323959350586,31.379323959350586,30.320833206176758,1026.918212890625,2.0589434498274186,3.423390276640179,192.90621116367305,0.019971290603280067,0.01876719854772091,1.6650562286376953
2023-06-05 10:03:17.505471,0.8675177999984953,38.918670654296875,31.434303283691406,31.434303283691406,30.31458282470703,1026.9189453125,2.823183347900489,3.026648706859645,204.4651998432741,0.01783326081931591,0.013574845157563686,1.6296260356903076
2023-06-05 10:03:17.632263,0.8672312000053353,37.510318756103516,31.489282608032227,31.489282608032227,30.329166412353516,1026.921630859375,3.5261086377943545,2.499329714960923,216.16763615582371,0.019665857776999474,0.01724003627896309,1.6048860549926758
2023-06-05 10:03:17.755362,0.8672312000053353,37.43801498413086,31.47095489501953,31.47095489501953,30.318750381469727,1026.91943359375,4.082025845191332,1.8506363405203698,227.3101608809724,0.018138693645596504,0.016323737800121307,1.577397108078003
2023-06-05 10:03:17.882135,0.866892700003973,37.12993621826172,31.41597557067871,31.41597557067871,30.3125,1026.919921875,4.497138275961673,1.0929948320723553,238.568826142768,0.018749559298157692,0.0141857098788023,1.5462429523468018
2023-06-05 10:03:18.005145,0.866892700003973,35.69015121459961,31.45262908935547,31.45262908935547,30.320833206176758,1026.923828125,4.7529553273616845,0.3257653655356557,249.26236155263672,0.018444126471877098,0.0154074402526021,1.5135616064071655
2023-06-05 10:03:18.132016,0.8667522000005192,37.6454963684082,31.41597557067871,31.41597557067871,30.3125,1026.931396484375,4.8421806498105,359.5303011242697,260.0433848555841,0.0132517721503973,0.010215085931122303,1.4793531894683838
2023-06-05 10:03:18.258821,0.8667522000005192,37.63291931152344,31.45262908935547,31.45262908935547,30.3125,1026.917724609375,4.785436718846503,358.7452557229329,270.53275225078283,0.019054992124438286,0.012658546678721905,1.434149146080017
2023-06-05 10:03:18.381809,0.8674970000024587,37.54804229736328,31.47095489501953,31.47095489501953,30.31041717529297,1026.91552734375,4.618085558236967,358.02610563883076,280.36480956101616,0.012946339324116707,0.009604220278561115,1.3886396884918213
2023-06-05 10:03:18.508680,0.8674970000024587,37.60148239135742,31.434303283691406,31.434303283691406,30.3125,1026.91357421875,4.326763902870759,357.34119177122165,290.19426456917574,0.01477893441915512,0.010520518757402897,1.3446574211120605
2023-06-05 10:03:18.632056,0.8670855000000302,36.394325256347656,31.52593421936035,31.52593421936035,30.318750381469727,1026.9072265625,3.9475641798695222,356.7647231649423,299.46925848089205,0.016000663861632347,0.013269412331283092,1.302507758140564
2023-06-05 10:03:18.758800,0.8670855000000302,37.15822982788086,31.50760841369629,31.50760841369629,30.31041717529297,1026.8984375,3.4966280472326985,356.25640191733316,308.70958235238135,0.011113742366433144,0.011436816304922104,1.2631069421768188
2023-06-05 10:03:18.881814,0.8668041999962952,37.32484436035156,31.544261932373047,31.544261932373047,30.31041717529297,1026.89794921875,2.9960588508880965,355.8412378332572,317.3628412194243,0.015084367245435715,0.011436816304922104,1.2130159139633179
2023-06-05 10:03:19.008641,0.8666376000073797,37.428585052490234,31.654220581054688,31.654220581054688,30.31458282470703,1026.896728515625,2.4407279725426827,355.51472576262665,326.0001174438094,0.014473501592874527,0.012353113852441311,1.178196668624878
2023-06-05 10:03:19.131781,0.8666376000073797,37.51346206665039,31.45262908935547,31.45262908935547,30.316665649414062,1026.902587890625,1.902071506951974,355.2785420899958,334.1554845486624,0.011113742366433144,0.01113138347864151,1.1455153226852417
2023-06-05 10:03:19.258600,0.866455300002599,37.504032135009766,31.45262908935547,31.45262908935547,30.31458282470703,1026.883544921875,1.322575419323055,355.1320426431487,342.32810812645346,0.012946339324116707,0.01082595158368349,1.1131395101547241
2023-06-05 10:03:19.385380,0.866387700001269,37.230533599853516,31.489282608032227,31.489282608032227,30.316665649414062,1026.88037109375,0.75681665638403,355.0597818030509,350.27354339075055,0.012946339324116707,0.010520518757402897,1.0786255598068237
2023-06-05 10:03:19.508442,0.866387700001269,38.107608795166016,31.489282608032227,31.489282608032227,30.316665649414062,1026.87744140625,0.22216269498716187,355.0613915932609,357.7271768602765,0.010197445750236511,0.007771625649183989,1.043195366859436
2023-06-05 10:03:19.636318,0.866387700001269,37.20538330078125,31.379323959350586,31.379323959350586,30.318750381469727,1026.876220703125,359.66858726863995,355.1312166171459,5.176074874273396,0.010197445750236511,0.008993355557322502,0.9998239278793335
2023-06-05 10:03:19.759486,0.866455300002599,36.828147888183594,31.489282608032227,31.489282608032227,30.322917938232422,1026.87548828125,359.16513642615666,355.2564182535005,11.991250861603636,0.012335473671555519,0.006855327636003494,0.9506492614746094
2023-06-05 10:03:19.886113,0.8668929000018579,35.740447998046875,31.52593421936035,31.52593421936035,30.308334350585938,1026.87451171875,358.70817964184903,355.44215244137433,18.632435036903793,0.009586580097675323,0.007466192822903395,0.8926171064376831
2023-06-05 10:03:20.013267,0.8676845999966645,39.475093841552734,31.47095489501953,31.47095489501953,30.316665649414062,1026.87109375,358.30380992470435,355.67486936611454,24.841930766091636,0.013557203114032745,0.010520518757402897,0.8382501006126404
2023-06-05 10:03:20.136213,0.8679605999996056,37.447444915771484,31.47095489501953,31.47095489501953,30.320833206176758,1026.87109375,357.9729546008136,355.92290725893673,30.484039265831935,0.00928114727139473,0.007771625649183989,0.7786906957626343
2023-06-05 10:03:20.263165,0.8682263000091552,37.47259521484375,31.39764976501465,31.39764976501465,30.318750381469727,1026.86865234375,357.65480204139686,356.1637943705847,35.85693585943618,0.006837686523795128,0.004717299249023199,0.7203530669212341
2023-06-05 10:03:20.386119,0.8682575999964683,36.897308349609375,31.52593421936035,31.52593421936035,30.316665649414062,1026.858154296875,357.4214471342995,356.43980679725655,40.64512386385773,0.0053105223923921585,0.005022731609642506,0.6607937216758728
2023-06-05 10:03:20.513227,0.8682575999964683,36.680397033691406,31.45262908935547,31.45262908935547,30.327083587646484,1026.865234375,357.2329932504756,356.6944206681456,45.20141670067359,0.004088792949914932,0.005633597262203693,0.5838246941566467
2023-06-05 10:03:20.643474,0.8682263000091552,39.487667083740234,31.50760841369629,31.50760841369629,30.318750381469727,1026.868896484375,357.0539989652087,356.9189172467763,49.04130807091974,0.006837686523795128,0.004717299249023199,0.5092991590499878
2023-06-05 10:03:20.770298,0.8652209000056246,39.1072883605957,31.45262908935547,31.45262908935547,30.325000762939453,1026.867431640625,356.9167559187908,357.1313833009576,52.428347653910286,0.006532253697514534,0.007160759996622801,0.4479071795940399
2023-06-05 10:03:20.893108,0.8651063000011163,37.79324722290039,31.434303283691406,31.434303283691406,30.329166412353516,1026.86962890625,356.8082222918886,357.31159869598207,55.236624327390636,0.004394225776195526,0.004106434062123299,0.377963125705719
2023-06-05 10:03:21.020023,0.8651063000011163,37.51346206665039,31.489282608032227,31.489282608032227,30.327083587646484,1026.862548828125,356.7298996589024,357.47030603875356,57.61845130985206,0.0028670616447925568,0.00196840544231236,0.3074081838130951
2023-06-05 10:03:21.142958,0.8651063000011163,35.9290657043457,31.489282608032227,31.489282608032227,30.325000762939453,1026.86474609375,356.6708037949864,357.6039374092044,59.37626879464655,0.002818875014781952,0.0013347244821488857,0.2184581458568573
2023-06-05 10:03:21.269751,0.8652990999971735,37.29026412963867,31.47095489501953,31.47095489501953,30.325000762939453,1026.86962890625,356.64530691225815,358.12603087950123,60.47655079823307,0.0033356118947267532,0.0006442147423513234,0.1271030306816101
2023-06-05 10:03:21.394565,0.8657314999945811,36.99161911010742,31.52593421936035,31.52593421936035,30.3125,1026.871826171875,356.65174671342845,358.1477536558262,60.832847616286784,0.002338673919439316,-0.0017695578280836344,0.024645971134305
2023-06-05 10:03:21.517690,0.8657314999945811,37.2996940612793,31.45262908935547,31.45262908935547,30.327083587646484,1026.8759765625,356.659428755254,358.6157941829703,61.004742987128495,0.002270817756652832,0.07416420429944992,0.028253279626369476
2023-06-05 10:03:21.641780,0.8657314999945811,37.35628128051758,31.41597557067871,31.41597557067871,30.322917938232422,1026.881103515625,356.66378662938786,358.6742167396446,61.19936239733884,-0.0007876744493842125,-0.003887290135025978,0.026130560785531998
2023-06-05 10:03:21.772197,0.8657314999945811,37.821537017822266,31.489282608032227,31.489282608032227,30.329166412353516,1026.883056640625,356.66136233911936,358.66254309257937,61.37836799510654,0.0022213850170373917,-0.07914799451828003,0.02618069015443325
2023-06-05 10:03:21.898993,0.869538999996621,37.40972137451172,31.39764976501465,31.39764976501465,30.329166412353516,1026.88427734375,356.6689959292905,358.5747279907508,61.56593865009342,0.0012565404176712036,0.07474000006914139,0.02742530032992363
2023-06-05 10:03:22.025741,0.866492000001017,37.9378547668457,31.47095489501953,31.47095489501953,30.335416793823242,1026.883544921875,356.6695833255591,359.120039621914,61.71301311349131,0.0018303971737623215,-0.004027181770652533,0.022958066314458847
2023-06-05 10:03:22.148901,0.869538999996621,37.419151306152344,31.489282608032227,31.489282608032227,30.34375,1026.893310546875,356.67313374326704,358.63799080366897,61.908540938861265,0.000583333894610405,-0.0035068527795374393,0.02217266336083412
2023-06-05 10:03:22.276069,0.869538999996621,37.475738525390625,31.599241256713867,31.599241256713867,30.339584350585938,1026.9013671875,356.6824627144562,358.6205189663287,62.072322044969,0.0014395546168088913,-0.0027843203861266375,0.02292502671480179
2023-06-05 10:03:22.399125,0.869538999996621,37.94414138793945,31.324344635009766,31.324344635009766,30.350000381469727,1026.9033203125,356.6925229427734,358.6152120160653,62.221582168901286,-0.0016215154901146889,-0.00030426308512687683,0.01948850229382515
2023-06-05 10:03:22.526139,0.8668253000005279,37.46630859375,31.41597557067871,31.41597557067871,30.350000381469727,1026.90966796875,356.70002761312395,359.06426931307186,62.34843244216677,-0.001628032885491848,-0.003627696307376027,0.020905697718262672
2023-06-05 10:03:22.649209,0.8712577999981477,38.25850296020508,31.434303283691406,31.434303283691406,30.34583282470703,1026.910888671875,356.69361491926696,359.041834809691,62.49157954679189,0.0008084382861852646,-0.0016898447647690773,0.019017787650227547
2023-06-05 10:03:22.776095,0.8695234000024357,36.523216247558594,31.50760841369629,31.50760841369629,30.358333587646484,1026.907470703125,356.7077593872644,359.02564832857513,62.641672953802924,-0.00044998712837696075,-0.004901483654975891,0.01924947276711464
2023-06-05 10:03:22.902819,0.8710339000012937,37.3657112121582,31.45262908935547,31.45262908935547,30.362499237060547,1026.908203125,356.7452957590653,359.4399966852929,62.75615375448151,-0.00014455430209636688,-0.011621001176536083,0.02871788665652275
2023-06-05 10:03:23.025863,0.8710339000012937,37.808963775634766,31.50760841369629,31.50760841369629,30.364582061767578,1026.907958984375,356.8921256163135,359.4131766668564,62.91792678497326,0.009018424898386002,-0.005206916481256485,0.014057119376957417
2023-06-05 10:03:23.152634,0.8710339000012937,38.915523529052734,31.41597557067871,31.41597557067871,30.37291717529297,1026.90625,356.9104913546614,359.4104850920757,63.02244233965279,0.004662662744522095,-0.005720003508031368,0.014721762388944626
2023-06-05 10:03:23.275951,0.8695234000024357,37.494598388671875,31.56258773803711,31.56258773803711,30.370834350585938,1026.90576171875,356.90359734591135,359.32114893913547,57.63291765051415,-0.03137838840484619,0.07216531038284302,-1.3640010356903076
2023-06-05 10:03:23.402828,0.8660023999946134,37.57633590698242,31.544261932373047,31.544261932373047,30.379165649414062,1026.901611328125,358.72802849174224,356.2333154510517,358.67352678381667,0.07460673153400421,-0.3814021348953247,-9.998887062072754
2023-06-05 10:03:23.533713,0.8660023999946134,38.70490264892578,31.45262908935547,31.45262908935547,30.364582061767578,1026.89990234375,2.6346376834095793,354.2775599378839,291.3133091024123,-0.22196835279464722,-0.1694318801164627,-9.998887062072754
2023-06-05 10:03:23.660606,0.8660023999946134,36.529502868652344,31.30601692199707,31.30601692199707,30.325000762939453,1026.902587890625,6.486732253825013,357.910221874608,223.46619871798094,-0.26564520597457886,-0.3123743534088135,-9.998887062072754
2023-06-05 10:03:23.783619,0.9237246000006962,38.032161712646484,31.141080856323242,31.141080856323242,30.272916793823242,1026.889404296875,4.958158969464609,2.8902748020136433,157.9203530073796,-0.18837076425552368,-0.36490875482559204,-9.998887062072754
2023-06-05 10:03:23.911552,0.9254435000011654,37.45058822631836,31.159406661987305,31.159406661987305,30.233333587646484,1026.88623046875,359.29620951723734,3.430774138019786,89.49036793955767,-0.1721828281879425,-0.29313209652900696,-9.998887062072754
2023-06-05 10:03:24.038608,0.9285635000092043,35.82847213745117,31.049448013305664,31.049448013305664,30.1875,1026.879150390625,356.3796829898705,358.4683681782736,21.757837393547835,-0.1425558626651764,-0.31787213683128357,-9.998887062072754
2023-06-05 10:03:24.161612,0.9283343000001878,37.6046257019043,30.994468688964844,30.994468688964844,30.15416717529297,1026.8857421875,359.9978377980221,353.95725864364294,316.1458722640573,-0.1776806116104126,-0.2650322914123535,-9.998887062072754
2023-06-05 10:03:24.288295,0.9283343000001878,37.37514114379883,30.902835845947266,30.902835845947266,30.106250762939453,1026.89501953125,5.390669599598265,355.5086293919056,248.00796999080717,-0.22013574838638306,-0.25922906398773193,-9.998887062072754
2023-06-05 10:03:24.411381,0.9274540999977035,36.073673248291016,30.97614288330078,30.97614288330078,30.079166412353516,1026.902587890625,6.326805508843281,1.0158577705156988,182.52067630423687,-0.19356310367584229,-0.2546475827693939,-9.998887062072754
2023-06-05 10:03:24.538209,0.9283343000001878,37.37514114379883,31.012794494628906,31.012794494628906,30.056249618530273,1026.903564453125,1.4020749792805953,4.287128315117175,114.72849065864506,-0.17432084679603577,-0.2405976802110672,-9.998887062072754
2023-06-05 10:03:24.661377,0.9274540999977035,35.96050262451172,30.719572067260742,30.719572067260742,30.03333282470703,1026.910400390625,356.71698441151216,1.1147087504957662,48.952764913614274,-0.17309913039207458,-0.23754335939884186,-9.998887062072754
2023-06-05 10:03:24.788226,0.9274540999977035,38.22077941894531,30.902835845947266,30.902835845947266,29.99791717529297,1026.91357421875,357.6694662441015,355.62346578930783,341.3745044352929,-0.1734045445919037,-0.2048620730638504,-9.998887062072754
2023-06-05 10:03:24.911368,0.9274540999977035,36.98847198486328,30.884510040283203,30.884510040283203,29.975000381469727,1026.916015625,3.0227000037457312,354.44617425660306,275.34630074759264,-0.186843603849411,-0.21616306900978088,-9.998887062072754
2023-06-05 10:03:25.038076,0.9277613999993264,37.698936462402344,30.829530715942383,30.829530715942383,29.954166412353516,1026.914794921875,6.09852778017676,358.99349510633556,207.6753614324234,-0.15966010093688965,-0.22288259863853455,-9.998887062072754
2023-06-05 10:03:25.164702,0.9269697000045198,37.09221267700195,30.792877197265625,30.792877197265625,29.933334350585938,1026.92236328125,3.0676445694751195,3.6160959532224495,137.85425443350096,-0.1721828281879425,-0.17615140974521637,-9.998887062072754
2023-06-05 10:03:25.295163,0.9277613999993264,37.400291442871094,30.847856521606445,30.847856521606445,29.920833587646484,1026.9306640625,357.74499084740546,2.6893669220118337,70.7599401786317,-0.14988625049591064,-0.21860653162002563,-9.998887062072754
2023-06-05 10:03:25.419049,0.9277196999969419,37.85926055908203,30.7562255859375,30.7562255859375,29.90625,1026.925537109375,356.54477314442136,357.43279079785043,4.936522210834478,-0.15324601531028748,-0.18592524528503418,-9.998887062072754
2023-06-05 10:03:25.545765,0.9277196999969419,37.991294860839844,30.719572067260742,30.719572067260742,29.87708282470703,1026.925048828125,0.8852673817102582,354.3410119683865,297.0005617374718,-0.14011240005493164,-0.17706769704818726,-9.998887062072754
2023-06-05 10:03:25.672627,0.9277196999969419,36.582942962646484,30.774551391601562,30.774551391601562,29.868749618530273,1026.9208984375,5.499639291390294,357.2592224575489,228.99878854947465,-0.13430917263031006,-0.16210150718688965,-9.998887062072754
2023-06-05 10:03:25.795850,0.9277196999969419,36.623809814453125,30.682918548583984,30.682918548583984,29.84166717529297,1026.922607421875,4.663529794992823,2.6727849302543354,163.46664419834838,-0.13522547483444214,-0.15232765674591064,-9.998887062072754
2023-06-05 10:03:25.922816,0.922896500004299,38.129615783691406,30.627941131591797,30.627941131591797,29.829166412353516,1026.920166015625,359.2263442059084,4.007482441250282,95.52044825962761,-0.07597154378890991,-0.19386649131774902,-9.998887062072754
2023-06-05 10:03:26.045819,0.922896500004299,38.97525405883789,30.64626693725586,30.64626693725586,29.81458282470703,1026.925537109375,355.9283825093301,359.9316193610212,30.011229665821556,-0.14011240005493164,-0.14591357111930847,-9.998887062072754
2023-06-05 10:03:26.172743,0.922896500004299,37.65492630004883,30.627941131591797,30.627941131591797,29.791667938232422,1026.919921875,358.37221106759085,354.8509129106846,322.26570468491576,-0.13919609785079956,-0.1498841941356659,-9.998887062072754
2023-06-05 10:03:26.295770,0.9215735999996468,37.35313415527344,30.682918548583984,30.682918548583984,29.774999618530273,1026.919921875,3.9215347558294265,355.0878987036561,256.3523164771634,-0.10315505415201187,-0.10040412098169327,-9.998887062072754
2023-06-05 10:03:26.422480,0.9215735999996468,37.752376556396484,30.6096134185791,30.6096134185791,29.768749237060547,1026.927734375,5.760036838402446,0.6022298920336304,188.76023169596195,-0.11934298276901245,-0.13247454166412354,-9.998887062072754
2023-06-05 10:03:26.545448,0.9192348999940805,37.802677154541016,30.627941131591797,30.627941131591797,29.756250381469727,1026.920654296875,1.6334781598226307,4.667983505218494,123.16688884987234,-0.14835909008979797,-0.14011035859584808,-9.998887062072754
2023-06-05 10:03:26.672541,0.918203499998981,36.340885162353516,30.49965476989746,30.49965476989746,29.737499237060547,1026.92724609375,356.1104172959947,2.098247346519434,55.22628000589265,-0.12392447143793106,-0.14285925030708313,-9.997359275817871
2023-06-05 10:03:26.799490,0.9177921000068636,38.08560562133789,30.64626693725586,30.64626693725586,29.725000381469727,1026.923583984375,356.42396481380695,355.99753945533695,348.1930720384329,-0.11048543453216553,-0.15080049633979797,-9.844643592834473
2023-06-05 10:03:26.923162,0.9165887999993174,37.62034606933594,30.463003158569336,30.463003158569336,29.71666717529297,1026.92431640625,1.9362337653028505,353.9033633284497,283.42253498826915,-0.09368664026260376,-0.12178440392017365,-9.643362998962402
2023-06-05 10:03:27.050333,0.9165887999993174,37.74294662475586,30.49965476989746,30.49965476989746,29.708332061767578,1026.924072265625,6.20661381624492,358.17913688095854,218.74946132246689,-0.12025927752256393,-0.13277997076511383,-9.433225631713867
2023-06-05 10:03:27.177564,0.9152919999914957,37.425437927246094,30.6096134185791,30.6096134185791,29.693750381469727,1026.91845703125,4.22453390024224,3.632945603018048,154.86649346719685,-0.08330193161964417,-0.16057433187961578,-9.345566749572754
2023-06-05 10:03:27.300782,0.9152919999914957,39.236175537109375,30.55463409423828,30.55463409423828,29.681249618530273,1026.915283203125,358.7562975774998,4.422871921568832,93.49237384975406,-0.12087014317512512,-0.12453329563140869,-9.151310920715332
2023-06-05 10:03:27.428554,0.9152919999914957,37.88126754760742,30.44467544555664,30.44467544555664,29.666667938232422,1026.915771484375,355.29174441877467,359.8349181964226,31.234663395237995,-0.11018000543117523,-0.12331156432628632,-8.979046821594238
2023-06-05 10:03:27.551625,0.9114323999947374,38.15790939331055,30.49965476989746,30.49965476989746,29.660415649414062,1026.918212890625,357.43062178590213,354.95423574358034,332.2607678747861,-0.11018000543117523,-0.11445402354001999,-8.829690933227539
2023-06-05 10:03:27.678659,0.9096249999979591,37.57319259643555,30.49965476989746,30.49965476989746,29.647916793823242,1026.92041015625,2.927033386022771,354.23246361388885,271.751012111903,-0.09887899458408356,-0.10651277005672455,-8.702019691467285
2023-06-05 10:03:27.805624,0.9071612999955505,37.38771438598633,30.517982482910156,30.517982482910156,29.625,1026.93408203125,6.221907463570225,358.54073488630354,212.20721926748354,-0.09368664026260376,-0.11995180696249008,-8.60886287689209
2023-06-05 10:03:27.928876,0.9051715999939915,37.821537017822266,30.426349639892578,30.426349639892578,29.620834350585938,1026.9345703125,4.377198019702133,3.470685708104521,155.26338209948796,-0.1016278862953186,-0.09704436361789703,-8.471113204956055
2023-06-05 10:03:28.056040,0.9008639999942716,38.4565544128418,30.463003158569336,30.463003158569336,29.608333587646484,1026.934326171875,359.03239954368286,4.6281609410363815,97.37064405294652,-0.10071159154176712,-0.09429546445608139,-8.279911994934082
2023-06-05 10:03:28.178925,0.9008639999942716,37.510318756103516,30.426349639892578,30.426349639892578,29.581249237060547,1026.929931640625,355.0324776949569,0.8514049046309217,42.63203613869819,-0.09735183417797089,-0.129420205950737,-8.111312866210938
2023-06-05 10:03:28.306894,0.9008639999942716,36.9947624206543,30.463003158569336,30.463003158569336,29.577083587646484,1026.93505859375,356.1650763117146,355.4788681232577,346.91167220107786,-0.08818885684013367,-0.10620734095573425,-7.907284259796143
2023-06-05 10:03:28.434049,0.9029580000069473,37.66121292114258,30.408023834228516,30.408023834228516,29.56041717529297,1026.939697265625,1.1833495903334554,353.409807882609,292.5116179809669,-0.0863562598824501,-0.08635421842336655,-7.72188663482666
2023-06-05 10:03:28.557480,0.9029580000069473,37.551185607910156,30.44467544555664,30.44467544555664,29.5625,1026.9443359375,5.535407711413182,355.97986036444405,241.2131885214518,-0.09246490895748138,-0.08788137882947922,-7.550539016723633
2023-06-05 10:03:28.684593,0.9029580000069473,37.74294662475586,30.334716796875,30.334716796875,29.543750762939453,1026.93994140625,6.267955318293981,1.225079805006412,187.44424548819725,-0.07566611468791962,-0.09124114364385605,-7.420424461364746
2023-06-05 10:03:28.816324,0.8992597999972531,37.5920524597168,30.353044509887695,30.353044509887695,29.545833587646484,1026.940673828125,2.665518889637911,4.8649226184257035,136.44071946401013,-0.09307577461004257,-0.0784129723906517,-7.290310382843018
2023-06-05 10:03:28.939538,0.8973481999996693,36.869014739990234,30.334716796875,30.334716796875,29.527084350585938,1026.940673828125,357.80048485375136,4.53183734449263,87.36268205082865,-0.07810957729816437,-0.07535864412784576,-7.1586689949035645
2023-06-05 10:03:29.062922,0.8952075000033801,37.79324722290039,30.353044509887695,30.353044509887695,29.512500762939453,1026.935546875,354.8650689046263,0.620487254489339,39.387928509373914,-0.07047376036643982,-0.10132041573524475,-7.022751331329346
2023-06-05 10:03:29.189972,0.8940564000008635,37.53546905517578,30.27973747253418,30.27973747253418,29.504165649414062,1026.939453125,355.7900903885444,355.8105105197286,350.8133520238769,-0.07077918946743011,-0.07932926714420319,-6.914628028869629
2023-06-05 10:03:29.313192,0.8940564000008635,38.931243896484375,30.27973747253418,30.27973747253418,29.5,1026.937255859375,359.8411643910784,353.3773943661291,304.0922378696693,-0.08238563686609268,-0.07719124108552933,-6.787262916564941
2023-06-05 10:03:29.440144,0.8921397000003708,37.63606262207031,30.371370315551758,30.371370315551758,29.49791717529297,1026.947509765625,4.45319411950228,354.69751326522845,256.6104703070332,-0.07474981993436813,-0.07413691282272339,-6.678528785705566
2023-06-05 10:03:29.563002,0.8921397000003708,37.02305221557617,30.298065185546875,30.298065185546875,29.483333587646484,1026.953369140625,6.495218763868754,359.11480252100705,211.7764938780442,-0.0817747712135315,-0.07658037543296814,-6.562464237213135
2023-06-05 10:03:29.690346,0.8914886000079605,38.073028564453125,30.206432342529297,30.206432342529297,29.472915649414062,1026.951904296875,4.926423349259791,3.394160908973933,166.24677707735367,-0.08543995767831802,-0.07291518151760101,-6.423492431640625
2023-06-05 10:03:29.813348,0.8882019000006949,38.34967041015625,30.22475814819336,30.22475814819336,29.47083282470703,1026.948486328125,0.9005061207179385,5.190324356429335,122.70436209965742,-0.08482909202575684,-0.07932926714420319,-6.281466484069824
2023-06-05 10:03:29.937310,0.8882019000006949,38.896663665771484,30.298065185546875,30.298065185546875,29.456249237060547,1026.945068359375,356.86900820073737,3.7421095283145998,80.09245111334866,-0.07872044295072556,-0.004803705960512161,-6.170289039611816
2023-06-05 10:03:30.060521,0.8881238000080884,39.92463302612305,30.353044509887695,30.353044509887695,29.43958282470703,1026.9521484375,354.74831279718046,0.1554615088118371,38.54666776968178,-0.058561891317367554,-0.05428379029035568,-6.023375511169434
2023-06-05 10:03:30.187775,0.8861966999925244,37.8969841003418,30.371370315551758,30.371370315551758,29.441665649414062,1026.943115234375,355.7058809862673,356.07273001970185,356.78588373132123,-0.07994217425584793,-0.06283590197563171,-5.849889755249023
2023-06-05 10:03:30.311050,0.8856445999990683,37.64234924316406,30.243085861206055,30.243085861206055,29.424999237060547,1026.934326171875,358.80156348228536,353.6499411121274,317.1765239041501,-0.06772486865520477,-0.0585598461329937,-5.6849565505981445
2023-06-05 10:03:30.438010,0.8856445999990683,37.81210708618164,30.27973747253418,30.27973747253418,29.412500381469727,1026.928466796875,2.7655134994171324,353.76085783471973,277.14230582003665,-0.06314337998628616,-0.05489465594291687,-5.545679092407227
2023-06-05 10:03:30.562184,0.8802068000031795,38.12647247314453,30.22475814819336,30.22475814819336,29.414583206176758,1026.9208984375,5.76237276309859,356.20206477427797,239.20709366032733,-0.06558683514595032,-0.05886527895927429,-5.423506259918213
2023-06-05 10:03:30.685397,0.8799254999994446,39.0412712097168,30.298065185546875,30.298065185546875,29.40625,1026.912841796875,6.60977213530727,359.93010333249987,202.4579711707474,-0.06833573430776596,-0.05733811482787132,-5.323324203491211
2023-06-05 10:03:30.808946,0.8780816000021332,37.7838134765625,30.243085861206055,30.243085861206055,29.397916793823242,1026.912353515625,5.049821388786649,3.3977727983844,166.1131649168099,-0.061616215854883194,-0.05642182007431984,-5.219171524047852
2023-06-05 10:03:30.936267,0.874623099992732,34.910526275634766,30.27973747253418,30.27973747253418,29.402084350585938,1026.91650390625,1.8119484415141252,5.393055043165892,129.20888785004396,-0.07077918946743011,-0.03381980583071709,-5.1324286460876465
2023-06-05 10:03:31.059710,0.874623099992732,39.79888916015625,30.22475814819336,30.22475814819336,29.395832061767578,1026.920654296875,358.04022193229787,4.9918441817906425,94.1249518197348,-0.06192164868116379,-0.0484805703163147,-5.013309955596924
2023-06-05 10:03:31.186610,0.874623099992732,38.79606628417969,30.206432342529297,30.206432342529297,29.375,1026.917724609375,355.2502006469217,2.39835027728075,58.850624266311534,-0.04023593291640282,-0.0634467676281929,-4.9119062423706055
2023-06-05 10:03:31.310179,0.8754566000002342,37.849830627441406,30.27973747253418,30.27973747253418,29.379165649414062,1026.91748046875,354.43415397743746,358.9321485883663,25.40156060818934,-0.060089051723480225,-0.04725883901119232,-4.807143211364746
2023-06-05 10:03:31.437269,0.8768056000017168,37.82782745361328,30.27973747253418,30.27973747253418,29.370834350585938,1026.914306640625,355.7101690644056,355.55784133176235,351.64582999407,-0.061005350202322006,-0.050618600100278854,-4.695354461669922
2023-06-05 10:03:31.564136,0.876904600000671,37.59833908081055,30.169780731201172,30.169780731201172,29.362499237060547,1026.915283203125,358.5178968681531,353.4636280657214,318.44985899564267,-0.060089051723480225,-0.051229462027549744,-4.597311019897461
2023-06-05 10:03:31.687035,0.876904600000671,38.013301849365234,30.243085861206055,30.243085861206055,29.356250762939453,1026.922119140625,1.8724003114237924,353.2359253536057,286.873324141878,-0.057951025664806366,-0.04970230162143707,-4.49407434463501
2023-06-05 10:03:31.813890,0.876904600000671,39.3462028503418,30.27973747253418,30.27973747253418,29.364582061767578,1026.93408203125,4.880928312971982,354.79426204104806,255.0083060032341,-0.05917275324463844,-0.03962302580475807,-4.404277324676514
2023-06-05 10:03:31.937321,0.8775816000033956,37.04820251464844,30.188106536865234,30.188106536865234,29.350000381469727,1026.933349609375,6.5599745067291755,357.5715994516921,224.82193662671511,-0.05581299588084221,-0.0481751374900341,-4.306844234466553
2023-06-05 10:03:32.064181,0.8775816000033956,37.98186492919922,30.151453018188477,30.151453018188477,29.337499618530273,1026.932861328125,6.583351256050368,0.8055393839414927,194.5633789808582,-0.05886732041835785,-0.04176105186343193,-4.199637413024902
2023-06-05 10:03:32.191555,0.8801651999997375,37.86869430541992,30.27973747253418,30.27973747253418,29.333332061767578,1026.923095703125,5.114367530216916,3.579779837405492,164.88915403640857,-0.07016833126544952,-0.042066484689712524,-4.110145568847656
2023-06-05 10:03:32.314787,0.8801651999997375,37.28397750854492,30.206432342529297,30.206432342529297,29.34375,1026.9248046875,2.5707293108930624,5.242434430928301,136.6927124632486,-0.05489669740200043,-0.04786970466375351,-4.006604194641113
2023-06-05 10:03:32.441933,0.878019300001597,37.70207977294922,30.169780731201172,30.169780731201172,29.333332061767578,1026.924560546875,359.49469513468307,5.465905840853248,108.19915083100386,-0.04573372006416321,-0.051229462027549744,-3.9238319396972656
2023-06-05 10:03:32.564958,0.8778368999978738,37.62977600097656,30.316390991210938,30.316390991210938,29.337499618530273,1026.929931640625,356.8243995949378,4.305544212666822,81.30618255904909,-0.04909347742795944,-0.040539320558309555,-3.8089892864227295
2023-06-05 10:03:32.691986,0.8778368999978738,38.381107330322266,30.169780731201172,30.169780731201172,29.329166412353516,1026.93359375,354.97069052306455,2.0617860891826134,54.44764185560578,-0.04054136574268341,-0.04573167487978935,-3.7023932933807373
2023-06-05 10:03:32.815010,0.8735866999936661,37.60776901245117,30.206432342529297,30.206432342529297,29.325000762939453,1026.946044921875,354.3327188380736,359.44279012594177,29.37230986519647,-0.04023593291640282,-0.0380958616733551,-3.5805256366729736
2023-06-05 10:03:32.941967,0.8735866999936661,38.311946868896484,30.298065185546875,30.298065185546875,29.325000762939453,1026.937255859375,354.8431226530494,356.80144930555286,4.2591603980132655,-0.04420655593276024,-0.0380958616733551,-3.4604904651641846
2023-06-05 10:03:33.069113,0.8723261999998613,38.54143142700195,30.133127212524414,30.133127212524414,29.316665649414062,1026.93603515625,356.3599467313769,354.6685383221088,339.8720916292273,-0.04054136574268341,-0.035957831889390945,-3.344731569290161
2023-06-05 10:03:33.192455,0.8723261999998613,38.393680572509766,30.188106536865234,30.188106536865234,29.31041717529297,1026.944580078125,358.5080129440939,353.4222529141636,316.9378258681311,-0.04512285441160202,-0.040539320558309555,-3.207286834716797
2023-06-05 10:03:33.319844,0.8723261999998613,37.82782745361328,30.261411666870117,30.261411666870117,29.306249618530273,1026.9453125,0.9606012199651783,353.02976591190577,294.16252251468313,-0.04054136574268341,-0.03259807452559471,-3.0826704502105713
2023-06-05 10:03:33.446875,0.8723261999998613,37.82782745361328,30.169780731201172,30.169780731201172,29.297916412353516,1026.955078125,3.2500375141843167,353.6215740558439,272.3448287583439,-0.03137838840484619,-0.031376343220472336,-2.9690494537353516
2023-06-05 10:03:33.570944,0.8723261999998613,38.060455322265625,30.188106536865234,30.188106536865234,29.302082061767578,1026.952880859375,5.070061800618336,354.91515382803635,251.93239861241057,-0.033821847289800644,-0.029543748125433922,-2.841378688812256
2023-06-05 10:03:33.698035,0.8724460000062209,37.45687484741211,30.11480140686035,30.11480140686035,29.293750762939453,1026.95263671875,6.281505986720464,356.71636414495816,231.96819963075936,-0.029851224273443222,-0.02771115116775036,-2.724092483520508
2023-06-05 10:03:33.821251,0.8736335999979019,40.83943176269531,30.261411666870117,30.261411666870117,29.302082061767578,1026.946533203125,6.854304006651128,358.64908922074005,213.60638351896066,-0.034738145768642426,-0.02007533609867096,-2.6000869274139404
2023-06-05 10:03:33.948275,0.8741962000053718,37.90641784667969,30.206432342529297,30.206432342529297,29.291667938232422,1026.9462890625,6.731504889337114,0.6537205537522409,195.43782077953827,-0.03260011598467827,-0.02557312324643135,-2.4886040687561035
2023-06-05 10:03:34.075419,0.8742273999937424,37.62034606933594,30.206432342529297,30.206432342529297,29.302082061767578,1026.9345703125,6.102066671940474,2.45459347000122,177.93164614335805,-0.02496430091559887,-0.021297067403793335,-2.403693675994873
2023-06-05 10:03:34.198284,0.8742273999937424,38.079315185546875,30.298065185546875,30.298065185546875,29.304166793823242,1026.93896484375,5.036285661398977,3.8967727587671916,161.430059372769,-0.022520840167999268,-0.020380768924951553,-2.338942050933838
2023-06-05 10:03:34.325162,0.8742273999937424,37.87812423706055,30.206432342529297,30.206432342529297,29.293750762939453,1026.9345703125,3.5174264001422104,5.0045368077026415,144.80913553700145,-0.02649146318435669,-0.02251879684627056,-2.2738847732543945
2023-06-05 10:03:34.448322,0.873654499992881,38.066741943359375,30.316390991210938,30.261411666870117,29.306249618530273,1026.91796875,1.853529139077282,5.5669166547149205,129.06574074541882,-0.02435343526303768,-0.02312966249883175,-2.216463565826416
2023-06-05 10:03:34.575987,0.8733471999912581,38.09817886352539,30.243085861206055,30.243085861206055,29.304166793823242,1026.91162109375,0.09988947555881342,5.650897672541635,113.13476163847096,-0.023742571473121643,-0.021297067403793335,-2.154766082763672
2023-06-05 10:03:34.703655,0.8692584999957944,39.93406295776367,30.243085861206055,30.243085861206055,29.295833587646484,1026.900146484375,358.44403242770426,5.289837224428659,97.63034833575792,-0.025575166568160057,-0.023740528151392937,-2.104675054550171
2023-06-05 10:03:34.826743,0.8692584999957944,38.340240478515625,30.353044509887695,30.353044509887695,29.295833587646484,1026.8935546875,357.01683185050985,4.550993463793577,83.02850355072702,-0.023131705820560455,-0.023435095325112343,-2.0533623695373535
2023-06-05 10:03:34.954092,0.8680812999964473,37.92527770996094,30.206432342529297,30.206432342529297,29.295833587646484,1026.89111328125,355.8789404774757,3.378315723873149,68.3734379316834,-0.02649146318435669,-0.022213364019989967,-1.995941162109375
2023-06-05 10:03:35.081174,0.8671697000077074,37.733516693115234,30.243085861206055,30.243085861206055,29.297916412353516,1026.90087890625,355.0348208767291,2.0890043930251143,54.252677520842354,-0.023742571473121643,-0.021297067403793335,-1.9379090070724487
2023-06-05 10:03:35.204668,0.8675344000048426,36.4226188659668,30.22475814819336,30.22475814819336,29.299999237060547,1026.897705078125,354.5491154526789,0.7130983764149237,40.9597496977852,-0.020688243210315704,-0.02160250023007393,-1.870102882385254
2023-06-05 10:03:35.331686,0.8652999000000818,38.12018585205078,30.298065185546875,30.298065185546875,29.302082061767578,1026.903564453125,354.3934187292275,359.28052238698285,27.812520055008168,-0.023742571473121643,-0.017326442524790764,-1.8016860485076904
2023-06-05 10:03:35.454830,0.8675344000048426,38.04159164428711,30.206432342529297,30.206432342529297,29.304166793823242,1026.90966796875,354.5548024389366,357.95418460064417,15.518363964092806,-0.02343713864684105,-0.018853606656193733,-1.7329636812210083
2023-06-05 10:03:35.581776,0.8661125000012362,39.37135314941406,30.27973747253418,30.27973747253418,29.295833587646484,1026.918212890625,354.9493410592664,356.68938169608543,3.3027605981612913,-0.021299108862876892,-0.019159039482474327,-1.6614924669265747
2023-06-05 10:03:35.708997,0.8661125000012362,37.91899108886719,30.206432342529297,30.206432342529297,29.291667938232422,1026.922119140625,355.6024356368534,355.57444680229514,351.5489343691833,-0.02282627299427986,-0.018242741003632545,-1.6022385358810425
2023-06-05 10:03:35.833267,0.8623986999973567,36.966468811035156,30.27973747253418,30.27973747253418,29.299999237060547,1026.924072265625,356.4042674020143,354.6715709261003,340.5673246320119,-0.01732848584651947,-0.016104713082313538,-1.5240477323532104
2023-06-05 10:03:35.960330,0.8661125000012362,38.11075210571289,30.316390991210938,30.316390991210938,29.304166793823242,1026.92724609375,357.3525155845353,353.9569696412637,329.70895455935596,-0.020993676036596298,-0.016104713082313538,-1.463877558708191
2023-06-05 10:03:36.087897,0.8623986999973567,38.45969772338867,30.243085861206055,30.243085861206055,29.306249618530273,1026.937744140625,358.3609123338781,353.4466170527067,319.33395185161993,-0.016106754541397095,-0.01641014590859413,-1.4043182134628296
2023-06-05 10:03:36.210985,0.8623986999973567,38.2427864074707,30.261411666870117,30.261411666870117,29.304166793823242,1026.9384765625,359.3544468583912,353.1265313363115,309.67840028991805,-0.013968726620078087,-0.01702100969851017,-1.3435370922088623
2023-06-05 10:03:36.338422,0.866128199994364,38.434547424316406,30.243085861206055,30.243085861206055,29.3125,1026.93017578125,0.41251018205741924,352.96785067396644,300.1587114360915,-0.01732848584651947,-0.017326442524790764,-1.2760365009307861
2023-06-05 10:03:36.461615,0.866128199994364,38.720619201660156,30.22475814819336,30.22475814819336,29.31458282470703,1026.937744140625,1.3608695152349661,352.9931671970119,291.41590537393506,-0.013052428141236305,-0.011523223482072353,-1.215866208076477
2023-06-05 10:03:36.589193,0.8625498000023981,38.01015853881836,30.353044509887695,30.353044509887695,29.31041717529297,1026.92822265625,2.301852937799987,353.1851770480725,282.7868219614594,-0.013968726620078087,-0.009385195560753345,-1.1505036354064941
2023-06-05 10:03:36.716023,0.8625498000023981,39.58826446533203,30.316390991210938,30.316390991210938,29.308334350585938,1026.927001953125,3.1358250118740676,353.49636943128155,274.7154098343369,-0.013357860967516899,-0.013355819508433342,-1.0881954431533813
2023-06-05 10:03:36.839397,0.8623674999976174,38.50685119628906,30.261411666870117,30.261411666870117,29.318750381469727,1026.9228515625,3.858902348027233,353.85509352781156,267.3549589281102,-0.011830698698759079,-0.014272117055952549,-1.014586091041565
2023-06-05 10:03:36.966042,0.8619978000078845,37.985008239746094,30.316390991210938,30.316390991210938,29.31458282470703,1026.913818359375,4.532187391687593,354.2681675740015,260.27488045712334,-0.011219833046197891,-0.01396668516099453,-0.9538050889968872
2023-06-05 10:03:37.089038,0.8608518999958505,39.3210563659668,30.243085861206055,30.243085861206055,29.31458282470703,1026.918212890625,5.07266538335258,354.71535158490644,253.8841319979309,-0.01030353456735611,-0.011523223482072353,-0.8878316879272461
2023-06-05 10:03:37.217742,0.8608518999958505,38.679752349853516,30.38969612121582,30.38969612121582,29.318750381469727,1026.92236328125,5.554743976953488,355.2027773628538,247.66600973982133,-0.006943776272237301,-0.012134089134633541,-0.819109320640564
2023-06-05 10:03:37.344785,0.8608518999958505,38.324520111083984,30.27973747253418,30.261411666870117,29.329166412353516,1026.920654296875,5.977126717208485,355.67866524374574,242.02271620226003,-0.009081805124878883,-0.009385195560753345,-0.7616879940032959
2023-06-05 10:03:37.468649,0.863450999998804,38.15476608276367,30.27973747253418,30.27973747253418,29.331249237060547,1026.91748046875,6.276872557142256,356.142788977566,236.94352798825008,-0.00877637229859829,-0.012744953855872154,-0.7015177607536316
2023-06-05 10:03:37.591607,0.863450999998804,38.645172119140625,30.316390991210938,30.316390991210938,29.335416793823242,1026.9150390625,6.521544447364099,356.61043516800726,232.11952930201016,-0.008470939472317696,-0.009996060281991959,-0.6389040946960449
2023-06-05 10:03:37.725889,0.863956199999393,37.96928787231445,30.27973747253418,30.27973747253418,29.329166412353516,1026.896240234375,6.6995174059066525,357.0473886227526,227.7013804562524,-0.004805748350918293,-0.009385195560753345,-0.581788182258606
2023-06-05 10:03:37.852675,0.866133400007584,38.69546890258789,30.243085861206055,30.243085861206055,29.337499618530273,1026.893798828125,6.84010660468761,357.4497791858635,223.7780514951054,-0.008165506646037102,-0.007552599534392357,-0.524061381816864
2023-06-05 10:03:37.979508,0.8662115000001904,38.264793395996094,30.334716796875,30.334716796875,29.34375,1026.88427734375,6.938206050415564,357.82501163617405,220.22755523999265,-0.004805748350918293,-0.00785803236067295,-0.47733017802238464
2023-06-05 10:03:38.102417,0.8662115000001904,38.45341110229492,30.316390991210938,30.316390991210938,29.34166717529297,1026.879638671875,7.010891216015547,358.1545473461728,217.04388112444465,-0.0038894498720765114,-0.006025436334311962,-0.4226577579975128
2023-06-05 10:03:38.232616,0.8669042999949852,38.23649978637695,30.353044509887695,30.353044509887695,29.350000381469727,1026.881103515625,7.065049920378693,358.4471783701473,214.27402084995106,-0.0057220458984375,-0.006330869160592556,-0.37134507298469543
2023-06-05 10:03:38.359532,0.8669042999949852,37.61091613769531,30.38969612121582,30.38969612121582,29.364582061767578,1026.88037109375,7.102931003289231,358.705867622815,211.81837659803472,-0.004500315524637699,-0.008468897081911564,-0.3267519176006317
2023-06-05 10:03:38.482604,0.8669042999949852,37.58576583862305,30.334716796875,30.334716796875,29.360416412353516,1026.878662109375,7.126736773867664,358.92092317246545,209.76162905402543,-0.0023622866719961166,-0.006025436334311962,-0.28002071380615234
2023-06-05 10:03:38.609315,0.8662688999957027,38.17048263549805,30.371370315551758,30.371370315551758,29.364582061767578,1026.880126953125,7.136525715608761,358.6525334503507,207.9031072601083,-0.0023622866719961166,-0.0066363015212118626,-0.23267865180969238
2023-06-05 10:03:38.736068,0.8662688999957027,38.003868103027344,30.298065185546875,30.298065185546875,29.368749618530273,1026.888671875,7.1537638324134045,358.78860714703836,206.44443840058204,-0.0014216871932148933,-0.004722971469163895,-0.18762709200382233
2023-06-05 10:03:38.858959,0.8662688999957027,38.340240478515625,30.426349639892578,30.426349639892578,29.370834350585938,1026.891357421875,7.167858354652549,358.8815896071392,205.3539303976978,-0.001079048030078411,-0.00603676401078701,-0.14021210372447968
2023-06-05 10:03:38.985793,0.8671856999976626,38.113895416259766,30.38969612121582,30.38969612121582,29.368749618530273,1026.904541015625,7.175851383528756,359.41577512694874,204.58700943693208,0.0013492181897163391,-0.006562327966094017,-0.10300038754940033
2023-06-05 10:03:39.109001,0.8619093000002067,38.038448333740234,30.27973747253418,30.353044509887695,29.37708282470703,1026.9130859375,7.186976907913061,359.4395781761237,204.04768403968953,-0.0001871548593044281,-0.007249544374644756,-0.06132328510284424
