2023-05-24 14:05:07.304872,0.8057165000318491,37.538612365722656,30.426349639892578,30.426349639892578,29.322917938232422,1027.096923828125,0.46545668792544737,359.591557675841,145.13687533413534,145.13687533413534,-16.997543334960938,-11.74937629699707,16.8250732421875,0.4670846741862905,359.5910577646907,145.1379818247809,0.0002962872385978699,0.0013356609269976616,-0.00031286850571632385,0.007515823468565941,0.004613059107214212,0.9867285490036011,0.46518999038269954,359.5961134120174,145.13758567380904
2023-05-24 14:05:07.964965,0.8048155000105908,36.16169738769531,30.408023834228516,30.408023834228516,29.316665649414062,1027.103271484375,0.46056920732662726,359.5972708889579,145.13758567380904,145.13837797575275,-31.098609924316406,-21.52724838256836,31.3467960357666,0.46298197165093424,359.5973574936221,145.13807744742928,0.00029385462403297424,0.0018598807509988546,0.0021909810602664948,0.005091364029794931,0.0036418887320905924,0.9855100512504578,0.45854832510594973,359.6019833192788,145.1404406928821
2023-05-24 14:05:08.246917,0.8047789999873203,37.94728469848633,30.371370315551758,30.371370315551758,29.316665649414062,1027.110107421875,0.4473780576464963,359.60237322703085,145.14045435326042,145.15102748609561,-34.47077941894531,-23.405376434326172,34.09898376464844,0.4457802469479629,359.6031050177674,145.16339012849335,-1.531466841697693e-05,0.0005683673080056906,0.00102241151034832,0.004848918411880732,0.004127473570406437,0.9847790002822876,0.4382365164530954,359.6071228231858,145.16449661913887
2023-05-24 14:05:08.525045,0.8047789999873203,37.469451904296875,30.371370315551758,30.371370315551758,29.3125,1027.11328125,0.4293913147562231,359.60949223181717,145.16451027951723,145.1730343556014,-35.282310485839844,-23.895832061767578,34.490901947021484,0.4265060667599952,359.6100632463039,145.1856292244309,4.0922313928604126e-05,0.0008310293778777122,-0.00016304105520248413,0.012122295796871185,0.0048558516427874565,0.9862411618232727,0.42001626647057233,359.60722869111794,145.18545163951248
2023-05-24 14:05:08.807172,0.8000030000184779,37.06392288208008,30.463003158569336,30.463003158569336,29.325000762939453,1027.111328125,0.41377744895272106,359.597498819841,145.18543797913415,145.18407194130015,-35.25606918334961,-24.492700576782227,35.09584045410156,0.41655816303813603,359.5965952871994,145.18382605449003,-0.0017952043563127518,0.002321723848581314,-0.0010828245431184769,0.0026669050566852093,0.004613059107214212,0.9867285490036011,0.41168394261125923,359.5983354646535,145.18267858270946
2023-05-24 14:05:09.089655,0.8010604000228341,37.59519577026367,30.426349639892578,30.426349639892578,29.316665649414062,1027.11279296875,0.40290642915627883,359.60865091793005,145.18269224308779,145.1895497530145,-35.44580841064453,-24.181062698364258,34.420711517333984,0.40278385927718885,359.6098796049287,145.1981557913687,-0.00041202642023563385,-0.0003627295373007655,-0.0012616589665412903,0.010182728059589863,0.010440080426633358,0.9872159361839294,0.3990193311470276,359.60653177169877,145.19648922521122
2023-05-24 14:05:09.367258,0.8009406000164745,36.07681655883789,30.298065185546875,30.298065185546875,29.316665649414062,1027.117919921875,0.4048757914734904,359.59912237715105,145.19650288558955,145.20162552746706,-35.29425811767578,-24.250757217407227,34.65886306762695,0.4047972709784617,359.59929195794155,145.20553239567232,-7.537193596363068e-05,-0.004350556991994381,0.0005015144124627113,0.01260718796402216,0.006069814320653677,0.9862411618232727,0.4042516028968011,359.59013230073856,145.2060378296709
2023-05-24 14:05:09.649722,0.8009406000164745,37.06706619262695,30.44467544555664,30.44467544555664,29.316665649414062,1027.1337890625,0.4061713663012507,359.5875449130232,145.20602416929256,145.21437066045831,-35.611167907714844,-24.196762084960938,34.18788528442383,0.406837549869165,359.5878891438852,145.2240285479447,0.0017063003033399582,-0.07511545717716217,0.00022189226001501083,0.017940998077392578,0.004127473570406437,0.9855100512504578,0.4036035886992962,359.5179560909535,145.2237143592429
2023-05-24 14:05:09.931106,0.8061124000287236,37.45058822631836,30.4813289642334,30.4813289642334,29.333332061767578,1027.140380859375,0.39714978030514814,359.5005983924775,145.22370069886455,145.23171934095015,-35.3453369140625,-23.446123123168945,34.32569885253906,0.3954463151178911,359.50082490929805,145.25361692742922,-0.0018817298114299774,0.0011007972061634064,-0.00038456451147794724,0.009212944656610489,0.008497740142047405,0.984535276889801,0.3886697002441806,359.50493011979347,145.25322077645734
2023-05-24 14:05:10.208932,0.8047165000116365,37.84040069580078,30.426349639892578,30.426349639892578,29.320833206176758,1027.124755859375,0.38824670876331585,359.506410243131,145.25322077645734,145.26611617361033,-35.32146072387695,-23.885995864868164,34.4489631652832,0.3866134130976101,359.60520914291857,145.2808147407042,-0.0015292651951313019,-0.002654555020853877,0.0005444688722491264,0.001939567388035357,0.014081968925893307,0.9906277060508728,0.3828799676642577,359.5918673288703,145.2813884765945
2023-05-24 14:05:10.490852,0.8066175000076328,36.353458404541016,30.38969612121582,30.38969612121582,29.333332061767578,1027.12744140625,0.3893146728730708,359.67444204809954,145.28144311810783,145.29410628882906,-35.33259963989258,-23.71306037902832,34.752994537353516,0.39018928393237623,359.6717523142683,145.30847700684274,0.0011055674403905869,-0.0015771572943776846,-0.0015524877235293388,0.0014546754537150264,0.0048558516427874565,0.9862411618232727,0.3943367562233078,359.6693372287469,145.30645527084843
2023-05-24 14:05:10.768892,0.808742599998368,37.55432891845703,30.426349639892578,30.426349639892578,29.331249237060547,1027.11328125,0.39208610217008283,359.67427318768057,145.30646893122676,145.30870923327453,-35.29377365112305,-24.236648559570312,34.85205078125,0.39249295199294815,359.672322821827,145.31086757305226,-0.0016628149896860123,-0.0020976741798222065,0.001455572433769703,0.008000715635716915,0.0031563034281134605,0.9901403188705444,0.38737850100635735,359.6682406899004,145.3121789693729
2023-05-24 14:05:10.989912,0.8104144000080851,36.903594970703125,30.408023834228516,30.408023834228516,29.329166412353516,1027.122314453125,0.378784548885321,359.66584155927404,145.3121789693729,145.3121789693729,-35.27372360229492,-24.413549423217773,35.12498092651367,0.3789328653759308,359.66539666316305,145.3111954221324,-0.0001357533037662506,-0.0007736285333521664,0.0002510827034711838,0.008485606871545315,0.0038846812676638365,0.9857537150382996,0.3754454134744046,359.666617986364,145.3114276485642
2023-05-24 14:05:11.213827,0.8104144000080851,37.195953369140625,30.38969612121582,30.38969612121582,29.331249237060547,1027.10693359375,0.3709005095511429,359.6634324234877,145.31141398818585,145.31029383716196,-35.49461364746094,-24.537445068359375,35.37711715698242,0.36919509669275535,359.66112678107555,145.30967912013668,0.0011679157614707947,-0.0021807285957038403,-0.0013031447306275368,0.007515823468565941,0.005584229249507189,0.9859974384307861,0.3697459674575727,359.6601246909387,145.3084633464644
2023-05-24 14:05:11.445241,0.808456099981413,38.70490264892578,30.463003158569336,30.463003158569336,29.333332061767578,1027.107421875,0.3706025692290275,359.66158365669804,145.3084633464644,145.3110861391057,-35.229949951171875,-24.185623168945312,34.82639694213867,0.3711199827390824,359.6612744038751,145.31618146022652,-0.0019079893827438354,2.9991380870342255e-05,0.0004173247143626213,0.007030931767076254,0.004127473570406437,0.9857537150382996,0.3692027272947187,359.6628829667855,145.3165776111984
2023-05-24 14:05:11.713433,0.8014769999826967,36.85329818725586,30.353044509887695,30.353044509887695,29.34375,1027.130126953125,0.36715252328537773,359.66084834414517,145.3165776111984,145.33653542395317,-35.20775604248047,-23.495744705200195,34.56001663208008,0.3657233595624054,359.66097131423066,145.35403436860673,0.000790303573012352,-0.00048441614490002394,-0.0004289299249649048,0.003879134776070714,0.0014567554462701082,0.9850226640701294,0.36315173997904276,359.66342191139967,145.3534742930948
2023-05-24 14:05:11.988038,0.8014769999826967,37.35942459106445,30.316390991210938,30.316390991210938,29.339584350585938,1027.13623046875,0.3559724641094189,359.66494378960454,145.35348795347312,145.36277701074434,-35.58148956298828,-24.105573654174805,34.65153121948242,0.35761064229316414,359.6630375531763,145.37191580385382,0.0013487618416547775,-0.0004111799644306302,0.0010867882519960403,0.005576256196945906,0.007283777464181185,0.9862411618232727,0.3582344840243096,359.6595395358259,145.37298131336436
2023-05-24 14:05:12.255028,0.8025811999923462,38.83064651489258,30.261411666870117,30.261411666870117,29.34375,1027.12841796875,0.3581056976058578,359.6588736724231,145.372967652986,145.38072674788313,-35.47406768798828,-24.025650024414062,35.15094757080078,0.35605730786551515,359.65885817109535,145.3877072012149,-0.002500465139746666,-2.300820779055357e-05,-0.0004859035834670067,0.007273377384990454,0.007040984462946653,0.9847790002822876,0.3542353549044142,359.655580320624,145.38718810683798
2023-05-24 14:05:12.526259,0.8045239000020956,36.68354034423828,30.4813289642334,30.4813289642334,29.34583282470703,1027.126220703125,0.35525366674055436,359.6541333343761,145.38718810683798,145.40256969284886,-35.450382232666016,-23.67241668701172,34.953433990478516,0.3563619449746683,359.65289272122686,145.41883920345182,-0.00188392773270607,-0.002745057689025998,0.0007095327600836754,0.006788485683500767,0.005341436713933945,0.9881907105445862,0.3531254491642872,359.64797509174616,145.4195222223688
2023-05-24 14:05:12.785870,0.8045239000020956,37.22739028930664,30.371370315551758,30.371370315551758,29.350000381469727,1027.123291015625,0.3508009970515143,359.64718591141235,145.4195222223688,145.4234700717091,-35.38741683959961,-24.196651458740234,34.72621154785156,0.3526568875150537,359.6452892532572,145.4247404868947,-0.0003123115748167038,-0.001246183761395514,0.0009945593774318695,0.007515823468565941,0.004127473570406437,0.9867285490036011,0.3506991311833459,359.64575351935775,145.4257240341352
2023-05-24 14:05:13.052739,0.8014770000281715,37.92527770996094,30.38969612121582,30.38969612121582,29.354167938232422,1027.114501953125,0.350297937610887,359.6423641980647,145.42573769451351,145.42651633607892,-35.60200500488281,-24.27544593811035,34.5479621887207,0.35020532985069514,359.6398419639507,145.43049150617585,0.0008135326206684113,-0.002332506701350212,-0.0008600633591413498,-0.0004936712794005871,0.007769362535327673,0.9872159361839294,0.35689221845026986,359.6328755178428,145.42937135515197
2023-05-24 14:05:13.328259,0.8002010000163864,34.17805862426758,30.408023834228516,30.408023834228516,29.339584350585938,1027.111328125,0.3603419975896552,359.64624854799,145.42937135515197,145.43113354395783,-35.31524658203125,-24.093780517578125,35.08224868774414,0.36082854184631286,359.64409983984626,145.43452131778616,-0.001315489411354065,-0.0006540105678141117,0.0021713124588131905,0.005576256196945906,0.006069814320653677,0.9869722723960876,0.3574957030160375,359.64243514131863,145.4366796575639
2023-05-24 14:05:13.586742,0.805846700019174,37.34684753417969,30.371370315551758,30.371370315551758,29.34375,1027.093994140625,0.357410005486295,359.6394756416956,145.4366796575639,145.43917950680012,-35.326255798339844,-24.146963119506836,35.005496978759766,0.3576489820659661,359.6369188831098,145.4401630540406,0.00021183490753173828,-0.0005781053332611918,-0.0012134825810790062,0.007758269552141428,0.009226118214428425,0.9862411618232727,0.3572199874891511,359.6339317959258,145.43893361999
2023-05-24 14:05:13.854409,0.8064718000023277,38.16733932495117,30.426349639892578,30.426349639892578,29.337499618530273,1027.09033203125,0.35554781844211447,359.63369193889207,145.43894728036832,145.44335958257216,-35.52001953125,-24.16676139831543,34.74478530883789,0.3563604775512138,359.63025739427616,145.44915158298832,-0.0009785797446966171,-0.07793055474758148,0.001599733717739582,0.007273377384990454,0.004370266571640968,0.9881907105445862,0.3535854197162052,359.55331600696707,145.4502717340122
2023-05-24 14:05:14.117887,0.804544700009501,37.469451904296875,30.38969612121582,30.38969612121582,29.339584350585938,1027.080078125,0.3496151854981502,359.5499581952576,145.4502717340122,145.4502717340122,-35.27751922607422,-24.376989364624023,34.663028717041016,0.34692633212098656,359.5479183165733,145.44789482818106,-0.0006493814289569855,-0.0016318036941811442,-0.0017848983407020569,0.002424459205940366,0.006312606856226921,0.9879470467567444,0.3458859288917497,359.54300730383835,145.44614629975354
2023-05-24 14:05:14.402073,0.804544700009501,37.30283737182617,30.463003158569336,30.463003158569336,29.34375,1027.083251953125,0.3478063593068604,359.5528412821393,145.44614629975354,145.44614629975354,-35.43635559082031,-24.4445858001709,35.08686828613281,0.34713777450056604,359.5510552410322,145.44450705435273,0.0014946293085813522,-0.0019162152893841267,-0.00045261718332767487,0.00024244592350441962,0.009711703285574913,0.9867285490036011,0.3512484011225766,359.55093928789887,145.44400162035413
2023-05-24 14:05:14.677341,0.8061071999927663,33.85111999511719,30.55463409423828,30.55463409423828,29.337499618530273,1027.09521484375,0.35458156011796926,359.564786242461,145.44400162035413,145.44905596033996,-35.53384780883789,-24.27465057373047,34.7995491027832,0.35766899238580013,359.563399553977,145.453195054977,-0.0013892315328121185,-0.0001913265441544354,0.0003975657746195793,0.008970499038696289,0.007769362535327673,0.9872159361839294,0.3563127996291559,359.5632107632794,145.45359120594884
2023-05-24 14:05:14.936508,0.8071956999865506,37.09221267700195,30.38969612121582,30.38969612121582,29.335416793823242,1027.105712890625,0.35741926359427156,359.56205691487696,145.4535775455705,145.45768931945085,-35.41625213623047,-24.261240005493164,34.93464279174805,0.35626381436620225,359.5632875495467,145.45906901766318,-0.002564314752817154,-7.209309842437506e-05,0.0007015503942966461,0.007030931767076254,0.004370266571640968,0.9869722723960876,0.3529010400974552,359.563187524628,145.45998426301196
2023-05-24 14:05:15.211776,0.8082060999877285,36.98847198486328,30.316390991210938,30.316390991210938,29.335416793823242,1027.120849609375,0.35122220094380724,359.565981979133,145.45997060263363,145.46109075365752,-35.518104553222656,-24.384546279907227,34.79770278930664,0.35135136088822927,359.56659952428356,145.45990230074193,0.0004164818674325943,0.0002896887017413974,0.0006480664014816284,0.007273377384990454,0.007283777464181185,0.9842915534973145,0.3529068297499939,359.5718751784067,145.4605443385239
2023-05-24 14:05:15.479974,0.8080550000395306,38.972110748291016,30.4813289642334,30.4813289642334,29.335416793823242,1027.12060546875,0.3520062052749042,359.5740277018515,145.4605443385239,145.4605443385239,-35.50253677368164,-24.275596618652344,35.3299560546875,0.3510868511404499,359.57479230951253,145.4645331689992,-0.00039606913924217224,-0.0018114777049049735,0.000951005145907402,0.008000715635716915,0.0036418887320905924,0.9850226640701294,0.35119709466252214,359.5749146392678,145.46558501813138
2023-05-24 14:05:15.755684,0.8069613000097888,36.079959869384766,30.371370315551758,30.371370315551758,29.335416793823242,1027.114013671875,0.34689556958929507,359.5771984570911,145.46559867850974,145.46894547120303,-35.57071304321289,-24.189556121826172,34.767333984375,0.3453744117559392,359.57758086764335,145.47215566011295,0.000551179051399231,0.00037174730096012354,-0.001090792939066887,0.0033942428417503834,0.004127473570406437,0.9857537150382996,0.34522854986456236,359.5775707290813,145.4710901506024
2023-05-24 14:05:16.018376,0.8069613000097888,36.83757781982422,30.316390991210938,30.316390991210938,29.34375,1027.110107421875,0.34252270105575305,359.58465462242634,145.4710901506024,145.4730299243267,-35.60028076171875,-24.340431213378906,34.611202239990234,0.34174582039851703,359.5858722370481,145.4761035094532,0.0006108060479164124,0.0006325519643723965,-0.0010714894160628319,0.0046064723283052444,0.005584229249507189,0.9867285490036011,0.34252451532475137,359.588072198291,145.47506532069937
2023-05-24 14:05:16.293739,0.8025968000092689,36.652103424072266,30.408023834228516,30.408023834228516,29.34375,1027.112060546875,0.3393665400093989,359.59145047388756,145.47506532069937,145.47584396226475,-35.45735168457031,-24.400577545166016,34.69839859008789,0.3372177251439159,359.5942498909519,145.4749150565376,0.0019170846790075302,0.001685432274825871,-0.002549082040786743,0.005576256196945906,0.004613059107214212,0.9869722723960876,0.34224066226779915,359.59598059685453,145.4722103016263
2023-05-24 14:05:16.568983,0.8010812000302394,38.576011657714844,30.408023834228516,30.408023834228516,29.339584350585938,1027.107421875,0.3433198321566612,359.59372108489976,145.4722103016263,145.4753795094012,-35.40045166015625,-24.360628128051758,34.75927734375,0.3440630154352967,359.5956082448231,145.4724152073014,0.00253508985042572,-0.0008184341713786125,0.0014314772561192513,0.005576256196945906,0.0031563034281134605,0.984535276889801,0.3461713294134357,359.5930604241801,145.47383588664877
2023-05-24 14:05:16.837866,0.8040551000030973,37.72408676147461,30.371370315551758,30.371370315551758,29.347915649414062,1027.104248046875,0.34179715353899787,359.59174006323616,145.47383588664877,145.47495603767263,-35.16253662109375,-24.217296600341797,35.57418441772461,0.3425323060092734,359.5933096193631,145.47180049027608,-0.000239592045545578,-0.001273532398045063,-0.0018756929785013199,0.003879134776070714,0.008497740142047405,0.9881907105445862,0.34191241298124186,359.58621889582884,145.46956018822834
2023-05-24 14:05:17.109660,0.8064925000107905,37.29026412963867,30.426349639892578,30.426349639892578,29.352083206176758,1027.118408203125,0.3439128313148358,359.592729640253,145.46954652784999,145.46954652784999,-35.512874603271484,-24.373842239379883,35.223609924316406,0.3408418075092688,359.5940742270242,145.4704344524421,-0.0002360902726650238,0.0013301459839567542,0.000971110537648201,0.007273377384990454,0.006069814320653677,0.9857537150382996,0.34057740448319523,359.59551507677395,145.47149996195262
2023-05-24 14:05:17.384199,0.8064925000107905,36.41947555541992,30.38969612121582,30.38969612121582,29.347915649414062,1027.113525390625,0.3397567145657359,359.59727104904044,145.47149996195262,145.47374026400038,-35.56927490234375,-24.47732925415039,34.85595703125,0.33948977689915005,359.5972707021949,145.4722103016263,-0.0011759623885154724,-0.0012059849686920643,-0.00014514755457639694,0.0021820133551955223,0.006312606856226921,0.9872159361839294,0.341375949646705,359.59518762790015,145.47206003746456
2023-05-24 14:05:17.654584,0.807883200037395,38.08560562133789,30.426349639892578,30.426349639892578,29.360416412353516,1027.115966796875,0.340952824763708,359.53674620816446,145.4720463770862,145.47454622632245,-35.47808837890625,-24.177366256713867,34.84182357788086,0.3409069611106484,359.5367741692514,145.4787263020945,-4.569441080093384e-05,0.0021250848658382893,0.0010483292862772942,0.008243161253631115,0.007283777464181185,0.9864848256111145,0.3416449417061271,359.5443793180879,145.479791811605
2023-05-24 14:05:17.926159,0.8054195999884541,37.2996940612793,30.4813289642334,30.4813289642334,29.354167938232422,1027.123046875,0.3450480034188066,359.5451600940874,145.479791811605,145.47820720771756,-35.210166931152344,-24.406574249267578,35.171024322509766,0.34727976773010827,359.54391475850264,145.4727157356249,0.001697830855846405,-0.0003543782513588667,0.0007817931473255157,0.0046064723283052444,0.004127473570406437,0.984535276889801,0.34725015245675395,359.5441857782745,145.47353535832528
2023-05-24 14:05:18.197659,0.8011592999773711,36.21199417114258,30.408023834228516,30.408023834228516,29.360416412353516,1027.13623046875,0.3454900447241534,359.54859685317865,145.47353535832528,145.47080328265727,-35.2575569152832,-24.353515625,34.663516998291016,0.3463098808679665,359.47620410505255,145.4685903013662,-0.0018800236284732819,0.0792279988527298,-0.001069832593202591,0.005091364029794931,0.0026707183569669724,0.987459659576416,0.3406423713215897,359.55529929646684,145.46800290509756
2023-05-24 14:05:18.461080,0.8014093000165303,38.2553596496582,30.371370315551758,30.371370315551758,29.360416412353516,1027.142578125,0.33773185696151803,359.55832512363,145.46800290509756,145.45846796101623,-35.2532844543457,-24.58851432800293,34.70158386230469,0.34060421831177284,359.56213402130936,145.45062690384904,0.0011580586433410645,0.0029277121648192406,-0.0004171188920736313,0.009940282441675663,0.0033990959636867046,0.9818546175956726,0.3411769937067019,359.57248069068487,145.45012146985047
2023-05-24 14:05:18.735848,0.8051332000159164,38.23964309692383,30.353044509887695,30.353044509887695,29.356250762939453,1027.148193359375,0.33836658430665323,359.56947954291616,145.45012146985047,145.44244433722338,-34.93804168701172,-24.458681106567383,35.09458541870117,0.33951523002597894,359.5682411442423,145.4324859214135,0.0008529555052518845,0.0029504962731152773,0.0007745586335659027,0.008970499038696289,0.0016995479818433523,0.9840478897094727,0.3352361431913924,359.57808510102274,145.43329188373556
2023-05-24 14:05:18.994532,0.8052997999820946,38.27422332763672,30.334716796875,30.334716796875,29.358333587646484,1027.1474609375,0.3305727781747133,359.57610399931787,145.43327822335723,145.44199354473815,-35.213356018066406,-23.82447624206543,35.12765121459961,0.329223468968092,359.57746416745806,145.44957505471686,-0.0015756972134113312,0.0006685888511128724,0.0002483632415533066,0.008000715635716915,0.0038846812676638365,0.9838041663169861,0.32427099485045097,359.5833924248121,145.44983460190534
2023-05-24 14:05:19.262609,0.8077269000077649,37.07649612426758,30.353044509887695,30.353044509887695,29.356250762939453,1027.146240234375,0.3214776075624744,359.5830837055977,145.44983460190534,145.46379550856884,-35.65561294555664,-23.888946533203125,35.156314849853516,0.32290957273022347,359.5813151401699,145.4760761886965,0.004010258242487907,0.004372342489659786,0.0005262503400444984,0.01648632250726223,-0.008201680146157742,0.9764932990074158,0.3224136102830306,359.61441279614473,145.4767455472352
2023-05-24 14:05:19.537007,0.8097165000217501,38.19563293457031,30.44467544555664,30.44467544555664,29.354167938232422,1027.129150390625,0.3058415436441698,359.5932950785307,145.4766499245868,145.4900644161167,-35.75576400756836,-23.231081008911133,35.00016784667969,0.306929171228215,359.59755418172585,145.51943422954776,0.003194158896803856,0.001873473171144724,-0.0005964664742350578,0.00315179699100554,0.00048558515845797956,0.9857537150382996,0.31145203711923286,359.60283418475854,145.51886049365748
2023-05-24 14:05:19.796213,0.8127945999840449,37.23996353149414,30.463003158569336,30.463003158569336,29.347915649414062,1027.1298828125,0.31406466451804205,359.6084803766442,145.5188741540358,145.53790306106347,-35.66648483276367,-23.632158279418945,34.94327163696289,0.3031769961354979,359.7112564742412,145.55306608102092,0.006774526089429855,-0.0019075864693149924,-2.906564623117447e-05,0.0021820133551955223,0.01772385649383068,0.9933083653450012,0.2941578113777754,359.6471986913366,145.5526152885357
2023-05-24 14:05:20.071160,0.812888299993574,33.8699836730957,30.38969612121582,30.38969612121582,29.350000381469727,1027.115966796875,0.31126217920464766,359.64038704506294,145.552587967779,145.56571559136378,-35.79212188720703,-23.269428253173828,34.66050338745117,0.3123116004180231,359.6416294991617,145.59243529139687,0.0004557706415653229,0.00065081991488114,-0.0009217057377099991,0.013819416984915733,0.002185133285820484,0.9840478897094727,0.3114726610888751,359.6413502618185,145.59153370642642
2023-05-24 14:05:20.333971,0.8103466999964439,37.15822982788086,30.44467544555664,30.44467544555664,29.350000381469727,1027.10791015625,0.3081246410959524,359.6265940116427,145.59153370642642,145.59981189570047,-35.71434020996094,-24.149860382080078,34.72180938720703,0.30917243480331463,359.6269730871416,145.6066147641138,-0.002579033374786377,-0.0005275459261611104,-4.9627386033535004e-05,0.009697836823761463,0.0033990959636867046,0.9855100512504578,0.3018968959550759,359.6262804899515,145.60656012260046
2023-05-24 14:05:20.604982,0.8059301000012056,38.18305587768555,30.38969612121582,30.38969612121582,29.362499237060547,1027.11328125,0.2997815116639289,359.6239135625998,145.60656012260046,145.61136857577614,-35.56208801269531,-24.08008575439453,34.84208297729492,0.29772138253595026,359.6234134380061,145.61598578365508,-0.0019063875079154968,-0.0001639818074181676,0.0010849889367818832,0.008000715635716915,0.006555399391800165,0.9864848256111145,0.29568598616328645,359.6232330249625,145.61713325543562
2023-05-24 14:05:20.876275,0.8059301000012056,37.551185607910156,30.463003158569336,30.463003158569336,29.358333587646484,1027.118896484375,0.29588867736299185,359.62023732000074,145.61713325543562,145.6239088030923,-35.683349609375,-24.22234344482422,34.53450012207031,0.2963856269859632,359.61854287279766,145.62767906751412,0.0001996271312236786,-0.07497306168079376,0.0007752217352390289,0.008243161253631115,0.0029135108925402164,0.9850226640701294,0.29519503963626537,359.54748822809904,145.62807521848598
2023-05-24 14:05:21.134751,0.8043832999883307,37.4788818359375,30.44467544555664,30.44467544555664,29.358333587646484,1027.11376953125,0.29333397316999554,359.5476343834751,145.62806155810765,145.62452352011758,-35.735435485839844,-24.46175193786621,34.39659118652344,0.295737959634002,359.54496260557084,145.62371755779552,0.00041878409683704376,0.07800185680389404,-0.0004347721114754677,0.007515823468565941,0.0048558516427874565,0.9862411618232727,0.2977307473656326,359.63884483637315,145.6236765766605
2023-05-24 14:05:21.410179,0.8046124000211421,38.34967041015625,30.4813289642334,30.4813289642334,29.37708282470703,1027.112548828125,0.2991304558978092,359.63547840688597,145.62369023703883,145.6311897847475,-35.73965835571289,-24.076396942138672,34.652198791503906,0.29969736159892024,359.6336454882696,145.63874397396955,0.0019357148557901382,-0.0004978406941518188,-0.0009978851303458214,0.003879134776070714,0.0031563034281134605,0.9864848256111145,0.30082468965751613,359.6345757013376,145.63765114370236
2023-05-24 14:05:21.684934,0.8068727999907424,36.645816802978516,30.408023834228516,30.408023834228516,29.368749618530273,1027.1015625,0.29957591229774094,359.63417592182776,145.63766480408069,145.6414623892592,-35.75050354003906,-24.251480102539062,34.31256866455078,0.2999132596097161,359.63350720361933,145.64622986129987,4.749372601509094e-05,-0.0006653319578617811,-0.0001560719683766365,0.005576256196945906,0.0048558516427874565,0.9859974384307861,0.3026002186766021,359.631519378447,145.64607959713814
2023-05-24 14:05:21.944019,0.8068727999907424,36.950748443603516,30.408023834228516,30.408023834228516,29.381250381469727,1027.109375,0.3021456108903996,359.6280530841237,145.64607959713814,145.64744563497214,-35.554195404052734,-24.172073364257812,34.182430267333984,0.3015586415086016,359.6290908993515,145.64946737096648,-0.0005415864288806915,-0.001448148163035512,9.87369567155838e-05,0.006788485683500767,0.0029135108925402164,0.9879470467567444,0.2969568015553055,359.6277055715692,145.6495766539932
2023-05-24 14:05:22.218316,0.8037791000115249,35.712154388427734,30.463003158569336,30.463003158569336,29.370834350585938,1027.1005859375,0.29585409953031866,359.627412380363,145.6495766539932,145.65383869203527,-35.57938766479492,-24.114229202270508,34.033721923828125,0.29727619294028296,359.62752016928584,145.65907061693952,-0.0004827231168746948,0.0010070421267300844,-0.0025804536417126656,0.006788485683500767,0.0038846812676638365,0.9857537150382996,0.2945888603474267,359.628152708836,145.6563385412715
2023-05-24 14:05:22.493979,0.796284400008517,35.705867767333984,30.49965476989746,30.49965476989746,29.381250381469727,1027.11279296875,0.2944815516722635,359.6250137566647,145.6563385412715,145.65409823922374,-35.50886535644531,-24.428813934326172,34.05067825317383,0.29500640902129666,359.62643779774584,145.64952201247982,0.0007283966988325119,0.001167246955446899,0.0010465281084179878,0.007030931767076254,0.007283777464181185,0.9862411618232727,0.29572333876031,359.6259936753672,145.65054654085532
2023-05-24 14:05:22.767353,0.8055393999948137,37.1865234375,30.53630828857422,30.53630828857422,29.383333206176758,1027.109619140625,0.29783517455473973,359.6246393769208,145.65054654085532,145.65054654085532,-35.79726028442383,-24.313995361328125,33.97610855102539,0.297584538628712,359.6268132980676,145.65370208825186,0.0021743644028902054,0.0020081116817891598,-0.0004230523481965065,0.0058187018148601055,0.0024279258213937283,0.9864848256111145,0.2982280705145741,359.62834331380253,145.65330593728
2023-05-24 14:05:23.038287,0.8055393999948137,37.114219665527344,30.44467544555664,30.44467544555664,29.385417938232422,1027.111083984375,0.29895746001273743,359.6271773791669,145.65330593728,145.6579094847806,-35.47535705566406,-24.043426513671875,34.25326156616211,0.29925753476896844,359.62874061203274,145.66275891909132,0.0012123193591833115,0.00038296845741569996,-0.0007832348346710205,0.006061147898435593,0.004613059107214212,0.9855100512504578,0.2998356996100394,359.62698383935344,145.66198027752594
2023-05-24 14:05:23.300610,0.8009927000111929,37.14565658569336,30.371370315551758,30.371370315551758,29.383333206176758,1027.10302734375,0.30169767321080837,359.625742025585,145.66198027752594,145.66616035329798,-35.45317840576172,-24.058704376220703,34.44376754760742,0.30115902208130296,359.6265859808343,145.668250391184,6.71185553073883e-05,-7.68087338656187e-05,-0.00015616416931152344,0.00654603959992528,0.005584229249507189,0.9857537150382996,0.29943874822538535,359.6257805788012,145.66805914588724
2023-05-24 14:05:23.575843,0.8018052000134048,37.243106842041016,30.53630828857422,30.53630828857422,29.381250381469727,1027.093994140625,0.2999283607310842,359.6234577541944,145.66807280626557,145.66088744725872,-35.44990921020508,-24.485118865966797,34.46961975097656,0.3023749558361239,359.6259167290173,145.65281416365977,-0.0005435440689325333,0.001869966508820653,-0.001605439931154251,0.006061147898435593,0.005341436713933945,0.9857537150382996,0.3005793097754981,359.624737801014,145.6510792956106
2023-05-24 14:05:23.846730,0.8105184999985795,35.03313064575195,30.49965476989746,30.49965476989746,29.383333206176758,1027.08447265625,0.2965519260839971,359.5599602602452,145.65097001258388,145.6483472199426,-35.43181228637695,-24.368608474731445,34.80888748168945,0.29405042266133286,359.55968822661714,145.64351144601022,0.0007812287658452988,-0.00028126174584031105,-0.0015768734738230705,0.0046064723283052444,0.006555399391800165,0.9857537150382996,0.29315078536202166,359.566253692596,145.64198148363613
2023-05-24 14:05:24.109609,0.8105184999985795,37.400291442871094,30.4813289642334,30.4813289642334,29.385417938232422,1027.086669921875,0.2938949824968622,359.5711990430397,145.6419678232578,145.6363807285167,-35.19196701049805,-24.435096740722656,34.87758255004883,0.2958464155675024,359.5749171472279,145.6291680487532,2.3175030946731567e-05,0.07854409515857697,0.0014448855072259903,0.004848918411880732,0.0033990959636867046,0.9859974384307861,0.29695034489210576,359.6741633443649,145.63143567155763
2023-05-24 14:05:24.386092,0.803336400009357,37.77752685546875,30.49965476989746,30.49965476989746,29.385417938232422,1027.091064453125,0.2947857885750199,359.67265109779396,145.63143567155763,145.6224198218532,-35.564842224121094,-24.65544891357422,35.03544998168945,0.2954692076984179,359.6721713036852,145.61522080246803,-0.0020662229508161545,-0.000440102769061923,0.00014482717961072922,0.00872805342078209,0.006312606856226921,0.9857537150382996,0.29668687568095775,359.67291109854966,145.61537106662976
2023-05-24 14:05:24.661033,0.8046904999682738,38.08560562133789,30.59128761291504,30.59128761291504,29.387500762939453,1027.087158203125,0.29879735077363884,359.6679723915321,145.61537106662976,145.61925061407834,-35.87493133544922,-24.24551010131836,34.232688903808594,0.29799451006147143,359.6677737824376,145.62434593519916,0.0006906501948833466,0.00039837067015469074,-0.0013396134600043297,0.007273377384990454,0.006312606856226921,0.9864848256111145,0.29792956990350344,359.6673594087345,145.62300721812184
2023-05-24 14:05:24.919528,0.8046904999682738,37.469451904296875,30.55463409423828,30.55463409423828,29.385417938232422,1027.10595703125,0.2993479013733389,359.66491908352964,145.62302087850017,145.62165484066617,-35.757179260253906,-24.6065731048584,35.002952575683594,0.2982990137684923,359.6670798512262,145.61590382138502,-0.0008045043796300888,-0.001368058379739523,0.0013924408704042435,0.007515823468565941,0.006798191927373409,0.9864848256111145,0.29494933958913,359.6608811343893,145.61724253846234
2023-05-24 14:05:25.194820,0.8038624999935564,37.46630859375,30.44467544555664,30.44467544555664,29.393749237060547,1027.111083984375,0.2952240679402379,359.6589565685081,145.6172561988407,145.6172561988407,-35.505859375,-24.184274673461914,34.427555084228516,0.29494034828541793,359.66085840266595,145.61858125553968,-0.0014881584793329239,-0.0004805554635822773,-0.000352601520717144,0.0053338101133704185,0.007283777464181185,0.9859974384307861,0.2934511002420907,359.6603786085572,145.6182124253245
2023-05-24 14:05:25.453447,0.8039404999872204,38.060455322265625,30.463003158569336,30.463003158569336,29.393749237060547,1027.11474609375,0.2961232516722995,359.6609898037662,145.61822608570282,145.62414102952405,-35.504295349121094,-24.03441047668457,34.770076751708984,0.29738571609084113,359.66438544832033,145.63080729415398,-0.00024869106709957123,0.0009457147680222988,0.0017012450844049454,0.007030931767076254,0.005341436713933945,0.9864848256111145,0.2971344131541523,359.66529570442935,145.63247386031148
2023-05-24 14:05:25.720476,0.8039404999872204,37.98186492919922,30.426349639892578,30.426349639892578,29.399999618530273,1027.12060546875,0.2964947766105512,359.66227435957785,145.63247386031148,145.63759650218898,-35.729183197021484,-24.103105545043945,34.68734359741211,0.29970112353904904,359.6650980291498,145.64266450255315,0.00024117529392242432,0.0019918857142329216,-0.0004885103553533554,0.007030931767076254,0.0026707183569669724,0.9847790002822876,0.2991289084330753,359.6692554265594,145.6420361251495
2023-05-24 14:05:25.995161,0.8061904999758553,36.95703887939453,30.371370315551758,30.371370315551758,29.40625,1027.1220703125,0.2987859048706938,359.66534156808245,145.64202246477114,145.64379831395536,-35.55986785888672,-24.13819694519043,33.91115951538086,0.29761522111912414,359.6641026091196,145.6469128802169,0.0006208941340446472,0.0008519412367604673,-0.001422680914402008,0.0053338101133704185,0.0038846812676638365,0.9847790002822876,0.2994836513830929,359.6661876844463,145.64553318200453
2023-05-24 14:05:26.254444,0.8064197000076092,35.413509368896484,30.371370315551758,30.371370315551758,29.397916793823242,1027.120849609375,0.297638513131411,359.6682901820915,145.64553318200453,145.64897559734624,-35.67373275756836,-24.058414459228516,34.89086151123047,0.29857755742058195,359.66955560803734,145.65677567337838,0.000565994530916214,-0.001238941214978695,-0.003288998268544674,0.006061147898435593,0.005098644178360701,0.9850226640701294,0.3011729492639074,359.6651713736421,145.65275952214643
2023-05-24 14:05:26.526103,0.8064197000076092,37.57633590698242,30.572961807250977,30.572961807250977,29.40416717529297,1027.110107421875,0.29832377320423364,359.66676099344977,145.65275952214643,145.6546992958707,-35.47283172607422,-24.119359970092773,35.51051712036133,0.30257983483079787,359.66747034594766,145.65543695630106,0.0014526303857564926,0.0020419107750058174,0.00042227189987897873,0.00872805342078209,0.0048558516427874565,0.9864848256111145,0.3061601879772068,359.6667441047398,145.6559014091646
2023-05-24 14:05:26.801595,0.8065862999737874,37.33427429199219,30.44467544555664,30.44467544555664,29.412500381469727,1027.104248046875,0.3037693549634379,359.6623679811942,145.6559014091646,145.66680239107995,-35.97814178466797,-24.179241180419922,35.51059341430664,0.30465586549293794,359.660506914728,145.672990542468,-0.0018200185149908066,-0.0015769721940159798,-0.0010595833882689476,0.006788485683500767,0.006069814320653677,0.9862411618232727,0.3043693977541941,359.6553696786572,145.67192503295746
2023-05-24 14:05:27.060226,0.8080810999908863,37.64234924316406,30.49965476989746,30.49965476989746,29.410415649414062,1027.11376953125,0.3031889756469719,359.65530305763235,145.67192503295746,145.67304518398134,-35.66114807128906,-24.20018196105957,34.81798553466797,0.3022126321216303,359.6560048595696,145.67359159911496,-0.0003085527569055557,-0.00236450950615108,-0.0003641052171587944,0.008243161253631115,0.007283777464181185,0.9857537150382996,0.3018883582186134,359.65350359627075,145.67318178776475
2023-05-24 14:05:27.335135,0.8080810999908863,37.3122673034668,30.463003158569336,30.463003158569336,29.414583206176758,1027.10302734375,0.3067175954465033,359.6473848139915,145.6731954481431,145.6781405051022,-35.618961334228516,-24.08615493774414,35.37791061401367,0.30553087675864005,359.6472225169574,145.68308556206128,-0.0008925106376409531,-0.002561648841947317,0.000847979448735714,0.006788485683500767,0.006069814320653677,0.9867285490036011,0.3037366714410423,359.645962186973,145.68391884514
2023-05-24 14:05:27.593732,0.8091904999910184,38.84321975708008,30.49965476989746,30.49965476989746,29.416667938232422,1027.096923828125,0.3035651162989986,359.64381812122343,145.68391884514,145.68391884514,-35.6697883605957,-24.373905181884766,35.45738983154297,0.30525534799473875,359.644377423003,145.68372759984325,-0.0005359277129173279,0.0023228153586387634,-4.711560904979706e-05,0.006061147898435593,0.004613059107214212,0.9879470467567444,0.306162775978572,359.64747181886213,145.68368661870824
2023-05-24 14:05:27.868716,0.8091904999910184,39.32419967651367,30.517982482910156,30.517982482910156,29.412500381469727,1027.102294921875,0.3107005829083992,359.6472053614432,145.68370027908657,145.68370027908657,-35.51764678955078,-24.205951690673828,35.09804916381836,0.30959894810047023,359.646501184948,145.68628209059284,0.0010113827884197235,-9.274214971810579e-05,0.0004981905221939087,0.0046064723283052444,0.0012139629106968641,0.9864848256111145,0.30749559668165005,359.6498156142841,145.6867875245914
2023-05-24 14:05:28.127171,0.8082322000300337,36.81243133544922,30.44467544555664,30.44467544555664,29.418750762939453,1027.11181640625,0.30382805190161766,359.6454472547426,145.68680118496977,145.68916443042258,-35.509361267089844,-24.013071060180664,35.98789978027344,0.30083389440463976,359.643973881553,145.69174624192885,0.001135392114520073,-0.0004643280990421772,-0.0012572472915053368,0.0033942428417503834,0.0048558516427874565,0.9877033233642578,0.30500348476909456,359.64190276008935,145.69042118522987
2023-05-24 14:05:28.402339,0.8082322000300337,38.31509017944336,30.517982482910156,30.517982482910156,29.420833587646484,1027.102783203125,0.30623809482242725,359.6446471354339,145.69042118522987,145.68905514739586,-35.37510681152344,-24.125782012939453,35.742130279541016,0.307945135186828,359.64441389514593,145.68871363793735,-0.00011239759624004364,-0.0008334801532328129,0.0011727558448910713,0.003879134776070714,0.0026707183569669724,0.9862411618232727,0.30598182932641954,359.6425833510875,145.68987477009625
2023-05-24 14:05:28.668971,0.8077477000151703,37.07963943481445,30.463003158569336,30.463003158569336,29.427082061767578,1027.110107421875,0.3030051208283369,359.64518965522524,145.6898884304746,145.685926920756,-35.470558166503906,-24.38280487060547,35.55586624145508,0.30506767787512207,359.64536497230745,145.68345439227645,0.0004172269254922867,-0.00042807578574866056,-0.0004265354946255684,0.009212944656610489,0.007526569999754429,0.9847790002822876,0.3055156689155662,359.64491068468635,145.68300359979122
2023-05-24 14:05:28.944100,0.8051435999968817,36.92874526977539,30.463003158569336,30.463003158569336,29.40416717529297,1027.114013671875,0.3104149689433016,359.6423467490658,145.68300359979122,145.672348504686,-35.44994354248047,-24.557241439819336,35.94099044799805,0.31080842519209134,359.5696172139166,145.6644937871405,0.0004003997892141342,0.00226717465557158,-0.0004027439281344414,0.009940282441675663,0.004613059107214212,0.984535276889801,0.3092498080400062,359.577308940737,145.66411129654696
2023-05-24 14:05:29.210765,0.8051435999968817,37.1865234375,30.55463409423828,30.55463409423828,29.416667938232422,1027.121337890625,0.31273536563125476,359.5716041319545,145.66411129654696,145.65897499429113,-35.28350830078125,-24.381254196166992,35.62596893310547,0.31350296150008783,359.57454818361055,145.65172133339257,0.001303674653172493,0.0015163433272391558,-2.2578053176403046e-05,0.010910065844655037,0.004613059107214212,0.984535276889801,0.3139545277176756,359.58094604315045,145.65170767301424
2023-05-24 14:05:29.486062,0.8055966999800148,37.65178298950195,30.49965476989746,30.49965476989746,29.424999237060547,1027.12451171875,0.3102409058411721,359.57948051400626,145.65170767301424,145.64744563497214,-35.45663833618164,-24.5256404876709,35.49394989013672,0.3094110111765891,359.5816129737703,145.64117552131407,-0.00233490951359272,0.0021501420997083187,0.00034797191619873047,0.007273377384990454,0.007283777464181185,0.9867285490036011,0.3083110305550997,359.583183517073,145.64154435152926
2023-05-24 14:05:29.744529,0.8052374000053533,37.05448913574219,30.353044509887695,30.353044509887695,29.418750762939453,1027.132080078125,0.31040218901903427,359.58308306526743,145.64154435152926,145.6380063135392,-35.4276237487793,-24.415061950683594,35.2169075012207,0.30994315228204183,359.5861639875112,145.6324875206898,-0.0004316698759794235,0.0019475597655400634,0.00028612278401851654,0.008970499038696289,0.008254947140812874,0.9881907105445862,0.307801301007861,359.58629314745565,145.63287001128333
2023-05-24 14:05:30.019664,0.8047477999989496,38.84321975708008,30.4813289642334,30.4813289642334,29.414583206176758,1027.136962890625,0.31001657681561945,359.5877327432254,145.6328836716617,145.63915378531973,-35.6156005859375,-23.941648483276367,34.83414840698242,0.31243320980176104,359.5887590058286,145.64857944637436,-0.0005571357905864716,0.0001398674212396145,0.0005773268640041351,0.007030931767076254,0.004370266571640968,0.9864848256111145,0.31048228365922326,359.5911214508686,145.64916684264298
2023-05-24 14:05:30.278263,0.8052060999725654,37.14565658569336,30.4813289642334,30.4813289642334,29.412500381469727,1027.129638671875,0.30969102225213313,359.5911288146663,145.64916684264298,145.66225348509272,-35.576942443847656,-23.732675552368164,34.543731689453125,0.30947165578589936,359.5912290797089,145.67491665581394,-0.00019914470613002777,9.55912983044982e-05,-0.0003654537722468376,0.00872805342078209,0.007283777464181185,0.9852663278579712,0.3112018013996018,359.59214661957435,145.67454782559875
2023-05-24 14:05:30.545911,0.804018700024244,37.03562927246094,30.49965476989746,30.49965476989746,29.40833282470703,1027.115234375,0.31051904928686497,359.59275696100974,145.67456148597708,145.6980436763436,-35.6247444152832,-23.347288131713867,34.575096130371094,0.309355889415553,359.5942518119426,145.7189303948255,-0.0005660280585289001,0.0003017482813447714,0.0014530615881085396,0.004848918411880732,0.004370266571640968,0.9864848256111145,0.3070759669345174,359.5933276553314,145.72037839492953
2023-05-24 14:05:30.808485,0.8022634999870206,39.72972869873047,30.371370315551758,30.371370315551758,29.414583206176758,1027.10498046875,0.3058085132762305,359.597206455728,145.72039205530788,145.73526820732016,-35.78181076049805,-23.582597732543945,34.682857513427734,0.3061377764189927,359.5959065053103,145.7530266991622,0.000630989670753479,-0.000980171374976635,-0.0013427399098873138,0.008243161253631115,0.006555399391800165,0.9855100512504578,0.30823877996028565,359.5944341993378,145.75141477451808
2023-05-24 14:05:31.086217,0.8062529999970138,37.56061553955078,30.38969612121582,30.38969612121582,29.412500381469727,1027.08740234375,0.3112030820600712,359.59196396537493,145.75141477451808,145.7604033034658,-35.56092834472656,-23.814895629882812,34.87267303466797,0.31063257450139,359.59130994808146,145.76741107755424,0.0003253389149904251,-0.0006745473365299404,0.0017116321250796318,0.007758269552141428,0.0036418887320905924,0.9857537150382996,0.310932649257621,359.59299953944696,145.76911862484675
2023-05-24 14:05:31.345285,0.8070759000256658,36.64896011352539,30.55463409423828,30.55463409423828,29.40416717529297,1027.0849609375,0.30850611783326815,359.5897029059554,145.76911862484675,145.76911862484675,-35.59521484375,-24.18120574951172,34.956478118896484,0.308235685030818,359.58875009456614,145.76779356814777,0.00032527558505535126,-0.0006738684023730457,-0.0007317578420042992,0.006788485683500767,0.006555399391800165,0.9850226640701294,0.3116681752538667,359.58564716097055,145.76709688885242
2023-05-24 14:05:31.608836,0.8073518999717635,36.74641418457031,30.408023834228516,30.408023834228516,29.397916793823242,1027.094482421875,0.3109922800107264,359.5883426577739,145.7670832284741,145.7670832284741,-35.448387145996094,-24.041080474853516,35.50022506713867,0.312971354003164,359.58925494159536,145.7680804360929,-0.002118196338415146,-0.07702531665563583,0.002627919428050518,0.008243161253631115,0.008740533143281937,0.987459659576416,0.3100953374344862,359.4938799409334,145.77078519100422
2023-05-24 14:05:31.883694,0.8030187000040314,38.05731201171875,30.53630828857422,30.53630828857422,29.402084350585938,1027.108154296875,0.3122402836381346,359.4970965331457,145.77079885138258,145.77272496472852,-35.323974609375,-23.978017807006836,34.91928482055664,0.3130551572226289,359.3975860130239,145.77379047423904,-0.0008962731808423996,0.0020944965071976185,-0.00103758554905653,0.008485606871545315,0.005584229249507189,0.9847790002822876,0.31180699351266195,359.4044134274296,145.77271130435017
2023-05-24 14:05:32.159327,0.8030187000040314,36.897308349609375,30.44467544555664,30.44467544555664,29.414583206176758,1027.114990234375,0.3117496572762309,359.4110739824482,145.77271130435017,145.775074549803,-35.47368621826172,-24.1071834564209,34.863502502441406,0.30998285275659254,359.4107377023533,145.77542971963985,0.0021580401808023453,-4.307011840865016e-05,-0.0007318248972296715,0.00630359398201108,0.005098644178360701,0.9864848256111145,0.31124123506988804,359.41622773370295,145.77471937996617
2023-05-24 14:05:32.418032,0.8053207000339171,35.95421600341797,30.53630828857422,30.53630828857422,29.40625,1027.11962890625,0.3129051865455795,359.4233174700615,145.77471937996617,145.77471937996617,-35.47705841064453,-24.0986385345459,34.78431701660156,0.31420369622024885,359.4226038220149,145.778448663253,0.0003250241279602051,0.0005615860573016107,-0.0013430044054985046,0.008485606871545315,0.0048558516427874565,0.9850226640701294,0.31334880199608656,359.42744866729225,145.77700066314895
2023-05-24 14:05:32.692753,0.8036333000072773,37.441158294677734,30.6096134185791,30.6096134185791,29.414583206176758,1027.11328125,0.3107666169638515,359.4321442089032,145.77700066314895,145.77403636104916,-35.43634796142578,-24.262680053710938,34.73829650878906,0.3116942153500774,359.43299291326844,145.77022511549228,0.0003247298300266266,-0.07640717178583145,-0.0001209210604429245,0.004848918411880732,0.0048558516427874565,0.9847790002822876,0.3122686182510196,359.36332130183547,145.76969236073703
2023-05-24 14:05:32.951634,0.803747799978737,36.87844467163086,30.261411666870117,30.261411666870117,29.412500381469727,1027.10498046875,0.31165518188618785,359.3753595102476,145.76969236073703,145.76508881323645,-35.31712341308594,-24.40289878845215,34.513885498046875,0.31231429514109404,359.37336365426694,145.7589689637401,0.0006294343620538712,-0.000360452919267118,-0.00012120883911848068,0.004364026710391045,0.006069814320653677,0.9862411618232727,0.31314261566051677,359.3755061458714,145.75885968071339
2023-05-24 14:05:33.219905,0.8064248999980919,36.306304931640625,30.4813289642334,30.4813289642334,29.414583206176758,1027.09228515625,0.31639778776940963,359.38902266335197,145.7588323599567,145.76107266200447,-35.581260681152344,-24.162296295166016,34.83793640136719,0.31490784603499483,359.3889583101634,145.76540300193827,0.0012403149157762527,-0.002498166635632515,0.00018429383635520935,0.007273377384990454,0.005827021785080433,0.9859974384307861,0.3154684551554648,359.3902793647984,145.7655805868567
2023-05-24 14:05:33.482771,0.8053884000000835,36.97589874267578,30.408023834228516,30.408023834228516,29.410415649414062,1027.0966796875,0.3185151997729665,359.3955991216665,145.7655805868567,145.77312111570038,-35.74411392211914,-24.01149559020996,35.02873611450195,0.3195002677977557,359.3926908484623,145.7795141727635,-0.0005923938006162643,-0.0006715430063195527,0.0017116814851760864,0.008000715635716915,0.0031563034281134605,0.9825856685638428,0.3205727142191535,359.39723516541613,145.78153590875783
2023-05-24 14:05:33.758401,0.8054248999778792,37.236820220947266,30.463003158569336,30.463003158569336,29.420833587646484,1027.08203125,0.31856800033690186,359.4033884188064,145.78153590875783,145.78948624895173,-35.8300895690918,-23.94394874572754,34.90242385864258,0.3197752095922752,359.4009595395045,145.79908949492477,-0.0005919691175222397,-0.0018928528297692537,-0.00012099742889404297,0.007758269552141428,0.0031563034281134605,0.9852663278579712,0.3175372287416117,359.4038948133003,145.79895289114137
2023-05-24 14:05:34.033481,0.808268600008887,37.25568389892578,30.49965476989746,30.49965476989746,29.424999237060547,1027.100341796875,0.31592637131454654,359.40952080810314,145.79895289114137,145.80460828777413,-35.71000671386719,-24.0777645111084,34.95669174194336,0.31689193594760423,359.40664423124554,145.8092801371664,1.893565058708191e-05,-0.0018857864197343588,0.000794755294919014,0.00654603959992528,0.006555399391800165,0.9862411618232727,0.3198198726261447,359.40805813376454,145.81020904289355
2023-05-24 14:05:34.308552,0.8047269999915443,38.0635986328125,30.55463409423828,30.55463409423828,29.424999237060547,1027.104248046875,0.3219400327136254,359.41807236502655,145.81020904289355,145.83203832748092,-35.71366500854492,-23.31523895263672,34.85207748413086,0.32224896537143627,359.41742061556937,145.85415448001342,0.0012407824397087097,-0.0024958248250186443,0.001710791140794754,0.00630359398201108,0.007526569999754429,0.9859974384307861,0.3227465553246423,359.41652975613033,145.85584836692757
2023-05-24 14:05:34.567165,0.8030968000421126,37.32798767089844,30.44467544555664,30.44467544555664,29.4375,1027.09912109375,0.32449751167097207,359.4242109975431,145.85584836692757,145.86226874474738,-35.455814361572266,-23.828466415405273,34.94829177856445,0.32415776312061684,359.4219657862969,145.86754165078662,0.000935262069106102,-0.0018842872232198715,-0.0004274202510714531,0.0058187018148601055,0.007283777464181185,0.984535276889801,0.32478029751086646,359.4235598350553,145.86711817905808
2023-05-24 14:05:34.842170,0.8031279999850085,37.544898986816406,30.49965476989746,30.49965476989746,29.4375,1027.093505859375,0.3236146296794686,359.433791458432,145.86710451867975,145.86710451867975,-35.69546127319336,-24.02631378173828,34.97536087036133,0.32428705646717104,359.4337394316004,145.87113433029006,-0.0002866089344024658,-0.0009675485198386014,-0.00012170989066362381,0.006788485683500767,0.005827021785080433,0.9864848256111145,0.32289102983384393,359.43606527109534,145.87099772650666
2023-05-24 14:05:35.116641,0.8054770000180724,37.475738525390625,30.64626693725586,30.64626693725586,29.4375,1027.0947265625,0.3232183186250492,359.4426712379615,145.87099772650666,145.8741532739032,-35.68875503540039,-24.142122268676758,34.57236099243164,0.3220409114060153,359.5161392072734,145.87612036838416,-0.0012024566531181335,-0.0003624277887865901,0.0010998863726854324,0.008485606871545315,0.004370266571640968,0.9867285490036011,0.31672550344743805,359.52288823458616,145.87721319865136
2023-05-24 14:05:35.375445,0.8063311999885627,37.34684753417969,30.572961807250977,30.572961807250977,29.445833206176758,1027.099609375,0.31381280129239786,359.5225312504803,145.87721319865136,145.87239108509735,-35.55084228515625,-24.3808536529541,34.37607955932617,0.31343967552855945,359.5228330594643,145.86801976402853,-0.0005916543304920197,0.07629495859146118,0.0007946779951453209,0.008485606871545315,0.0038846812676638365,0.9847790002822876,0.3120702225999719,359.5985992807102,145.86920821694412
2023-05-24 14:05:35.657774,0.8063311999885627,35.54868698120117,30.53630828857422,30.53630828857422,29.447917938232422,1027.08349609375,0.3116159883397396,359.59819512561035,145.86920821694412,145.88013651961614,-35.76326370239258,-23.84199333190918,34.89993667602539,0.30887796293663716,359.59575581426174,145.89031350147945,0.0012411102652549744,0.00024919878342188895,0.000794517807662487,0.008243161253631115,0.0048558516427874565,0.9838041663169861,0.3085827440180192,359.59836628054603,145.8911741053149
2023-05-24 14:05:35.928707,0.8084352999740076,37.447444915771484,30.517982482910156,30.517982482910156,29.443750381469727,1027.080810546875,0.30762857192705373,359.59056044154175,145.89116044493653,145.89782670956646,-35.872596740722656,-24.04192543029785,35.22499465942383,0.3085327182184342,359.5881191558416,145.90382361565773,-0.0008969549089670181,0.0002495141525287181,0.0004887469112873077,0.00630359398201108,0.006312606856226921,0.9855100512504578,0.31161548141163714,359.5859068682416,145.90431538927797
2023-05-24 14:05:36.191249,0.8084352999740076,36.55465316772461,30.59128761291504,30.59128761291504,29.447917938232422,1027.08740234375,0.30959483931479764,359.5838347862825,145.90431538927797,145.90431538927797,-35.768070220947266,-24.22314453125,34.746803283691406,0.30549701929748085,359.580285142307,145.90447931381806,0.00032583996653556824,-0.000978321535512805,0.0007942672818899155,-0.0014810138382017612,0.005584229249507189,0.9820983409881592,0.31126076514204604,359.5841623151976,145.9054082195452
2023-05-24 14:05:36.466938,0.8070967000330711,36.60809326171875,30.517982482910156,30.517982482910156,29.450000762939453,1027.0966796875,0.307033171530499,359.5994715172115,145.90542187992352,145.90348210619925,-35.59125900268555,-24.207767486572266,34.59603500366211,0.3050812582121828,359.598203796749,145.90192482306847,0.0006307996809482574,-6.170495180413127e-05,0.0004887264221906662,0.013334525749087334,0.0029135108925402164,0.9830730557441711,0.3089716379138868,359.6013544883079,145.90245757782372
2023-05-24 14:05:36.737900,0.8084926000046835,36.2088508605957,30.55463409423828,30.55463409423828,29.450000762939453,1027.088134765625,0.3031856939545191,359.6044737503245,145.90245757782372,145.90245757782372,-35.59217071533203,-24.044700622558594,34.846458435058594,0.2996333018950249,359.6017346310239,145.90233463441868,-0.0021174903959035873,-0.001588498242199421,0.00018326286226511002,0.0014546754537150264,0.012868006713688374,0.987459659576416,0.30480997163608636,359.6005855317373,145.90249855895877
2023-05-24 14:05:37.003309,0.8087685999962559,37.6706428527832,30.572961807250977,30.572961807250977,29.458332061767578,1027.09912109375,0.31385148791074363,359.6082186683412,145.90247123820208,145.90247123820208,-35.39352798461914,-23.926288604736328,34.47684860229492,0.3126868072551242,359.6077489327532,145.8998894266958,2.021901309490204e-05,-0.0012827985920011997,-0.00042783748358488083,0.009697836823761463,0.008983325213193893,0.9855100512504578,0.3154435623175913,359.6034044788738,145.89946595496727
2023-05-24 14:05:37.278296,0.8052322000148706,36.686683654785156,30.53630828857422,30.53630828857422,29.445833206176758,1027.0986328125,0.31743437569766486,359.60020442852596,145.89946595496727,145.89946595496727,-35.67499923706055,-24.004150390625,34.258174896240234,0.31712392225554664,359.59948645825034,145.9032635401458,-0.0015068035572767258,0.00055052584502846,0.0004885578528046608,0.007273377384990454,0.006312606856226921,0.9847790002822876,0.3163242298336998,359.60084270436784,145.9037826345227
2023-05-24 14:05:37.553433,0.805247899985261,37.142513275146484,30.53630828857422,30.53630828857422,29.447917938232422,1027.103515625,0.3191656952501309,359.60806437543505,145.90376897414438,145.90200678533853,-35.684814453125,-24.09576988220215,34.179229736328125,0.3170833680073497,359.60499655328067,145.90365969111767,-0.0008956659585237503,-0.0012945554917678237,0.00018271151930093765,0.0014546754537150264,0.008012155070900917,0.9872159361839294,0.32673717338850156,359.60402434522143,145.90383727603609
2023-05-24 14:05:37.819201,0.8076748000130465,36.80299758911133,30.426349639892578,30.426349639892578,29.447917938232422,1027.09814453125,0.3282655349369977,359.6140518366554,145.90382361565773,145.9103942576393,-35.75279998779297,-24.01509666442871,34.006622314453125,0.32989248066120946,359.61318760428196,145.91003908780246,-0.0008963458240032196,-0.0006834163796156645,-0.000428028404712677,0.002424459205940366,0.006312606856226921,0.9852663278579712,0.3308520955591698,359.6148541170786,145.90961561607392
2023-05-24 14:05:38.094248,0.8083415000110108,38.77091598510742,30.517982482910156,30.517982482910156,29.441665649414062,1027.10107421875,0.3364771031862191,359.6191112992831,145.90961561607392,145.90961561607392,-35.83335876464844,-23.4699764251709,34.08821487426758,0.3364991145380365,359.61786329565564,145.92532505116495,-0.0008964613080024719,-0.0025088107213377953,-0.0007334910333156586,0.003636688692495227,0.0038846812676638365,0.9859974384307861,0.3356622029212984,359.60978651692085,145.92457373035623
2023-05-24 14:05:38.352987,0.8042270000041754,36.81243133544922,30.59128761291504,30.59128761291504,29.450000762939453,1027.105712890625,0.3342962718090016,359.6133741004628,145.92457373035623,145.93133561763455,-35.77589416503906,-24.093717575073242,34.78857421875,0.3324766667254279,359.61208327475094,145.93139025914792,0.0003255661576986313,-0.0006755864596925676,-0.0004280116409063339,0.008000715635716915,0.0031563034281134605,0.9852663278579712,0.3306958016210529,359.60966568126946,145.93095312704102
2023-05-24 14:05:38.620583,0.8042270000041754,36.87215805053711,30.53630828857422,30.53630828857422,29.460416793823242,1027.12744140625,0.32993546282821296,359.60537242712843,145.93096678741938,145.9113914652581,-35.266571044921875,-24.685285568237305,35.1362419128418,0.3299517912491975,359.6033454617705,145.893469048876,-0.0008954852819442749,-0.0018963038455694914,0.0004877159371972084,0.008485606871545315,0.007283777464181185,0.9842915534973145,0.32644633005982066,359.5990043696249,145.8940837659013
2023-05-24 14:05:38.895163,0.8066749000372511,35.7373046875,30.572961807250977,30.572961807250977,29.456249237060547,1027.1103515625,0.32797711952712333,359.5942563742955,145.8940837659013,145.8896851240758,-35.51757049560547,-24.246261596679688,34.60585403442383,0.328291254868091,359.5935973410819,145.88534112376368,-0.0005901921540498734,-0.00036859011743217707,-0.00012269150465726852,0.0046064723283052444,0.004127473570406437,0.9852663278579712,0.32521622899855723,359.59319726808735,145.88523184073696
2023-05-24 14:05:39.153411,0.8066749000372511,37.133079528808594,30.517982482910156,30.517982482910156,29.454166412353516,1027.111572265625,0.32356158899169524,359.5958954862942,145.88523184073696,145.88364723684953,-35.49273681640625,-24.178226470947266,34.757015228271484,0.3212172599612206,359.59423246863344,145.8814205951801,0.00032665953040122986,-0.0015895906835794449,0.0023198919370770454,0.00654603959992528,0.0033990959636867046,0.9847790002822876,0.3199035157630509,359.5981756488991,145.88386580290296
2023-05-24 14:05:39.428229,0.8065290999875288,38.26164627075195,30.463003158569336,30.463003158569336,29.458332061767578,1027.1103515625,0.314247558841325,359.5992845141026,145.88386580290296,145.88887916175375,-35.732017517089844,-24.05714225769043,34.77751922607422,0.3146010478112996,359.59857777628645,145.89039546374948,0.0012425091117620468,-0.0003672075690701604,-0.0016505047678947449,0.0053338101133704185,0.004127473570406437,0.9877033233642578,0.31855257905041645,359.5980731427007,145.88863327494363
2023-05-24 14:05:39.703320,0.8041853000358969,37.491455078125,30.664592742919922,30.664592742919922,29.458332061767578,1027.095458984375,0.31855588742329566,359.59775673952345,145.88863327494363,145.89338708660597,-35.72134780883789,-23.878334045410156,34.99799728393555,0.3179695050108795,359.5976980159048,145.9003948606944,2.04574316740036e-05,-0.0009714668849483132,0.0007926942780613899,0.0046064723283052444,0.0048558516427874565,0.9859974384307861,0.31870233628405426,359.5970574989072,145.9011871626381
2023-05-24 14:05:39.969969,0.8041853000358969,36.54521942138672,30.517982482910156,30.517982482910156,29.458332061767578,1027.08447265625,0.3197585076453204,359.6024153554242,145.90117350225978,145.90391923830612,-35.6362190246582,-23.99068832397461,35.02189636230469,0.3197876960318516,359.60267981181113,145.9050667100867,0.000631183385848999,-0.0006722616963088512,-0.0022614561021327972,0.008000715635716915,0.006798191927373409,0.9877033233642578,0.32210171609788435,359.60049487164827,145.9027444457689
2023-05-24 14:05:40.237294,0.8042895000253338,36.2214241027832,30.4813289642334,30.4813289642334,29.460416793823242,1027.085693359375,0.3223842618139407,359.6007496430404,145.9027444457689,145.9180030883747,-35.67426300048828,-23.38998794555664,34.177528381347656,0.32240963489949026,359.59949494262594,145.93305682530539,-0.0018118005245923996,0.0011606266489252448,0.0007929932326078415,0.007758269552141428,0.005827021785080433,0.9857537150382996,0.320596406437837,359.6006484708633,145.93386278762745
2023-05-24 14:05:40.499858,0.8051435999968817,37.32484436035156,30.59128761291504,30.59128761291504,29.462499618530273,1027.07861328125,0.32181442126592064,359.59932045263696,145.93384912724912,145.9463756941869,-35.64260482788086,-23.498401641845703,34.58802032470703,0.3230677342981916,359.5974076795043,145.95890226112473,0.0012422837316989899,-0.0025039128959178925,-0.0007341224700212479,0.009455390274524689,0.007769362535327673,0.9850226640701294,0.32621434375187824,359.59381620062004,145.9580143365326
2023-05-24 14:05:40.777929,0.8066019999896525,37.28083419799805,30.59128761291504,30.59128761291504,29.479167938232422,1027.083251953125,0.326055755297087,359.5935482224168,145.9580143365326,145.96604663899654,-35.4082145690918,-23.624523162841797,34.80400085449219,0.32802442392321096,359.59446376125027,145.97189328092608,-0.0008961930871009827,0.001167493057437241,0.0004876190796494484,-0.0007405069191008806,-0.005065743811428547,0.9828293919563293,0.31742471738329164,359.6035344659115,145.97246701681638
2023-05-24 14:05:41.052245,0.8066019999896525,36.013946533203125,30.59128761291504,30.59128761291504,29.487499237060547,1027.077880859375,0.3137612547085054,359.61976464956587,145.9724806771947,145.96786346931577,-35.225929260253906,-24.17133903503418,35.316017150878906,0.3131687891588597,359.62000191859823,145.96123818582086,0.0015476159751415253,-0.0009639098425395787,-0.0013448270037770271,0.00872805342078209,0.006555399391800165,0.9847790002822876,0.3112389672336402,359.6202026621268,145.95992678950023
2023-05-24 14:05:41.317906,0.8052582000127586,36.972755432128906,30.517982482910156,30.517982482910156,29.485416412353516,1027.07421875,0.31534820647347556,359.61689853143537,145.95992678950023,145.95306927957353,-35.613407135009766,-24.16008186340332,35.133392333984375,0.31275489570341275,359.6165130526341,145.9520310908197,0.0018527023494243622,0.07844249159097672,0.0007925033569335938,0.001939567388035357,0.004613059107214212,0.9867285490036011,0.31806147244083666,359.7078195017065,145.95354739281544
2023-05-24 14:05:41.592660,0.8049666000042635,36.36288833618164,30.53630828857422,30.53630828857422,29.477083206176758,1027.0732421875,0.3139167749142554,359.7147580134079,145.95356105319377,145.95356105319377,-35.602691650390625,-24.033706665039062,34.54682159423828,0.31435014508100745,359.71071768970955,145.95099290206585,0.00337974913418293,-0.00035855453461408615,-0.00042823050171136856,0.007758269552141428,0.006312606856226921,0.9838041663169861,0.32429351313037086,359.7096624254828,145.95054210958062
2023-05-24 14:05:41.868958,0.805388499999026,38.14533233642578,30.59128761291504,30.59128761291504,29.485416412353516,1027.07568359375,0.327931149152358,359.70310320272375,145.95054210958062,145.93472339146288,-35.34574508666992,-24.511003494262695,34.82250213623047,0.32675168754048783,359.7009509194028,145.91917788091192,-0.0008958820253610611,-0.000968695618212223,-0.001344866119325161,0.009212944656610489,0.0048558516427874565,0.9859974384307861,0.3278083925102829,359.6945255790237,145.91785282421296
2023-05-24 14:05:42.127872,0.8030135000135488,36.59552001953125,30.64626693725586,30.64626693725586,29.493749618530273,1027.081298828125,0.3282556631792129,359.6876887197471,145.91785282421296,145.9162682203255,-35.517208099365234,-23.974294662475586,35.15068817138672,0.33063883891059204,359.68561826529407,145.91925984318198,-0.0005905665457248688,-0.0009744885610416532,0.0004870062693953514,0.0058187018148601055,0.004127473570406437,0.984535276889801,0.3272414868091718,359.6855751764054,145.91973795642386
2023-05-24 14:05:42.403830,0.8030135000135488,37.94414138793945,30.572961807250977,30.572961807250977,29.487499237060547,1027.077392578125,0.3274212862029871,359.6865448765045,145.91973795642386,145.92279788117204,-35.38521194458008,-23.794761657714844,35.036407470703125,0.3259518083556559,359.6861885060485,145.9248605983014,-0.0015069525688886642,-0.0003633324522525072,0.0020135752856731415,0.007273377384990454,0.006069814320653677,0.9850226640701294,0.3225558703168373,359.6880845505538,145.92682769278235
2023-05-24 14:05:42.662486,0.8036331999628601,37.978721618652344,30.6096134185791,30.6096134185791,29.495834350585938,1027.075439453125,0.3248163694474206,359.6782984902988,145.92684135316068,145.92893139104672,-35.51194381713867,-23.952425003051758,34.86622619628906,0.3280504640194216,359.6772730814692,145.92910897596514,0.0012419801205396652,-0.07701980322599411,0.0017076004296541214,0.011879850178956985,0.0033990959636867046,0.9879470467567444,0.3283324494465227,359.58168365022,145.93062527796087
2023-05-24 14:05:42.935544,0.8001645999920584,37.09535598754883,30.408023834228516,30.408023834228516,29.49791717529297,1027.0751953125,0.3243548247503423,359.5760169677668,145.93061161758254,145.9273604475376,-35.45325469970703,-24.11752700805664,35.06730270385742,0.3250275717031621,359.57465762671984,145.92399999446596,0.0009364094585180283,0.0005610368680208921,-0.000430867075920105,0.007758269552141428,0.0019423406338319182,0.9855100512504578,0.3226562954419776,359.5789485596638,145.92354920198073
2023-05-24 14:05:43.210582,0.801424900033453,36.75898742675781,30.517982482910156,30.517982482910156,29.491666793823242,1027.078369140625,0.31969909033562655,359.5763340913155,145.92354920198073,145.91880905069675,-35.25596618652344,-24.174489974975586,35.07789611816406,0.3187347263217589,359.5769132700128,145.91375471071095,0.0003257356584072113,-0.0015765773132443428,-0.0001255655661225319,0.008243161253631115,0.0036418887320905924,0.9840478897094727,0.3202535629580141,359.5775717696179,145.9136044465492
2023-05-24 14:05:43.478770,0.801549999983763,39.36820983886719,30.517982482910156,30.517982482910156,29.49791717529297,1027.07861328125,0.31829185792319237,359.56858553518686,145.9136044465492,145.9184128997249,-35.59935760498047,-24.393856048583984,34.85007858276367,0.31680850625410956,359.5673354771666,145.91245697476865,0.0006314162164926529,-0.0024919991847127676,0.0010956991463899612,0.00872805342078209,0.008983325213193893,0.9864848256111145,0.3237247397994086,359.56429372178883,145.91350882390083
2023-05-24 14:05:43.737192,0.8031437000008737,37.136226654052734,30.59128761291504,30.59128761291504,29.49791717529297,1027.086181640625,0.323600515733879,359.56879932544393,145.9135361446575,145.91027131423422,-35.48271560668945,-23.981040954589844,34.655948638916016,0.3233127406542393,359.5671324124409,145.90816761596986,-0.0015064161270856857,-0.0009640889475122094,-0.0010424097999930382,0.008000715635716915,0.007526569999754429,0.9867285490036011,0.32574580878307124,359.5652707590053,145.9068152385142
2023-05-24 14:05:44.012588,0.8038467999776913,35.53611373901367,30.55463409423828,30.55463409423828,29.5,1027.08251953125,0.32520718433399226,359.5662769312474,145.9068152385142,145.9154485976251,-35.27464294433594,-23.349262237548828,34.576515197753906,0.3249304282704745,359.56532518707525,145.9255162964617,-0.0018115527927875519,-0.0006515465793199837,-0.0016524819657206535,0.003636688692495227,0.0012139629106968641,0.9852663278579712,0.32047108847482314,359.5659853942276,145.92384973030423
2023-05-24 14:05:44.279844,0.8032217999934801,37.93470764160156,30.59128761291504,30.59128761291504,29.49791717529297,1027.084228515625,0.3161552093321684,359.57187101626016,145.92386339068256,145.93815214642623,-35.9013786315918,-23.679431915283203,34.72382736206055,0.31419934731073823,359.6731086404271,145.95153931719946,2.1491199731826782e-05,-0.002490534447133541,-0.00043070316314697266,0.008243161253631115,0.005098644178360701,0.9855100512504578,0.3113319218393758,359.67338582337743,145.95106120395755
2023-05-24 14:05:44.555029,0.8011020999911125,35.99508285522461,30.53630828857422,30.53630828857422,29.506250381469727,1027.076416015625,0.3112965169134828,359.66772439696825,145.95106120395755,145.9621397707913,-36.03394317626953,-23.899091720581055,35.18918228149414,0.31132928047715774,359.66738579567624,145.9686147901245,0.003075726330280304,-4.645559238269925e-05,-0.0010417243465781212,0.011152512393891811,0.011411250568926334,0.9847790002822876,0.3183778489376258,359.6632619088823,145.9673580353172
2023-05-24 14:05:44.825417,0.8047269999915443,37.18023681640625,30.53630828857422,30.53630828857422,29.510417938232422,1027.084716796875,0.32463224782452116,359.65794663432587,145.96737169569553,145.9746253565941,-36.03659439086914,-23.96380615234375,35.10554122924805,0.3246452145117736,359.7592649401023,145.98406467802704,0.0021588504314422607,-0.07732075452804565,0.0014020157977938652,0.008243161253631115,0.006069814320653677,0.9862411618232727,0.32325612478932225,359.678613826259,145.98508920640256
2023-05-24 14:05:45.096799,0.8047269999915443,37.107933044433594,30.664592742919922,30.664592742919922,29.510417938232422,1027.09033203125,0.32187968158900604,359.67560838294156,145.98508920640256,145.98991131995658,-35.994544982910156,-23.96040916442871,34.991939544677734,0.32190129273442675,359.67482131036144,145.99624973550635,-0.0005899742245674133,0.00025964787346310914,0.00017997343093156815,0.01260718796402216,0.008254947140812874,0.9847790002822876,0.3200451354666229,359.6732340917922,145.99642732042477
2023-05-24 14:05:45.367631,0.8036175999914121,36.82500457763672,30.6096134185791,30.6096134185791,29.514583587646484,1027.094970703125,0.3252228457443157,359.6589204965715,145.9964409808031,146.01167230265224,-35.89335250854492,-23.596914291381836,35.60234451293945,0.32784966712999386,359.65789359363805,146.0237480771048,0.002463826909661293,-0.0024888082407414913,0.00048530101776123047,0.009940282441675663,0.004613059107214212,0.9877033233642578,0.3331571243214904,359.6494986241375,146.0242535111034
2023-05-24 14:05:45.638506,0.8036175999914121,36.938175201416016,30.64626693725586,30.64626693725586,29.520832061767578,1027.098388671875,0.32902469979107407,359.64620030977903,146.0242535111034,146.03791388944344,-35.979427337646484,-23.58730125427246,35.60303497314453,0.3287380719697715,359.64675038013104,146.0522026451871,-0.000590641051530838,0.00026665496989153326,0.001095701940357685,0.007758269552141428,0.005584229249507189,0.9872159361839294,0.32854599957979136,359.6476921191433,146.05326815469763
2023-05-24 14:05:45.900639,0.803919699979815,36.966468811035156,30.53630828857422,30.53630828857422,29.520832061767578,1027.107177734375,0.32652114197557347,359.6470328191254,146.05326815469763,146.06078136278464,-35.990089416503906,-23.87808609008789,35.27747344970703,0.32299038774192645,359.6457924994608,146.06841751427672,-0.0005898810923099518,-0.002176013309508562,-0.0001262873411178589,0.006788485683500767,0.006555399391800165,0.9850226640701294,0.3218715974197931,359.64197829237656,146.06826725011496
2023-05-24 14:05:46.171426,0.8072633999981917,38.33709716796875,30.70124626159668,30.70124626159668,29.520832061767578,1027.109375,0.3279486781925326,359.6412368966865,146.06826725011496,146.06747494817125,-35.53650665283203,-23.903242111206055,35.43867492675781,0.32887048692621984,359.64120402640117,146.06595864617552,0.0015478786081075668,-0.000954003946390003,0.00048460066318511963,0.008970499038696289,0.008983325213193893,0.9857537150382996,0.33230449793357597,359.6381081097577,146.06645041979576
2023-05-24 14:05:46.434245,0.8079404999771214,37.58576583862305,30.53630828857422,30.53630828857422,29.512500762939453,1027.1005859375,0.36908095782842204,359.5788960259041,146.06724272173946,146.06091796656804,-35.545921325683594,-24.147998809814453,35.10053634643555,0.37985104557162147,359.5795092221451,146.05335011696766,-0.002422574907541275,-0.004625111352652311,-0.001958431676030159,-0.004689877387136221,0.05559949949383736,0.991358757019043,0.3000073614737889,359.55058000927636,146.05018090919276
2023-05-24 14:05:46.709050,0.809508199996344,37.82468032836914,30.627941131591797,30.627941131591797,29.510417938232422,1027.10205078125,0.4157586306988479,359.5604801550349,146.04993502238264,146.038378342307,-35.63317108154297,-24.393672943115234,34.785362243652344,0.41577095705586564,359.5586416602094,146.0292395491975,0.0024641621857881546,0.0008727125823497772,-0.0007365671917796135,0.010425174608826637,0.007526569999754429,0.9830730557441711,0.4247458256252624,359.56857593023335,146.02850188876715
2023-05-24 14:05:46.967662,0.8084768999888183,37.114219665527344,30.59128761291504,30.59128761291504,29.508333206176758,1027.10986328125,0.4242517308079207,359.56521835864777,146.02850188876715,146.0204286051682,-35.510009765625,-24.172210693359375,34.86900329589844,0.4216259499588739,359.4698596597264,146.01526498215566,0.002464255318045616,-0.0018692773301154375,0.0010959487408399582,0.0058187018148601055,0.005341436713933945,0.9855100512504578,0.4251187112652628,359.47157062211346,146.01631683128784
2023-05-24 14:05:47.242855,0.8054614000011497,37.42229461669922,30.517982482910156,30.517982482910156,29.495834350585938,1027.1005859375,0.42056385554293696,359.4785652694321,146.01631683128784,146.0098418119547,-35.69184112548828,-24.41705894470215,34.45298385620117,0.4162638779344437,359.3792807325223,146.00074399998022,-0.0012004319578409195,-0.001556842471472919,0.00048461928963661194,0.006788485683500767,0.006555399391800165,0.9864848256111145,0.41315558157313254,359.3829372849666,146.00126309435714
