now,intensity,humidity,temperature,temperature_from_humidity,temperature_from_pressure,pressure,orientation_roll,orientation_pitch,orientation_yaw,compass,compass_raw_x,compass_raw_y,compass_raw_z,gyro_roll,gyro_pitch,gyro_yaw,gyro_raw_x,gyro_raw_y,gyro_raw_z,accelerometer_raw_x,accelerometer_raw_y,accelerometer_raw_z,accelerometer_roll,accelerometer_pitch,accelerometer_yaw
2023-05-17 14:37:06.004301,0.9387655000191444,34.6810417175293,30.4813289642334,30.4813289642334,29.43541717529297,1030.872314453125,1.2392144546069304,358.07439849135733,166.6222325760293,166.6222325760293,-10.951202392578125,-2.408473253250122,19.105518341064453,1.2356877291176764,358.07291036389194,166.72215824358656,0.0030395854264497757,-0.0004618801176548004,0.08335255831480026,0.026911497116088867,0.021851330995559692,0.9872159361839294,1.2383904563165917,358.07274302425725,166.83302587419422
2023-05-17 14:37:06.665770,0.9387655000191444,34.885379791259766,30.55463409423828,30.55463409423828,29.43958282470703,1030.867919921875,1.2190092609381515,358.0860533554023,166.83308051570756,166.7933288147381,-19.212726593017578,-4.904181957244873,35.836055755615234,1.212589736891986,358.0804359516968,167.09354294951683,0.00026038289070129395,0.0016204528510570526,0.27054494619369507,0.031033078208565712,0.007526569999754429,0.9869722723960876,1.1867434472990115,358.07826608597486,167.38187255513975
2023-05-17 14:37:06.947588,0.936895699966044,34.495567321777344,30.4813289642334,30.4813289642334,29.441665649414062,1030.8720703125,1.1365426241164756,358.08132643760985,167.38189987589644,167.280963340342,-19.655906677246094,-6.117787837982178,39.313438415527344,1.1234527800155576,358.0727564711922,167.79223032047412,0.008812496438622475,0.0010095876641571522,0.620876133441925,0.03491221368312836,-0.015679681673645973,0.987459659576416,1.0735989090985172,358.05992083819444,168.46179376481047
2023-05-17 14:37:07.226537,0.9358488000325451,34.47985076904297,30.4813289642334,30.4813289642334,29.433334350585938,1030.872802734375,0.986060643374695,358.04692213443025,168.46153421762202,168.2613960145623,-18.808439254760742,-7.814835548400879,40.58464050292969,0.9487559643970837,358.02226984728156,169.52528153933815,0.013393985107541084,0.0019258855609223247,1.4024782180786133,0.06327838450670242,-0.032806720584630966,0.9857537150382996,0.853954219377776,357.96997983998665,171.01274647640517
2023-05-17 14:37:07.509526,0.9163434999900346,34.46098709106445,30.49965476989746,30.49965476989746,29.43541717529297,1030.8662109375,0.7511318579213165,357.89199807612874,171.01105258949102,170.57168018056242,-17.162784576416016,-11.742335319519043,39.683231353759766,0.6881719745649324,357.85823815860863,172.69745361632383,0.024389559403061867,0.003758481238037348,2.057325839996338,0.08946254104375839,-0.010855165310204029,0.9859974384307861,0.6007964594424269,357.77566757484556,174.8725000367577
2023-05-17 14:37:07.790987,0.9025570000412699,35.0268440246582,30.44467544555664,30.44467544555664,29.424999237060547,1030.878173828125,0.5534996939567629,357.64763781328776,174.8712023008154,174.09896745287543,-16.516664505004883,-18.039522171020508,39.453304290771484,0.49568059516787116,357.63105539464345,175.3118314645513,0.022251533344388008,0.006201942451298237,2.191105365753174,0.10667620599269867,0.0033990959636867046,0.9842915534973145,0.42222156379884024,357.5615597139425,177.35741847945675
2023-05-17 14:37:08.015174,0.9020310000105383,34.558441162109375,30.53630828857422,30.53630828857422,29.420833587646484,1030.865966796875,0.4215578081497325,357.44127688100735,177.35735017756505,176.41653260053081,-18.877187728881836,-24.187870025634766,40.2299919128418,0.3551742124306001,357.43430624607254,177.41264738908546,0.02927648089826107,0.005896509625017643,2.0649616718292236,0.09503880143165588,-0.0012061294401064515,0.9920898675918579,0.29783352036830013,357.3961564379068,179.30148156253912
2023-05-17 14:37:08.246155,0.9020621999989089,33.74423599243164,30.463003158569336,30.463003158569336,29.414583206176758,1030.868408203125,0.2940783837482476,357.3017907577773,179.30135861913408,178.35780896643183,-24.413482666015625,-28.18152618408203,40.5675048828125,0.22149995319425908,357.29906487196826,179.59496113079624,0.0277493204921484,0.00986713357269764,1.9119398593902588,0.06618773192167282,0.01456755492836237,0.9842915534973145,0.19202275104676167,357.28572401841535,181.34128021949408
2023-05-17 14:37:08.488543,0.902291399985188,34.5552978515625,30.426349639892578,30.426349639892578,29.402084350585938,1030.873046875,0.20271597248137196,357.2543572284257,181.3413895025208,180.4475772873546,-30.90320587158203,-30.02215003967285,41.2480354309082,0.14420623751372877,357.25819515440907,181.19785990730216,0.020418936386704445,0.007118239998817444,1.7473117113113403,0.05648989602923393,0.018209444358944893,0.9864848256111145,0.08615703338695899,357.25828053177366,183.14843899085275
2023-05-17 14:37:08.726728,0.907468500032337,34.56158447265625,30.44467544555664,30.44467544555664,29.397916793823242,1030.88330078125,0.0978634240055121,357.23873295725593,183.14850729274445,182.3445120651639,-35.94284439086914,-27.739009857177734,41.54500198364258,0.041736037676028195,357.2422323619885,183.131978234953,0.020418936386704445,-0.07412683963775635,1.7079108953475952,0.04509493708610535,0.00024279257922898978,0.9818546175956726,359.9971604785028,357.1892279595951,184.3742803619516
2023-05-17 14:37:08.951634,0.9127288999716257,34.841365814208984,30.334716796875,30.334716796875,29.391666412353516,1030.87158203125,0.00575283730208399,357.1686609793437,184.3743759846,183.655170725376,-40.160526275634766,-25.20675277709961,42.1644401550293,359.9443340516459,357.16804754297885,184.614621058466,0.016448313370347023,-0.0008230081293731928,1.7735788822174072,0.06473305821418762,-0.0007236776873469353,0.9852663278579712,359.8108193146793,357.1473424648402,186.23949574125538
2023-05-17 14:37:09.175570,0.9153590999867447,34.97968673706055,30.463003158569336,30.463003158569336,29.381250381469727,1030.8603515625,359.8333212261575,357.1129624942095,186.23965966579544,185.60156973315452,-42.44686508178711,-20.678958892822266,42.08941650390625,359.7716362269582,357.12000079070583,186.60753365449233,0.020418936386704445,-0.00021214294247329235,1.754947543144226,0.06521795690059662,0.008012155070900917,0.987459659576416,359.7265862468639,357.11133925706457,188.2116309018265
2023-05-17 14:37:09.404806,0.9253695999868796,33.54304504394531,30.463003158569336,30.463003158569336,29.37291717529297,1030.872314453125,359.75778791169427,357.0827801017107,188.21182214712329,187.64516233282234,-42.92159652709961,-15.929169654846191,42.740753173828125,359.68452370079916,357.0947444587024,188.96068408772348,0.0176700409501791,0.002231318037956953,1.7659430503845215,0.06739996373653412,0.020151784643530846,0.9859974384307861,359.6259445300217,357.09286444913334,191.0750374471926
2023-05-17 14:37:09.680632,0.9345727000218176,33.57133865356445,30.426349639892578,30.426349639892578,29.37291717529297,1030.89892578125,359.69112153013526,357.0653257667301,191.07541993778614,190.5710514487157,-41.3428955078125,-10.529217720031738,42.16031265258789,359.6095533833546,357.0803965791337,192.22192183148616,0.022251533344388008,0.004063914064317942,1.6416319608688354,0.05648989602923393,0.020151784643530846,0.984535276889801,359.574894068659,357.08887305733714,194.01066641284245
2023-05-17 14:37:09.955259,0.9411821000194323,36.41947555541992,30.353044509887695,30.353044509887695,29.352083206176758,1030.89404296875,359.63839166932996,357.06942089202437,194.01093962040923,193.54166464329435,-36.989723205566406,-6.438492774963379,42.562286376953125,359.5775291876573,357.07766066148434,194.63166721218,0.016448313370347023,-0.002655603690072894,1.58024001121521,0.05915680527687073,0.01772385649383068,0.981610894203186,359.54851505099117,357.0781710046814,196.17306332293347
2023-05-17 14:37:10.214163,0.9411821000194323,36.23400115966797,30.27973747253418,30.261411666870117,29.34375,1030.91064453125,359.6211676664709,357.06477273485075,196.17325456823022,195.71609634670293,-32.29774856567383,-4.169579029083252,41.60090637207031,359.5661745317707,357.08104608743514,196.71606336194947,0.019808070734143257,0.0013150202576071024,1.4712005853652954,0.060853924602270126,0.02476484328508377,0.9881907105445862,359.55010483088137,357.08530855236404,198.1942119209886
2023-05-17 14:37:10.475447,0.9337809999815363,35.25632858276367,30.334716796875,30.334716796875,29.325000762939453,1030.91455078125,359.60788700396006,357.0578716824681,198.1945397700688,197.6903215451601,-26.91385841369629,-4.048997402191162,40.820255279541016,359.5515023516186,357.06887212901324,198.5959773083471,0.016448313370347023,0.002231318037956953,1.4629539251327515,0.06691507250070572,-0.004824517760425806,0.987459659576416,359.4334631291041,357.0708413579283,200.02426548644516
2023-05-17 14:37:10.806413,0.9222550000013143,34.517574310302734,30.371370315551758,30.371370315551758,29.316665649414062,1030.923828125,359.4551534620306,357.029612201664,200.0244567317419,199.36706468450652,-21.602514266967773,-6.553938865661621,40.45811462402344,359.38566205019777,357.05355863145064,200.36873924704557,0.021029802039265633,0.0034530486445873976,1.7186009883880615,0.06376327574253082,0.0007283777231350541,0.9828293919563293,359.33528118749757,357.0587410374834,202.05352834923428
2023-05-17 14:37:11.068291,0.9166768000122829,34.50499725341797,30.4813289642334,30.4813289642334,29.322917938232422,1030.920654296875,359.3715632590904,357.027238497484,202.0537742360444,201.07547258084514,-17.583248138427734,-11.35388469696045,40.00731658935547,359.3034014396291,357.0471591710852,201.81598803027958,0.023473260924220085,0.002536750864237547,1.732345461845398,0.05624745413661003,0.015295932069420815,0.9796612858772278,359.25135507798853,357.0551551881691,203.9393025979398
2023-05-17 14:37:11.339480,0.9004997000156436,31.417943954467773,30.316390991210938,30.316390991210938,29.31458282470703,1030.92919921875,359.3095582681965,357.04205659288834,203.93946652247985,202.6466346560015,-16.404434204101562,-17.27703857421875,39.5794563293457,359.2301867209251,357.06874491673994,203.43414180692562,0.024084126576781273,0.0034530486445873976,1.611088752746582,0.06376327574253082,0.00995449535548687,0.981610894203186,359.2042266659937,357.07346158924867,205.15127868502353
2023-05-17 14:37:11.610327,0.9001977000261832,36.312591552734375,30.334716796875,30.334716796875,29.304166793823242,1030.934326171875,359.24822786520485,357.0528406078141,205.15148359069863,203.6910252216098,-17.765583038330078,-22.736812591552734,39.33403396606445,359.1920701565707,357.0776802982782,203.71980763877224,0.018891772255301476,-0.0011284404899924994,1.4925808906555176,0.05891435965895653,0.006312606856226921,0.9879470467567444,359.1604431790624,357.08319396848566,205.2162884255437
2023-05-17 14:37:11.872863,0.9001977000261832,34.822505950927734,30.298065185546875,30.298065185546875,29.293750762939453,1030.951904296875,359.2139166233527,357.05469073530554,205.2166299350022,203.72023111050078,-21.182369232177734,-27.454349517822266,39.701969146728516,359.16015764513855,357.0778687688106,203.72775797896614,0.0176700409501791,0.009256268851459026,1.3597177267074585,0.03345753625035286,-0.013508650474250317,0.9850226640701294,359.1103153535266,357.1359774569481,205.37972119200376
2023-05-17 14:37:12.148114,0.8926143000062439,34.272369384765625,30.27973747253418,30.27973747253418,29.293750762939453,1030.95361328125,359.09898599068424,357.14836742010255,205.3796665504904,203.94641965505494,-26.563827514648438,-29.922832489013672,40.32166290283203,359.0321885548705,357.1786970885554,204.28123552816896,0.02072436921298504,0.007118239998817444,1.7882397174835205,0.05939924716949463,-0.007960454560816288,0.9840478897094727,358.97709133982676,357.1987609826857,206.04046003193247
2023-05-17 14:37:12.407253,0.8935257000084675,34.875946044921875,30.316390991210938,30.316390991210938,29.287500381469727,1030.95849609375,359.0740409658966,357.15460274248454,206.04166214522638,204.69118348215312,-32.18219757080078,-29.944480895996094,41.103118896484375,358.98023194618446,357.19462060738823,205.85407782986115,0.021029802039265633,0.006201942451298237,1.9094964265823364,0.061823710799217224,0.014324761927127838,0.9825856685638428,358.9344643426601,357.2127124978391,207.88890046663468
2023-05-17 14:37:12.681668,0.8935257000084675,32.788570404052734,30.44467544555664,30.44467544555664,29.277084350585938,1030.980712890625,359.0060239144292,357.2497146207808,207.88840869301444,206.65269086837571,-38.47995376586914,-26.736644744873047,42.26183319091797,358.93947215198216,357.28123978578185,207.23735506132883,0.01614288054406643,-0.0041827671229839325,1.7601398229599,0.06449060887098312,0.004127473570406437,0.9923335909843445,358.9053003953995,357.29732189306947,208.9582485434702
2023-05-17 14:37:12.951290,0.8947757999758323,32.96147155761719,30.188106536865234,30.188106536865234,29.262500762939453,1030.96630859375,358.9702303080837,357.2633271877967,208.95871299633376,207.84414906719275,-42.12693405151367,-21.944299697875977,42.87791061401367,358.90981109501604,357.2984177115444,208.4922793779136,0.015837447717785835,0.0010095876641571522,1.6040637493133545,0.05576256290078163,0.01918061450123787,0.9869722723960876,358.8894791159608,357.3225479161084,210.13689330740428
2023-05-17 14:37:13.223198,0.9149529000078473,33.14694595336914,30.261411666870117,30.261411666870117,29.256250381469727,1030.963623046875,358.9777793746639,357.3118426618015,210.13711187345774,209.12995949920432,-43.518898010253906,-16.663532257080078,42.960079193115234,358.92579160323976,357.4168386776005,209.58422172052354,0.01461571641266346,0.002536750864237547,1.4455442428588867,0.05236831679940224,0.018695026636123657,0.9889218211174011,358.9210813340334,357.4426760025701,211.00103518081596
2023-05-17 14:37:13.481685,0.9318539999876521,36.284297943115234,30.408023834228516,30.408023834228516,29.25208282470703,1030.972412109375,358.9959898329299,357.43655999505523,211.001158124221,210.0906256059666,-42.55511474609375,-11.584985733032227,42.732666015625,358.94690702633716,357.4649283319992,210.71841561333918,0.019502637907862663,0.002231318037956953,1.4498202800750732,0.04315537214279175,-0.008201680146157742,0.9850226640701294,358.9049671035123,357.4940362503643,212.48875966507146
2023-05-17 14:37:13.756673,0.9364424999839684,34.43898010253906,30.298065185546875,30.298065185546875,29.258333206176758,1030.961181640625,358.95168079495846,357.4682804607778,212.48914215566498,211.6367755283824,-39.45402526855469,-7.677948474884033,42.870643615722656,358.8940012347999,357.506343397475,212.55046359403335,0.022251533344388008,0.004063914064317942,1.7970972061157227,0.06667262315750122,0.061426520347595215,0.991358757019043,358.8601504971082,357.52471874077645,214.3115185884944
2023-05-17 14:37:14.015233,0.9364424999839684,34.536434173583984,30.298065185546875,30.298065185546875,29.243749618530273,1030.970947265625,358.99716804056175,357.4649827600692,214.3132124754086,213.4943957373291,-34.566017150878906,-4.759509563446045,41.909095764160156,358.92658667994783,357.49149285867213,214.67825876578908,0.018280906602740288,-0.007237092591822147,1.8557403087615967,0.0824316069483757,0.022579709067940712,0.9859974384307861,358.87830812812985,357.4707926897319,216.93131960692284
2023-05-17 14:37:14.291052,0.9307341999610799,34.542720794677734,30.261411666870117,30.261411666870117,29.229167938232422,1030.968994140625,358.9678114606222,357.38151870218525,216.93302715421535,216.07133048852654,-27.783748626708984,-4.142655849456787,40.85780715942383,358.90370223785544,357.427939442549,217.1716329826806,0.021335234865546227,-0.00021214294247329235,1.8328328132629395,0.0853409618139267,0.01068287342786789,0.9869722723960876,358.8723449460976,357.4318761928319,219.1740668624099
2023-05-17 14:37:14.565583,0.9144111999612505,36.249717712402344,30.334716796875,30.334716796875,29.227083206176758,1030.9853515625,358.94516244661276,357.34339834921036,219.1754329002439,218.14744844902197,-21.21079444885254,-6.724567413330078,40.13732147216797,358.8713029153623,357.38584648079814,219.22141373373643,0.02011350356042385,0.0804220661520958,1.7772440910339355,0.07055176049470901,0.012382421642541885,0.9918461441993713,358.8483301076975,357.46251300635396,220.9543146884387
2023-05-17 14:37:14.840215,0.9125674999959301,35.22803497314453,30.261411666870117,30.261411666870117,29.21666717529297,1030.995361328125,358.9219860139333,357.4032384903025,220.95524359416584,219.60083074213063,-17.343666076660156,-11.406421661376953,39.778724670410156,358.8685405307299,357.4402150000348,219.97151876876558,0.019808070734143257,-0.0011284404899924994,1.617808222770691,0.07152154296636581,0.015295932069420815,0.9835605025291443,358.85772545978773,357.44409881635164,221.6971387418126
2023-05-17 14:37:15.115987,0.9054581000109465,33.53361129760742,30.22475814819336,30.22475814819336,29.204166412353516,1030.985107421875,358.94477856863705,357.3639480405454,221.6986687041867,220.04449250985797,-16.408830642700195,-17.412931442260742,39.38870620727539,358.9023621333959,357.3164112045826,219.64134742428715,0.014004850760102272,0.0019258855609223247,1.259230375289917,0.05915680527687073,0.006312606856226921,0.9928209781646729,358.8845040702024,357.3409571969123,220.86702487084594
2023-05-17 14:37:15.380916,0.9050465999971493,33.46759796142578,30.22475814819336,30.22475814819336,29.202083587646484,1030.9970703125,358.9147317127045,357.32549386207484,220.86721611614269,219.09801953619098,-17.287166595458984,-22.040136337280273,38.83639144897461,358.8632710397852,357.35011776124975,218.71317935759578,0.017975473776459694,0.000704155070707202,1.3978967666625977,0.07515823841094971,-0.016644585877656937,0.9806361198425293,358.86432619729027,357.3610447832613,220.08237273899488
2023-05-17 14:37:15.652145,0.9010570999871561,34.83193588256836,30.169780731201172,30.169780731201172,29.195833206176758,1031.011474609375,358.9133696235736,357.3557411413708,220.08183998423962,218.30129162988732,-20.202491760253906,-26.075157165527344,40.22748947143555,358.85981560439546,357.3975852281038,218.08769795416268,0.017364608123898506,-0.00632079504430294,1.4452388286590576,0.06521795690059662,-0.048245180398225784,0.9947705268859863,358.8334499002604,357.3863482862587,219.6334790463633
2023-05-17 14:37:15.923520,0.8978277999867714,32.7256965637207,30.22475814819336,30.22475814819336,29.18958282470703,1031.010986328125,358.82950247780695,357.36656528365796,219.63312387652647,217.89102948720134,-24.776700973510742,-29.41737174987793,40.79092788696289,358.7839393530709,357.395211097037,217.5224588192091,0.01858633942902088,9.328988380730152e-05,1.3502492904663086,0.04945896565914154,0.016024310141801834,0.9850226640701294,358.77638932599535,357.41746940288164,218.84946895229422
2023-05-17 14:37:16.181953,0.8943225999937567,35.378929138183594,30.206432342529297,30.206432342529297,29.18541717529297,1031.01171875,358.8530238350395,357.40651249879244,218.84966019759096,217.1974784184999,-29.753393173217773,-30.348785400390625,40.61640167236328,358.8070378789051,357.429877508726,216.90772813352962,0.01614288054406643,-0.001739306142553687,1.221356749534607,0.04000357538461685,0.013353591784834862,0.9867285490036011,358.7932290506723,357.4582550237367,218.38882733429023
2023-05-17 14:37:16.457202,0.8969632999887835,33.64992904663086,30.22475814819336,30.22475814819336,29.18541717529297,1031.018310546875,358.8744379721914,357.45270698914,218.38893661731694,216.8408879023119,-34.61423873901367,-29.593250274658203,41.1103630065918,358.8405434786003,357.46849155631185,216.42525723093826,0.015226582065224648,0.07706230878829956,1.107124924659729,0.013819416984915733,0.01456755492836237,0.9859974384307861,358.85250836920056,357.57381734218166,217.50960440319116
2023-05-17 14:37:16.715563,0.9026402999788843,33.612205505371094,30.206432342529297,30.206432342529297,29.172916412353516,1031.031005859375,358.93339627182866,357.6308750349607,217.50862085595068,216.06174090293186,-38.08964538574219,-27.818490982055664,41.20046615600586,358.8964400392204,357.5610365641407,215.9197139493306,0.014004850760102272,0.00039872247725725174,0.9733453989028931,0.02448703721165657,0.007040984462946653,0.9818546175956726,358.8981923029076,357.59527907721434,216.95752021257903
2023-05-17 14:37:16.990089,0.9040934999811725,34.489280700683594,30.151453018188477,30.151453018188477,29.177082061767578,1031.014892578125,358.9510062070562,357.6357669445103,216.9570694200938,215.6084622288531,-40.95215606689453,-25.27846908569336,41.869483947753906,358.91677959551674,357.6564109778332,215.3545977577821,0.012172255665063858,-0.001739306142553687,1.0744435787200928,0.029093509539961815,-0.0176094900816679,0.9852663278579712,358.89668283110103,357.68478144921136,216.40503987099504
2023-05-17 14:37:17.259208,0.9031768999884662,34.83193588256836,30.169780731201172,30.169780731201172,29.177082061767578,1031.018798828125,358.88512583086026,357.7014434822482,216.40505353137337,215.15876257389948,-42.95199966430664,-21.741111755371094,42.05170440673828,358.8224427302478,357.7336574291383,215.73986140810584,-0.0009613465517759323,-0.012734879739582539,1.6813383102416992,0.07030931115150452,0.005827021785080433,0.984535276889801,358.7496546849235,357.6602612835344,217.3846665828933
2023-05-17 14:37:17.526993,0.9028748000000633,34.35095977783203,30.22475814819336,30.22475814819336,29.168750762939453,1031.03076171875,358.8060555056034,357.609424185542,217.38530862067526,216.22988649991922,-43.60317611694336,-16.887184143066406,42.86676025390625,358.7545109494234,357.6511047746218,216.88938224541897,0.02377869375050068,0.002842183457687497,1.8132851123809814,0.06352083384990692,0.026464389637112617,0.9794176816940308,358.7619254399325,357.658968670234,218.70767422512475
2023-05-17 14:37:17.789558,0.9118330999863247,34.822505950927734,30.243085861206055,30.243085861206055,29.160415649414062,1031.024658203125,358.8633128746939,357.6041890589866,218.708849017662,217.6483528659908,-42.55500030517578,-11.27548885345459,43.42402648925781,358.81204088575043,357.64356723398583,218.3920648439568,0.017364608123898506,0.004063914064317942,1.6410211324691772,0.05891435965895653,0.029377900063991547,0.9862411618232727,358.8034105148473,357.67208199311017,220.3863024966821
2023-05-17 14:37:18.064915,0.9250986999868474,34.93567657470703,30.27973747253418,30.27973747253418,29.149999618530273,1031.028564453125,358.90567968434186,357.6271002882272,220.3872860439226,219.40084280323265,-38.8612060546875,-6.714364051818848,42.689754486083984,358.84280992746596,357.66427658099275,220.454795633679,0.016448313370347023,-0.0011284404899924994,1.552140235900879,0.05891435965895653,0.018209444358944893,0.9840478897094727,358.83394135371555,357.6752262280059,222.14636028352436
2023-05-17 14:37:18.339807,0.9281403999702889,34.99226379394531,30.243085861206055,30.243085861206055,29.137500762939453,1031.019775390625,358.9267782454097,357.62932778367025,222.14727552887314,221.18895900718533,-33.45148468017578,-4.16557502746582,42.400604248046875,358.88345713026865,357.6562786429181,221.6935870434442,0.01705917902290821,0.002536750864237547,1.457761526107788,0.05891435965895653,0.02355087921023369,0.9828293919563293,358.8929473579553,357.6628159877274,223.12497612742544
2023-05-17 14:37:18.609835,0.9281403999702889,33.88570022583008,30.188106536865234,30.188106536865234,29.137500762939453,1031.009521484375,358.97185343850697,357.62387302384434,223.12565914634243,222.14604609482254,-27.729957580566406,-3.8935627937316895,41.31522750854492,358.9287229283325,357.64999252100415,222.69084930377943,0.018891772255301476,-0.00021214294247329235,1.4287455081939697,0.05867191031575203,0.0014567554462701082,0.9842915534973145,358.9119993168714,357.65029753163924,224.1766613350673
2023-05-17 14:37:18.881355,0.913010199998098,33.55561828613281,30.22475814819336,30.22475814819336,29.137500762939453,1031.011474609375,358.95783479540063,357.6012830269382,224.17713944830922,223.09806518209558,-22.882173538208008,-5.517056465148926,40.73097610473633,358.9063624898154,357.6416274602616,223.83619006532052,0.022862398996949196,0.002842183457687497,1.771746277809143,0.0872805267572403,0.009711703285574913,0.9872159361839294,358.87750952960545,357.64565086856953,225.95016093419616
2023-05-17 14:37:19.156923,0.9065154000163602,33.775672912597656,30.078147888183594,30.078147888183594,29.133333206176758,1031.028076171875,358.9464341424588,357.5372824468679,225.95175919846193,224.6013624976587,-18.464887619018555,-9.53759479522705,39.74252700805664,358.8787452602367,357.4817504475947,225.36123470320098,0.019502637907862663,-0.007237092591822147,1.6495732069015503,0.0858258530497551,0.005827021785080433,0.990384042263031,358.85317228493227,357.4742888928133,227.1665083423487
2023-05-17 14:37:19.427587,0.8976560000301106,36.296871185302734,30.188106536865234,30.188106536865234,29.120834350585938,1031.025634765625,358.9189847861233,357.3845419146666,227.16776509715598,225.50647184571213,-16.8186092376709,-15.147076606750488,39.90609359741211,358.8510974015284,357.4256182454483,225.77207058177723,0.015226582065224648,-0.0011284404899924994,1.5313708782196045,0.06667262315750122,0.011896836571395397,0.984535276889801,358.8293788940717,357.43059809368344,227.2677317458483
2023-05-17 14:37:19.699229,0.8952339999959804,35.11172103881836,30.11480140686035,30.11480140686035,29.116666793823242,1031.041259765625,358.8926592093497,357.38740717902346,227.26833280249525,225.41841704693232,-17.167797088623047,-20.342540740966797,39.569095611572266,358.8300714112205,357.42482231496655,225.3717258737661,0.015226582065224648,-0.001739306142553687,1.3783490657806396,0.054792776703834534,0.0036418887320905924,0.9862411618232727,358.8140380757524,357.4376167533859,226.87604771770475
2023-05-17 14:37:19.973938,0.8945778999768663,35.5581169128418,30.206432342529297,30.206432342529297,29.102083206176758,1031.0634765625,358.8559201554127,357.4149360430298,226.87625262337983,224.96967361846248,-19.584138870239258,-25.000675201416016,39.882904052734375,358.80473450432925,357.45386620030814,224.7879359450268,0.01308855228126049,-0.00021214294247329235,1.4455442428588867,0.07540068030357361,-0.037631239742040634,0.9867285490036011,358.7483578027548,357.4870261283983,226.19718155571883
2023-05-17 14:37:20.248096,0.892286200019953,34.891666412353516,30.169780731201172,30.169780731201172,29.102083206176758,1031.068359375,358.745374290748,357.4612031041372,226.19681272550366,224.30539674054373,-23.719484329223633,-28.81310272216797,40.213687896728516,358.67725862842445,357.415261330789,224.54621555030002,0.017975473776459694,-0.0035719017032533884,1.5955116748809814,0.06861218810081482,0.007283777464181185,0.9923335909843445,358.64559098994624,357.42780902862455,226.29852790262348
2023-05-17 14:37:20.519712,0.8897913999826415,35.957359313964844,30.078147888183594,30.078147888183594,29.09166717529297,1031.0703125,358.7133530832585,357.40208055979474,226.29892405359533,224.4993467922154,-29.27960968017578,-30.01493263244629,41.32133483886719,358.6507856689751,357.45115653619837,224.57762076010374,0.018280906602740288,0.003758481238037348,1.4415736198425293,0.04097335785627365,0.014324761927127838,0.9828293919563293,358.6513683694887,357.4873405305436,225.98332833280574
2023-05-17 14:37:20.791576,0.891853799999808,36.834434509277344,30.078147888183594,30.078147888183594,29.09375,1031.072509765625,358.7327021554035,357.48960537858363,225.9832873516707,224.30345696681943,-35.014522552490234,-28.806907653808594,42.06718063354492,358.6957001391835,357.5194720882768,223.9498307527312,0.016753746196627617,0.0013150202576071024,1.2928279638290405,0.037094224244356155,0.010925665497779846,0.987459659576416,358.7026855017137,357.55267577226635,225.21994541003008
2023-05-17 14:37:21.050107,0.8924006999914127,34.22835922241211,30.096473693847656,30.096473693847656,29.087499618530273,1031.073974609375,358.7868050443145,357.5688417628147,225.21963122132826,223.66100937348804,-39.259456634521484,-26.365571975708008,42.06060791015625,358.74890315067137,357.5989488097893,223.3961892789883,0.011255957186222076,0.003758481238037348,1.1685168743133545,0.03151796758174896,0.010440080426633358,0.9828293919563293,358.7408733028067,357.641299397738,224.63935200982232
2023-05-17 14:37:21.325210,0.8959112000193272,32.06867599487305,30.188106536865234,30.188106536865234,29.083332061767578,1031.065185546875,358.79707124552385,357.6588243824878,224.63913344376888,223.18958971697376,-41.6516227722168,-23.08633041381836,42.913307189941406,358.76977439450593,357.6956741068336,223.07825763350255,0.025916723534464836,0.008950836025178432,1.3392536640167236,0.035881996154785156,-0.0012061294401064515,0.9852663278579712,358.7617813656297,357.73738820652903,224.39039161457535
2023-05-17 14:37:21.594315,0.89845800000694,34.94196319580078,30.169780731201172,30.169780731201172,29.079166412353516,1031.053466796875,358.8229313022169,357.73362477229637,224.3904735768454,223.0532181600053,-43.20134735107422,-18.823955535888672,42.95977020263672,358.7824722497815,357.77073212283995,223.34172535054662,0.0176700409501791,0.00681280717253685,1.4730331897735596,0.04800429195165634,0.018695026636123657,0.9867285490036011,358.787144739504,357.81329892896457,225.14078351754964
2023-05-17 14:37:21.865954,0.9025570999947377,33.190956115722656,30.11480140686035,30.11480140686035,29.066665649414062,1031.068603515625,358.87901366532674,357.7931957612465,225.1411796685215,223.90005233406015,-43.1611213684082,-13.80982494354248,42.77814483642578,358.8436196250478,357.82558921404575,224.1275795956916,0.0176700409501791,0.002536750864237547,1.3218441009521484,0.04097335785627365,0.018937820568680763,0.9867285490036011,358.8497133277262,357.8600496528426,225.86542560735296
2023-05-17 14:37:22.136838,0.9140154000087932,34.76277542114258,30.151453018188477,30.151453018188477,29.070833206176758,1031.054443359375,358.9478415883147,357.8517467041328,225.86558953189305,224.69687586301217,-41.313629150390625,-9.861008644104004,42.11955642700195,358.91067895592744,357.9811179575322,225.0574278889188,0.01614288054406643,0.002842183457687497,1.1831777095794678,0.03903379291296005,0.02622159756720066,0.987459659576416,358.9387417486278,358.002032637101,226.21268608513475
2023-05-17 14:37:22.408481,0.9187133999839716,32.67854309082031,30.188106536865234,30.188106536865234,29.06041717529297,1031.051025390625,359.03268715867995,357.99040701480345,226.21291831156654,225.1148287987036,-38.70349884033203,-6.5410943031311035,42.24848556518555,359.00026563807205,358.0213048696179,225.5201458844305,0.01308855228126049,0.0016204528510570526,1.1520235538482666,0.03879134729504585,0.008740533143281937,0.9825856685638428,358.99735832536317,358.04096194060577,226.77609472939076
2023-05-17 14:37:22.683970,0.9190883000210306,35.25632858276367,30.078147888183594,30.078147888183594,29.054166793823242,1031.077880859375,359.07204655065897,358.0069512270771,226.77670944641608,225.7259121633663,-35.23922348022461,-4.111367702484131,41.6795654296875,359.0420524152491,358.040397809669,225.97051489792278,0.014921149238944054,-0.07290510833263397,1.299852967262268,0.05018630623817444,0.021122954785823822,0.9813672304153442,359.0408714328529,357.9822494210569,227.2380067625804
2023-05-17 14:37:22.950012,0.9190883000210306,35.114864349365234,30.243085861206055,30.243085861206055,29.045833587646484,1031.070068359375,359.12688528573136,357.94505114362,227.23868978149738,226.19684004626032,-30.848163604736328,-3.4463233947753906,41.538490295410156,359.0876526791388,357.97682838529005,226.82718454438248,0.0176700409501791,0.00681280717253685,1.2812215089797974,0.04315537214279175,0.014810346998274326,0.9835605025291443,359.10635747234596,357.9913235408127,228.2270044940199
2023-05-17 14:37:23.225005,0.9162653999974282,34.1874885559082,30.133127212524414,30.133127212524414,29.035415649414062,1031.068603515625,359.18295569601014,357.9606809643185,228.22752358839682,227.13246667952535,-25.24858283996582,-3.9219045639038086,40.87860107421875,359.14699869873317,357.99127957146993,227.59137342948017,0.015226582065224648,-0.005404497496783733,1.238155484199524,0.06036903336644173,0.017238274216651917,0.9838041663169861,359.14678915066384,357.9838730850887,228.7978853652279
2023-05-17 14:37:23.500443,0.9124164000022574,34.45155715942383,30.00484275817871,30.00484275817871,29.037500381469727,1031.060546875,359.2273180948345,357.91774618175236,228.7990464973868,227.58197508918224,-21.520946502685547,-5.978076457977295,39.953956604003906,359.1840991123659,357.93686729633384,227.9058763200026,0.02377869375050068,0.004674779251217842,1.1969220638275146,0.046549614518880844,-0.004824517760425806,0.9735689163208008,359.2000679345628,357.9479490648188,229.2144312819503
2023-05-17 14:37:23.775585,0.9013226999977633,34.94196319580078,30.11480140686035,30.11480140686035,29.024999618530273,1031.05712890625,359.20775499230854,357.91926483162564,229.21447226308533,227.79388853837105,-18.386552810668945,-9.250442504882812,39.42334747314453,359.1621377063068,357.94933281845596,228.20428728484043,0.019808070734143257,-0.0041827671229839325,1.5222078561782837,0.0817042738199234,-0.0246050413697958,0.9952579140663147,359.12490180946855,357.92560794293047,229.69367833525342
2023-05-17 14:37:24.052396,0.8933018000116135,34.16862869262695,30.169780731201172,30.169780731201172,29.022916793823242,1031.05517578125,359.13179950011744,357.8419078166334,229.69367833525342,228.00208636465138,-16.635448455810547,-14.08095932006836,39.14873504638672,359.0878499008511,357.8753714746982,228.10105580572485,0.02011350356042385,0.008339970372617245,1.6740078926086426,0.06933953613042831,0.005827021785080433,0.9772243499755859,359.0648792276204,357.8855636110438,229.92869148421522
2023-05-17 14:37:24.327093,0.8915465999743901,34.96711349487305,30.05982208251953,30.05982208251953,29.018749237060547,1031.055908203125,359.1060203918383,357.81877353902775,229.9293062012405,228.02174364908268,-17.035358428955078,-20.133464813232422,38.85890579223633,359.0668415196246,357.85628066908123,227.74928740309088,0.015226582065224648,-0.0014338733162730932,1.522818684577942,0.06352083384990692,0.0009711703169159591,0.9881907105445862,359.047870242318,357.8503661521468,229.23585075518747
2023-05-17 14:37:24.595254,0.8946091000107117,34.61502456665039,30.078147888183594,30.078147888183594,29.016666412353516,1031.06298828125,359.0947981242277,357.8028244069855,229.2363015476727,227.2523364994591,-19.495059967041016,-25.495975494384766,38.915000915527344,359.06001698670497,357.8198802431167,226.58703509316481,0.012172255665063858,0.01383775845170021,1.278472661972046,0.04873162880539894,0.005341436713933945,0.9998881816864014,359.0561728708627,357.8338345330344,227.86930748718632
2023-05-17 14:37:24.858012,0.8932081000020844,36.41318893432617,30.133127212524414,30.133127212524414,29.010417938232422,1031.07861328125,359.14702393841657,357.8136024454958,227.86964899664483,225.94095383919498,-23.410667419433594,-28.402292251586914,39.659706115722656,359.12005792468653,357.83003908229,225.11894057258394,0.013393985107541084,0.0034530486445873976,0.9739562273025513,0.028608618304133415,0.021851330995559692,0.9879470467567444,359.1518298302713,357.8552870900004,226.0884722648889
2023-05-17 14:37:25.129230,0.8931559000084235,34.822505950927734,30.078147888183594,30.078147888183594,29.00208282470703,1031.07421875,359.24691097271636,357.87759811636766,226.08800781202535,224.23561952798286,-27.00954246520996,-30.219751358032227,39.99720001220703,359.23515034746094,357.8811171578941,222.88893845008815,0.006979901343584061,0.0016204528510570526,0.43242424726486206,0.022305024787783623,0.03326258063316345,0.9925772547721863,359.29159161566736,357.8961346094448,223.32261448124893
2023-05-17 14:37:25.391762,0.8898694999752479,35.00483703613281,30.023168563842773,30.023168563842773,28.993749618530273,1031.07763671875,359.388025509094,357.92382099468887,223.32204074535863,221.56552099650645,-29.4492244720459,-30.370479583740234,40.42089080810547,359.390555187047,357.92476163980365,219.83793392897846,-0.000149652361869812,-0.001799289369955659,-0.023678820580244064,0.01769855059683323,0.01383917685598135,0.9857537150382996,359.4231148055422,357.94126679193295,219.81462932353037
2023-05-17 14:37:25.666760,0.8897549000048457,36.12083053588867,30.096473693847656,30.096473693847656,28.995834350585938,1031.071044921875,359.4637091811005,357.984575954243,219.8142604933152,218.152953581493,-30.456253051757812,-30.394603729248047,40.80320358276367,359.46406515135016,357.98462718066173,216.47242651734638,-0.004064491949975491,0.000496305525302887,-0.04442296922206879,0.018183445557951927,0.0029135108925402164,0.9855100512504578,359.4750094089172,358.0044276856222,216.4251342875332
2023-05-17 14:37:25.941603,0.889692400029162,35.96678924560547,29.94986343383789,29.94986343383789,28.987499237060547,1031.059326171875,359.5005295036164,358.0455721048521,216.42491572147978,214.82509417256603,-30.31353187561035,-30.525405883789062,41.17338943481445,359.49910668983495,358.046493113173,213.25216990860378,0.000502435490489006,-0.0005329339765012264,-0.005909595638513565,0.015274092555046082,0.006069814320653677,0.9852663278579712,359.51290815427,358.0652968374015,213.24629594591758
2023-05-17 14:37:26.200587,0.88561939999272,35.0268440246582,29.986515045166016,29.986515045166016,28.983333587646484,1031.065185546875,359.5419329364263,358.10591661272576,213.24605005910746,211.70927115623292,-30.088579177856445,-30.25538444519043,40.78984069824219,359.5432989208994,358.10949755284156,210.19869285901456,0.00039349496364593506,0.0005415866617113352,-0.0023486725986003876,0.01624387688934803,0.0048558516427874565,0.9862411618232727,359.55571617813007,358.12891855541625,210.19628863242673
2023-05-17 14:37:26.474687,0.8884371999793075,34.495567321777344,30.151453018188477,30.151453018188477,28.991666793823242,1031.080078125,359.58561629171714,358.16649825622966,210.1960427456166,208.72038037543535,-30.45401954650879,-30.375226974487305,40.223819732666016,359.58704332100604,358.1682950228682,207.27087762977524,-0.0002519451081752777,0.00230091018602252,-0.0034027481451630592,0.01600143127143383,0.0024279258213937283,0.9855100512504578,359.59909969878856,358.186728636221,207.26713468611007
2023-05-17 14:37:26.745965,0.8907549000250583,34.21263885498047,30.078147888183594,30.078147888183594,28.991666793823242,1031.095703125,359.62139823871627,358.2226002561334,207.26697076156998,205.8520424334885,-30.51784896850586,-30.469451904296875,40.7874870300293,359.6223822662044,358.22239342946756,204.46110172977208,0.0008967556059360504,0.0016131434822455049,-0.0033364202827215195,0.015031646937131882,0.0031563034281134605,0.9859974384307861,359.6342952366948,358.24059780459635,204.45768663518706
2023-05-17 14:37:27.008641,0.889692400029162,34.24093246459961,30.096473693847656,30.096473693847656,29.0,1031.093017578125,359.654344483271,358.27539580414856,204.45753637102533,203.10416170774397,-30.520627975463867,-29.995084762573242,41.07575988769531,359.65466582232716,358.27650090741196,201.77788923508925,-0.0006805956363677979,-0.00031502777710556984,-0.0020687002688646317,0.01769855059683323,0.0016995479818433523,0.9867285490036011,359.66689564956204,358.2912356531641,201.77578553682488
2023-05-17 14:37:27.284154,0.887458000011975,35.03313064575195,30.05982208251953,30.05982208251953,29.0,1031.086669921875,359.68539991268403,358.320485084511,201.7756625934198,200.4722302733496,-30.432552337646484,-30.10962677001953,41.29795455932617,359.6859226889598,358.32123373727705,199.18953440759955,-0.0018337946385145187,0.0014987500617280602,-0.002999615855515003,0.01745610684156418,0.0016995479818433523,0.987459659576416,359.6920256497462,358.33610668763816,199.1862012752846
2023-05-17 14:37:27.558826,0.887458000011975,34.904239654541016,30.096473693847656,30.096473693847656,29.004165649414062,1031.087158203125,359.71320497246495,358.36238317242714,199.18607833187951,197.9321648832919,-30.28829574584961,-30.118324279785156,40.876399993896484,359.71180699816045,358.3634772833548,196.70147407788232,0.0003726966679096222,-9.495951235294342e-05,-0.004014566540718079,0.01575898379087448,0.005098644178360701,0.9862411618232727,359.724515232122,358.3794678234189,196.69745792665034
2023-05-17 14:37:27.828419,0.8849580999831232,37.475738525390625,30.22475814819336,30.22475814819336,29.0,1031.075927734375,359.74574036513286,358.40880295229556,196.6973349832453,195.49184757587307,-30.437000274658203,-30.128324508666992,40.87409591674805,359.7480756761792,358.41211602092983,194.3103477928659,0.0018154066056013107,-0.0017313717398792505,-0.0025344640016555786,0.01672876812517643,0.0036418887320905924,0.9852663278579712,359.75785474616254,358.42150432938746,194.30767035871128
2023-05-17 14:37:28.099968,0.8909112000092136,36.359745025634766,30.078147888183594,30.078147888183594,29.004165649414062,1031.067626953125,359.7755211638529,358.4466026065446,194.30758839644125,193.1508958604996,-30.55940818786621,-30.150405883789062,40.74211883544922,359.77305098325087,358.4478900972031,192.01865540178656,-0.0014421436935663223,0.00031853397376835346,-0.002863244153559208,0.01697121374309063,0.0036418887320905924,0.9859974384307861,359.7796641138116,358.46014185574853,192.01519932606655
2023-05-17 14:37:28.375593,0.8906403000091814,35.944786071777344,30.078147888183594,30.078147888183594,29.00208282470703,1031.051513671875,359.79704561122793,358.4851916812513,192.01510370341816,190.90261615178483,-30.49962615966797,-30.38434600830078,40.794925689697266,359.79746306652027,358.4851916812513,189.80664399756458,0.0005670525133609772,0.000907641020603478,-0.00227262731641531,0.01769855059683323,0.002185133285820484,0.9864848256111145,359.8058487645727,358.49815281897503,189.80411682757168
2023-05-17 14:37:28.646282,0.8906403000091814,34.79106903076172,30.078147888183594,30.078147888183594,29.010417938232422,1031.060546875,359.8188258171708,358.5188779607944,189.8040621860583,188.72646324070539,-30.25578498840332,-30.51969337463379,40.55253601074219,359.81765218523213,358.5197777314958,187.66729214573317,-0.0018207505345344543,0.0009110876126214862,-0.0038666846230626106,0.01672876812517643,0.0024279258213937283,0.9877033233642578,359.823588380013,358.5322139051488,187.66346723979797
2023-05-17 14:37:28.909233,0.8865465000108088,36.950748443603516,30.169780731201172,30.169780731201172,29.004165649414062,1031.05615234375,359.8364274814662,358.55355461776713,187.66341259828462,186.63217697701774,-30.374588012695312,-30.501632690429688,40.506046295166016,359.83554737423907,358.5554938578829,185.61477931900933,0.0003305971622467041,-0.001845410792157054,0.0005687372758984566,0.01648632250726223,0.0029135108925402164,0.9855100512504578,359.84232082748224,358.56236214670184,185.61547599830467
2023-05-17 14:37:29.184898,0.8912861999997403,36.529502868652344,30.11480140686035,30.11480140686035,29.006250381469727,1031.0703125,359.8546814021469,358.5802088973946,185.61543501716966,184.622052304283,-30.117877960205078,-30.109031677246094,40.47856140136719,359.854935106322,358.58110824120917,183.64956997025658,0.0011366810649633408,0.0012080174637958407,-0.001393650658428669,0.01575898379087448,0.0024279258213937283,0.9859974384307861,359.862039516915,358.59116772247444,183.64819027204425
2023-05-17 14:37:29.443671,0.8912861999997403,35.0394172668457,30.151453018188477,30.151453018188477,29.0,1031.08349609375,359.87418443369273,358.6092614271943,183.64814929090923,182.69753722260518,-30.177906036376953,-30.124059677124023,40.52350997924805,359.87418172562946,358.6091765834382,181.7625116459871,-0.0006484910845756531,0.0008266720687970519,0.0002322094514966011,0.01575898379087448,0.0029135108925402164,0.987459659576416,359.880500984633,358.6181486772433,181.7627438724189
2023-05-17 14:37:29.718114,0.8911768000198208,34.549007415771484,30.00484275817871,30.00484275817871,29.010417938232422,1031.0849609375,359.89442421853437,358.63496801807446,181.76268923090555,180.86126818500392,-30.895627975463867,-30.12015151977539,40.75210189819336,359.8940279541707,358.6348776247896,179.9764135355631,0.0008630827069282532,-0.0003704712726175785,-0.0015565883368253708,0.01648632250726223,0.0024279258213937283,0.9850226640701294,359.90124478941067,358.6423400333447,179.97486991281068
2023-05-17 14:37:29.994319,0.8891091000132292,36.24657440185547,30.151453018188477,30.151453018188477,29.010417938232422,1031.087158203125,359.9124410902962,358.658475928372,179.97484259205402,179.09928064235007,-30.40715980529785,-30.24481201171875,40.956581115722656,359.9105790033036,358.6587140244976,178.2395100900072,9.394437074661255e-05,0.0011196803534403443,-8.0084428191185e-06,0.01697121374309063,0.0024279258213937283,0.987459659576416,359.91641816804366,358.6686931443184,178.23948276925051
2023-05-17 14:37:30.268869,0.8874841000088054,34.033451080322266,30.096473693847656,30.096473693847656,29.00208282470703,1031.085205078125,359.92669594855806,358.68401251157485,178.2394417881155,177.39674670869766,-30.627029418945312,-30.46367073059082,41.359169006347656,359.9271196003795,358.68570309011614,176.57053970593626,-0.0025677941739559174,0.0020090562757104635,-0.00029733777046203613,0.01745610684156418,0.0036418887320905924,0.9859974384307861,359.92865062330054,358.695849763015,176.57023917761276
2023-05-17 14:37:30.527690,0.8898747000112053,33.75052261352539,30.05982208251953,30.05982208251953,29.022916793823242,1031.07861328125,359.93840435354883,358.7086990563911,176.5702118568561,175.7627195724205,-30.52079200744629,-30.11277961730957,40.854705810546875,359.93919063238627,358.7108503525362,174.97551294981986,-0.001331876963376999,-0.0007446848321706057,-0.0015150001272559166,0.01648632250726223,0.002185133285820484,0.9872159361839294,359.9420990856834,358.71497984221975,174.97384638366236
2023-05-17 14:37:30.802652,0.8888174000057916,33.379573822021484,30.05982208251953,30.05982208251953,29.010417938232422,1031.072021484375,359.9499627044862,358.7268343825762,174.97383272328403,174.2045211963088,-30.556201934814453,-29.94356918334961,41.42670822143555,359.9491800475166,358.72607260304034,173.44994921756248,0.0010770335793495178,-0.001313594402745366,-0.00026485975831747055,0.01648632250726223,0.0029135108925402164,0.9862411618232727,359.9543576810881,358.72946379196327,173.44968967037403
2023-05-17 14:37:31.072159,0.8851038999873708,34.73762893676758,30.078147888183594,30.078147888183594,29.010417938232422,1031.0732421875,359.9631292014523,358.7412642244149,173.44966234961734,172.70309535257826,-30.626319885253906,-30.18768310546875,41.01689529418945,359.96559476634053,358.73981163527753,171.9746146964614,0.00010286644101142883,-0.0011717395391315222,3.5381875932216644e-05,0.01672876812517643,0.0026707183569669724,0.987459659576416,359.97088357391397,358.74412511318184,171.97464201721806
2023-05-17 14:37:31.334429,0.8867185000108293,34.857086181640625,30.11480140686035,30.11480140686035,29.016666412353516,1031.067138671875,359.97873622539396,358.7545538515491,171.97462835683973,171.2540433994034,-30.516632080078125,-30.326061248779297,41.2153205871582,359.97995325304623,358.7525208030539,170.54911323554472,0.002168862149119377,-0.00011998740956187248,-0.0010400526225566864,0.01600143127143383,0.0033990959636867046,0.9862411618232727,359.9863571565365,358.7578788730144,170.5480887071692
2023-05-17 14:37:31.609778,0.8887600999751157,34.77220916748047,30.096473693847656,30.096473693847656,29.020832061767578,1031.070556640625,359.9944067087299,358.77019637213056,170.54807504679087,169.8546196007378,-30.34212875366211,-30.327463150024414,40.704647064208984,359.9939826166814,358.7701136628086,169.17426445751283,-0.0015216842293739319,0.0005372981540858746,0.00019290205091238022,0.01721366122364998,0.004127473570406437,0.9869722723960876,359.99695755364087,358.77665538320787,169.17446936318794
2023-05-17 14:37:31.884384,0.8907028000303399,34.244075775146484,30.133127212524414,30.133127212524414,29.020832061767578,1031.066162109375,0.005734879707559608,358.78666086329,169.17444204243125,168.50673640954915,-30.428556442260742,-30.331775665283203,40.828311920166016,0.005760466236520711,358.78512588499575,167.8528004380338,0.0011952370405197144,-0.0006535295397043228,0.0002983752638101578,0.01648632250726223,0.0029135108925402164,0.9867285490036011,0.009301106818810728,358.790716181388,167.85308730597893
2023-05-17 14:37:32.143365,0.8905205000028218,34.0963249206543,30.11480140686035,30.11480140686035,29.020832061767578,1031.078857421875,0.014486449365993545,358.80035517913245,167.8530736456006,167.2119237882115,-30.43651008605957,-30.472400665283203,41.1258659362793,0.015395955088036196,358.7982680227325,166.58238525241143,-0.001582542434334755,-0.0036956691183149815,-0.00025907065719366074,0.01624387688934803,0.005098644178360701,0.987459659576416,0.01757875914928397,358.79848520140376,166.58204374295292
2023-05-17 14:37:32.419271,0.8905205000028218,34.79735565185547,30.041494369506836,30.041494369506836,29.024999618530273,1031.07763671875,0.026286795106274,358.80843049044387,166.58201642219623,165.9647449061455,-30.573854446411133,-30.633874893188477,41.42559051513672,0.023899357176770258,358.8052586146263,165.3595628249257,0.0005957689136266708,-0.0022915250156074762,0.0019012968987226486,0.01697121374309063,0.0024279258213937283,0.9864848256111145,0.02895007029210978,358.8058270144313,165.36142063637993
2023-05-17 14:37:32.678210,0.890510200020799,34.66218185424805,30.151453018188477,30.151453018188477,29.018749237060547,1031.078369140625,0.03475906280487298,358.81485321614116,165.3614069760016,164.77933825493312,-30.828479766845703,-30.306882858276367,41.210750579833984,0.034413247792554724,358.81286595125783,164.20810221388828,0.0002448614686727524,-0.004093807656317949,0.0004623299464583397,0.015274092555046082,0.0031563034281134605,0.9864848256111145,0.03646537612765307,358.81323382097764,164.2085530063735
2023-05-17 14:37:32.937117,0.889551800015397,34.44527053833008,30.096473693847656,30.096473693847656,29.020832061767578,1031.074951171875,0.04054836849797281,358.82304037180023,164.20853934599515,163.63162058756086,-30.58057403564453,-31.022939682006836,41.140262603759766,0.04117173331649556,358.82022985567846,163.06438703736964,-0.0018512215465307236,-0.002599972067400813,-0.00242710392922163,0.01769855059683323,0.0031563034281134605,0.9889218211174011,0.042851432913896405,358.82192534341823,163.06125881072978
2023-05-17 14:37:33.212124,0.888885099971958,35.82847213745117,30.206432342529297,30.206432342529297,29.018749237060547,1031.07568359375,0.04833071872180773,358.82924335750533,163.06125881072978,162.5070845822316,-30.447240829467773,-30.846879959106445,40.98386001586914,0.04885127051702328,358.8280960991682,161.96520469423947,-0.0012703705579042435,-0.0017288581002503633,0.0012392867356538773,0.01672876812517643,0.0024279258213937283,0.9862411618232727,0.05110377218977961,358.82986511816324,161.96642046791175
2023-05-17 14:37:33.474954,0.888885099971958,33.86054992675781,30.261411666870117,30.261411666870117,29.012500762939453,1031.078369140625,0.0549098250686498,358.83935886766614,161.96640680753342,161.43570110902343,-30.457794189453125,-30.75383186340332,41.42515182495117,0.055882476689982,358.8386756353057,160.9142708074063,-4.052557051181793e-05,-0.0021321396343410015,-0.00022671464830636978,0.01624387688934803,0.0033990959636867046,0.988434374332428,0.059227104933692876,358.8405828589097,160.91402492059618
2023-05-17 14:37:33.750208,0.886124699969514,36.76841735839844,30.151453018188477,30.151453018188477,29.010417938232422,1031.07861328125,0.06406192504081648,358.84854312422226,160.91401126021785,160.4170740169644,-30.535446166992188,-30.122760772705078,41.130210876464844,0.0625610043109194,358.84632950260095,159.93237647270362,-0.0011795144528150558,0.00017548707546666265,-0.000541207380592823,0.01600143127143383,0.004127473570406437,0.987459659576416,0.0640979969773706,358.850943402107,159.93184371794834
2023-05-17 14:37:34.009882,0.8864528000012797,34.83193588256836,30.078147888183594,30.078147888183594,29.008333206176758,1031.084716796875,0.07020240517689678,358.8597233968416,159.93181639719168,159.45403100437093,-30.71451759338379,-30.16297149658203,41.6015625,0.06906709967079372,358.8593422936303,158.98759738595078,-0.0016931239515542984,-0.0015583302592858672,0.00035381410270929337,0.01648632250726223,0.0031563034281134605,0.9867285490036011,0.06970417489345608,358.8617420379065,158.98793889540926
2023-05-17 14:37:34.278853,0.8864528000012797,34.81936264038086,30.05982208251953,30.05982208251953,29.006250381469727,1031.08251953125,0.07274414935274728,358.87047422131695,158.98792523503093,158.52703773021682,-30.708616256713867,-30.453956604003906,40.99291229248047,0.07194851235572013,358.86895119585375,158.07505679208037,0.0001675523817539215,-0.0014040784444659948,0.002114752307534218,0.01697121374309063,0.0024279258213937283,0.9862411618232727,0.07542096985758404,358.87000688696736,158.07784350926175
2023-05-17 14:37:34.553613,0.8890362000111054,34.919960021972656,30.169780731201172,30.169780731201172,29.00208282470703,1031.084228515625,0.07935794692407491,358.8773170036483,158.0778298488834,157.63640838320381,-30.61566925048828,-30.384750366210938,40.60380554199219,0.0786783097511256,358.87777804141723,157.19980903107827,-0.0013194214552640915,-0.001639790367335081,-0.0005488693714141846,0.01745610684156418,0.004370266571640968,0.987459659576416,0.0783574709530135,358.8796765138414,157.19926261594466
2023-05-17 14:37:34.816465,0.8896247000175208,35.17459487915039,30.078147888183594,30.078147888183594,29.012500762939453,1031.076904296875,0.08363391881887397,358.8850889051501,157.19924895556633,156.7750805477302,-30.60574722290039,-30.279199600219727,40.78746032714844,0.08630123442178955,358.88357697874426,156.35961380089665,0.0008039399981498718,-0.001732566044665873,0.0006590811535716057,0.01745610684156418,0.0029135108925402164,0.9864848256111145,0.08878963775506916,358.88628803023624,156.36032414057036
2023-05-17 14:37:35.092044,0.8896247000175208,33.83854675292969,30.133127212524414,30.133127212524414,29.016666412353516,1031.078125,0.09246922207753502,358.89185356719275,156.36032414057036,155.95589497943556,-30.83180809020996,-30.173768997192383,41.140220642089844,0.09262646984089738,358.89143649876655,155.5620662718926,-0.0013487022370100021,0.00018010567873716354,1.3955868780612946e-05,0.01600143127143383,0.0026707183569669724,0.9867285490036011,0.09172993414116049,358.89512608157884,155.56207993227096
2023-05-17 14:37:35.350987,0.8894320000090374,35.82847213745117,29.931535720825195,29.931535720825195,29.014583587646484,1031.08544921875,0.09471261905476687,358.90161134619575,155.56207993227096,155.1721307721766,-30.712594985961914,-30.41840934753418,41.0845832824707,0.09431722847505983,358.9024911599382,154.7860611595308,-0.0015893056988716125,-0.0009889713255688548,0.00035239290446043015,0.01672876812517643,0.0024279258213937283,0.9864848256111145,0.09463488563231831,358.90418568718263,154.7864436501243
2023-05-17 14:37:35.625522,0.8894320000090374,35.26890182495117,30.22475814819336,30.22475814819336,29.010417938232422,1031.08203125,0.09588882565461067,358.90958591221687,154.7864436501243,154.41041441555842,-30.7962646484375,-30.460607528686523,41.31415939331055,0.09696589445989011,358.98136885251614,154.04230820042974,0.0016997475177049637,-0.004904485773295164,-0.0008220309391617775,0.01600143127143383,0.0026707183569669724,0.9855100512504578,0.09967695929206949,358.97744096013486,154.04148857772935
2023-05-17 14:37:35.884403,0.8868590000256518,34.99855041503906,30.169780731201172,30.169780731201172,29.018749237060547,1031.072509765625,0.10125511318641928,358.98181142743005,154.04147491735102,153.68063602349923,-30.638208389282227,-30.317705154418945,41.520633697509766,0.10135966710755205,358.97861970137524,153.32431871487802,0.00038280710577964783,-0.0017607070039957762,0.0009955214336514473,0.01672876812517643,0.0029135108925402164,0.9864848256111145,0.10347323712970076,358.9771315739098,153.3253978847669
2023-05-17 14:37:36.159056,0.8868590000256518,34.72819519042969,30.05982208251953,30.05982208251953,29.016666412353516,1031.0634765625,0.10486774964882713,358.9782206689173,153.3253978847669,152.9740392934831,-30.47674560546875,-30.406465530395508,41.51077651977539,0.10729688908486497,358.9761824977803,152.62755745726668,0.0003392081707715988,-0.0005558674456551671,-0.000229676254093647,0.01648632250726223,0.0036418887320905924,0.9867285490036011,0.10940104091647847,358.97557578488295,152.62733889121324
2023-05-17 14:37:36.426115,0.8878590999993321,37.01676559448242,30.05982208251953,30.05982208251953,29.020832061767578,1031.054443359375,0.11333838483883298,358.9784436105607,152.62733889121324,152.28421750806848,-30.302026748657227,-30.44255828857422,40.689544677734375,0.1134131567339461,358.9738370748523,151.94724329517672,-0.001142803579568863,-0.0005599374417215586,-0.0011041387915611267,0.01648632250726223,0.0031563034281134605,0.9867285490036011,0.11399635083540205,358.9745228685337,151.9459045780994
2023-05-17 14:37:36.700842,0.8878590999993321,36.318878173828125,30.133127212524414,30.133127212524414,29.027084350585938,1031.051025390625,0.11597551820933225,358.97609530614665,151.9459045780994,151.60756432737364,-30.22395896911621,-30.650592803955078,40.55401611328125,0.11671766095133645,358.97278896097987,151.27845849240575,-0.003477555699646473,-0.0009044542675837874,-0.0005439575761556625,0.01624387688934803,0.0019423406338319182,0.9857537150382996,0.11426090060382105,358.97254211367436,151.2779257376505
2023-05-17 14:37:36.960199,0.8905048999858991,34.21263885498047,30.078147888183594,30.078147888183594,29.03333282470703,1031.064697265625,0.11471023900580062,358.975617833235,151.2779257376505,150.96327258296634,-30.339061737060547,-30.498132705688477,40.83301544189453,0.11555540821452358,358.9735926821461,150.65310003237772,0.0028878655284643173,-0.000977088580839336,-0.0007879519835114479,0.015516539104282856,0.0036418887320905924,0.9872159361839294,0.11977095561353049,358.97459223764247,150.65230773043402
2023-05-17 14:37:37.228172,0.8887757999909809,34.857086181640625,30.151453018188477,30.151453018188477,29.027084350585938,1031.067138671875,0.12152148507303716,358.976980242531,150.65230773043402,150.35172476544008,-30.470876693725586,-30.55936050415039,41.33977127075195,0.12331326247182835,358.9764589069983,150.05323183833218,-0.0016754623502492905,-0.0013860906474292278,0.0025850562378764153,0.01697121374309063,0.0031563034281134605,0.9855100512504578,0.12109890713878228,358.9746690772706,150.05655131026882
2023-05-17 14:37:37.502442,0.8885309999877791,35.85676193237305,30.169780731201172,30.169780731201172,29.027084350585938,1031.058349609375,0.12278511009012918,358.9761028833878,150.05655131026882,149.7618696287178,-30.278289794921875,-30.528505325317383,41.308773040771484,0.12529771257019473,358.9757753544727,149.4737585891483,0.0009664986282587051,-0.0021241975482553244,-0.0010753637179732323,0.01624387688934803,0.0024279258213937283,0.9879470467567444,0.12786838499841863,358.97526223651136,149.47270674001612
2023-05-17 14:37:37.767860,0.8877861999972083,35.03313064575195,30.188106536865234,30.188106536865234,29.02916717529297,1031.06640625,0.12965594688983145,358.97647480853243,149.47270674001612,149.1961523805223,-30.343891143798828,-30.2984619140625,40.61591720581055,0.13129017637046278,358.97565550599717,148.92552662522806,-0.0005844049155712128,-0.0010535797337070107,0.0003873426467180252,0.015274092555046082,0.002185133285820484,0.9877033233642578,0.13049844805590988,358.9767439606744,148.9259910780916
2023-05-17 14:37:38.042762,0.8878850999972201,35.998226165771484,30.169780731201172,30.169780731201172,29.020832061767578,1031.056396484375,0.13171587591461176,358.9817684185826,148.9259910780916,148.65600736057937,-30.36539077758789,-30.583871841430664,41.18452072143555,0.13263033419081333,358.9837750000947,148.39040862451424,-0.002384195104241371,0.07709650695323944,0.0022575538605451584,0.013819416984915733,0.002185133285820484,0.9862411618232727,0.13025580291760253,359.05923909219155,148.39279919072374
2023-05-17 14:37:38.301909,0.8894163999921147,34.9734001159668,30.169780731201172,30.169780731201172,29.027084350585938,1031.04736328125,0.1301900356664147,359.0619793854309,148.39279919072374,148.13528739863594,-30.334125518798828,-30.36478042602539,41.59348678588867,0.13132492762590786,359.0603480374363,147.8810814181064,-0.0007582399994134903,-0.0009425391908735037,-0.0022614244371652603,0.01575898379087448,0.0026707183569669724,0.9862411618232727,0.1306216182445949,359.0594337525829,147.8788684368153
2023-05-17 14:37:38.569743,0.8881299000004219,33.3104133605957,30.151453018188477,30.151453018188477,29.037500381469727,1031.04541015625,0.1315176270059095,359.0601041783386,147.8788684368153,147.63673823073836,-30.39749526977539,-30.370046615600586,41.374629974365234,0.13049671382819092,359.05861733153364,147.39452606239138,-5.441717803478241e-05,-0.0019764697644859552,0.0004968838766217232,0.01624387688934803,0.005584229249507189,0.9869722723960876,0.13227775235533787,359.05548600996434,147.39516810017335
2023-05-17 14:37:38.844203,0.8881299000004219,34.88223648071289,30.22475814819336,30.22475814819336,29.039583206176758,1031.042724609375,0.13780824457170446,359.05389895147766,147.39516810017335,147.1537209130134,-30.19919204711914,-30.534273147583008,41.395626068115234,0.13719660913565776,359.05439990316455,146.9153336506016,-0.00031397491693496704,-0.00039523467421531677,-0.00044927187263965607,0.01745610684156418,0.0029135108925402164,0.9889218211174011,0.13863941989675682,359.0543295735605,146.91489651849474
2023-05-17 14:37:39.102814,0.8899944999720901,36.18684387207031,30.261411666870117,30.261411666870117,29.027084350585938,1031.02880859375,0.138961492664592,359.0519938623077,146.91489651849474,146.69239627609238,-30.399412155151367,-30.32967758178711,41.010475158691406,0.14283925252458743,359.05078876080603,146.46843437320769,0.0014183875173330307,0.0008823185344226658,0.0008039195090532303,0.018183445557951927,0.0033990959636867046,0.9864848256111145,0.1442529549404346,359.05167455096404,146.46924033552975
2023-05-17 14:37:39.376788,0.8882079999930284,35.152587890625,30.096473693847656,30.096473693847656,29.027084350585938,1031.033203125,0.14530409704131578,359.0495460932639,146.46924033552975,146.24521013075332,-30.431663513183594,-30.691869735717773,41.695533752441406,0.14518203409032823,359.0489764127985,146.02740905849996,0.0020063892006874084,-0.0005284709623083472,0.0004937043413519859,0.01697121374309063,0.005827021785080433,0.9891654849052429,0.14970711445674104,359.04753204123244,146.02788717174187
2023-05-17 14:37:39.644531,0.8871143000087613,34.55215072631836,30.188106536865234,30.188106536865234,29.035415649414062,1031.045654296875,0.15292362662771458,359.0493702158928,146.02788717174187,145.81720315660363,-30.659738540649414,-30.658235549926758,41.84053421020508,0.1537080845260611,359.0483438732483,145.611081707831,0.0010836161673069,-0.0016361302696168423,0.0010592471808195114,0.014304309152066708,0.0029135108925402164,0.9859974384307861,0.156272647136629,359.047186156184,145.61211989658483
2023-05-17 14:37:39.902799,0.8846402999788552,35.237464904785156,30.22475814819336,30.22475814819336,29.043750762939453,1031.05224609375,0.15651098338606542,359.04941151719294,145.61211989658483,145.4106019953128,-30.836849212646484,-30.672195434570312,41.0751953125,0.15638243709145166,359.0493322229656,145.21404281137816,-0.0001455172896385193,-0.0006783363642171025,0.0010967720299959183,0.018668334931135178,0.0038846812676638365,0.987459659576416,0.15559875292547204,359.04768454655,145.2151902831587
2023-05-17 14:37:40.173872,0.8892704999889247,34.244075775146484,30.206432342529297,30.206432342529297,29.03333282470703,1031.0537109375,0.1580721885395158,359.0434052195916,145.2151902831587,145.01878136338584,-30.560901641845703,-30.693492889404297,40.78092575073242,0.15914885046829194,359.04162243349646,144.82480399095746,0.002553418278694153,0.001814680639654398,-0.0003426913172006607,0.02303236350417137,0.0012139629106968641,0.9908714294433594,0.1610552869997321,359.04885400300196,144.82446248149895
2023-05-17 14:37:40.444944,0.8808487000133027,34.938819885253906,30.243085861206055,30.243085861206055,29.037500381469727,1031.0498046875,0.17157075009315018,359.0412534965596,144.82446248149895,144.63708307180883,-30.577699661254883,-30.754173278808594,40.30620574951172,0.17009542923242743,359.0403309941348,144.45147951130292,0.002277752384543419,-0.0011751261772587895,-0.0015651173889636993,0.02303236350417137,0.005584229249507189,0.9986696839332581,0.1800060737387556,359.04037069460935,144.4494577753086
2023-05-17 14:37:40.719610,0.8894528000164428,33.30727005004883,30.22475814819336,30.22475814819336,29.047916412353516,1031.058837890625,0.18115844137757045,359.0341544754127,144.44947143568692,144.2755748194184,-30.934226989746094,-30.65932273864746,40.83835983276367,0.17980170167218412,359.0345318433644,144.10464250524967,-0.0022511854767799377,-0.00023007811978459358,0.0005856752395629883,0.008485606871545315,0.0038846812676638365,0.9859974384307861,0.17236091760275604,359.04174516345813,144.10524356189663
2023-05-17 14:37:40.985131,0.8894528000164428,34.775352478027344,30.27973747253418,30.27973747253418,29.043750762939453,1031.052734375,0.16829374005521178,359.0463351573021,144.10522990151827,143.94329977667562,-31.172922134399414,-30.59028434753418,41.29256057739258,0.16882171901413906,359.043028918857,143.78697040695238,-0.00017940066754817963,0.0767715573310852,-0.0002804873511195183,0.013334525749087334,-0.0031359365675598383,0.9840478897094727,0.16754728842433667,359.12258834969145,143.786915765439
2023-05-17 14:37:41.260092,0.8879685000247264,35.4449462890625,30.151453018188477,30.151453018188477,29.045833587646484,1031.039794921875,0.16317348607586907,359.1254852036732,143.786915765439,143.6295482069619,-31.219377517700195,-30.550739288330078,40.89794158935547,0.16162217936062992,359.12423714668495,143.47966653581514,-3.8350000977516174e-05,-0.0006498246220871806,-0.0011709323152899742,0.021820131689310074,0.0029135108925402164,0.9867285490036011,0.16006589674585872,359.120318912618,143.4785190640346
2023-05-17 14:37:41.518354,0.8879685000247264,35.89762878417969,30.188106536865234,30.188106536865234,29.037500381469727,1031.0341796875,0.15875179236193207,359.10930517922054,143.47850540365624,143.32921112877813,-31.080915451049805,-30.592668533325195,40.98427200317383,0.159983841094326,359.10841677438077,143.18021738222345,0.0008263271301984787,-0.0029259826987981796,0.001580122858285904,0.01721366122364998,0.0016995479818433523,0.9886780977249146,0.16139982468663427,359.10433947161135,143.18188394838094
2023-05-17 14:37:41.792907,0.8882183999739937,35.177738189697266,30.11480140686035,30.11480140686035,29.047916412353516,1031.05419921875,0.16512688015785304,359.10182318723247,143.18188394838094,143.0297619751864,-30.997228622436523,-30.826431274414062,40.802215576171875,0.1629696476178265,359.0995953716243,142.88052234182163,0.0002702884376049042,0.0005172148230485618,0.00028725340962409973,0.015274092555046082,0.0031563034281134605,0.9872159361839294,0.16544900628654113,359.09925909152935,142.88079554938844
2023-05-17 14:37:42.058964,0.8875153999961185,35.665000915527344,30.206432342529297,30.206432342529297,29.043750762939453,1031.024169921875,0.16740337420409038,359.10118114945044,142.88080920976677,142.73554474649896,-30.959211349487305,-30.7674560546875,40.98785400390625,0.16776343989918377,359.0959547740749,142.59463794392158,0.0017856191843748093,-0.0021832354832440615,-0.001490485854446888,0.01575898379087448,0.006555399391800165,0.9862411618232727,0.17488814095651364,359.09395982522875,142.59318994381755
2023-05-17 14:37:42.336013,0.8829788999955781,35.00483703613281,30.169780731201172,30.169780731201172,29.041667938232422,1031.017333984375,0.1748196523018284,359.09557452463724,142.5931762834392,142.44332193304913,-30.637237548828125,-30.9537410736084,41.29563903808594,0.175350886272782,359.0906346970417,142.29880879059,-0.002459850162267685,-0.0034599113278090954,0.0003079725429415703,0.011394958011806011,0.0029135108925402164,0.9838041663169861,0.17198871231363,359.08383417650595,142.29909565853512
2023-05-17 14:37:42.595128,0.8865674000171566,34.869659423828125,30.206432342529297,30.206432342529297,29.047916412353516,1031.023681640625,0.17602646135080502,359.0910478167648,142.29909565853512,142.1541044028341,-30.420228958129883,-30.973466873168945,41.242225646972656,0.1779204381230952,359.0885270500743,142.01125782653244,-0.0006334763020277023,-0.002840368077158928,0.0006319694221019745,0.015274092555046082,0.0007283777231350541,0.9864848256111145,0.17376823005646955,359.0807973036462,142.01185888317943
2023-05-17 14:37:42.867688,0.8873486999855231,36.306304931640625,30.188106536865234,30.188106536865234,29.035415649414062,1031.034423828125,0.17484793355386047,359.0735885725858,142.01187254355776,141.8716214391407,-30.28154754638672,-30.83737564086914,41.11054992675781,0.1757300151325706,359.070615199141,141.73279101407104,0.0022986121475696564,-3.7012359825894237e-05,0.0011957967653870583,0.021335240453481674,0.0009711703169159591,0.9908714294433594,0.1895786639018078,359.07452751015325,141.73407508963498
2023-05-17 14:37:43.142578,0.8858591000043816,35.34749221801758,30.243085861206055,30.243085861206055,29.03333282470703,1031.0263671875,0.25492299030982724,359.0670645679897,141.73410241039167,141.60311304248918,-30.467363357543945,-30.672651290893555,41.15003967285156,0.2534124512861966,359.0646078343226,141.47492405214638,0.0017580445855855942,-0.0018851695349439979,0.0002871500328183174,0.014061863534152508,-0.00024122589093167335,0.987459659576416,0.25341639998931054,359.0690698688413,141.4752109200915
2023-05-17 14:37:43.401452,0.8850466000021697,37.87812423706055,30.133127212524414,30.133127212524414,29.020832061767578,1031.02978515625,0.2481611563923675,359.072154979912,141.4752109200915,141.35308713773168,-30.451475143432617,-30.6437931060791,41.05442810058594,0.2512921844770101,359.06745997190956,141.22977490245628,-0.00013580173254013062,-0.0031400350853800774,0.003060874529182911,0.02375970035791397,0.0029135108925402164,0.9864848256111145,0.2484660603057851,359.0641066691922,141.23314901590626
2023-05-17 14:37:43.676401,0.8853018000318116,35.2657585144043,30.151453018188477,30.151453018188477,29.00208282470703,1031.038330078125,0.24727509943011702,359.05372510181894,141.23314901590626,141.11206342230028,-30.544042587280273,-30.807024002075195,40.82307052612305,0.24891898722512157,359.0501149199558,140.99345035717383,0.0004489067941904068,-0.0021457322873175144,0.001540915109217167,0.01769855059683323,0.002185133285820484,0.9859974384307861,0.24856226992354707,359.0496133279386,140.99495299879123
2023-05-17 14:37:43.935261,0.8857443999895622,34.94824981689453,30.078147888183594,30.078147888183594,29.004165649414062,1031.044189453125,0.2425176058689387,359.04661284718054,140.9949393384129,140.87534272604597,-30.36317253112793,-30.81459617614746,40.91596221923828,0.2433612142727146,359.0426639306232,140.75913388750737,0.0007840506732463837,-0.0027408250607550144,0.0006653396412730217,0.01575898379087448,0.005827021785080433,0.9855100512504578,0.24240829616179202,359.0375117268332,140.7599944913428
2023-05-17 14:37:44.210801,0.8861299000054714,35.699581146240234,30.00484275817871,30.00484275817871,28.995834350585938,1031.047607421875,0.24335430404226524,359.0367248676965,140.75998083096445,140.64203712437669,-29.98516845703125,-30.723373413085938,41.147483825683594,0.24354797725783214,359.03457079678697,140.52356066303363,-0.00012860633432865143,-0.0024824843276292086,8.89832153916359e-05,0.01697121374309063,0.0026707183569669724,0.9859974384307861,0.24081571482684191,359.02869395261473,140.52362896492534
2023-05-17 14:37:44.473297,0.8861299000054714,35.18088150024414,30.096473693847656,30.096473693847656,29.0,1031.04638671875,0.2392561905402576,359.02842480047275,140.52362896492534,140.40120465424204,-29.67850112915039,-30.724639892578125,41.03050994873047,0.23747967434539313,358.94787851402486,140.2842718156514,-0.0013214871287345886,-0.00246646860614419,-5.383044481277466e-07,0.01600143127143383,0.008012155070900917,0.9857537150382996,0.23732241991192418,358.9483817068676,140.28425815527308
2023-05-17 14:37:44.744415,0.8848798999915743,34.951393127441406,30.206432342529297,30.206432342529297,29.00208282470703,1031.044677734375,0.2375835145651185,358.95882186445743,140.2842718156514,140.17557618519982,-29.825597763061523,-30.5158748626709,41.17469787597656,0.23635971008449616,358.9585490837774,140.07044591349498,0.002785252407193184,0.00035136460792273283,-0.0012195678427815437,0.01575898379087448,0.006555399391800165,0.9867285490036011,0.24082145111852765,358.96374643084897,140.0688749699859
2023-05-17 14:37:45.019477,0.8848798999915743,36.972755432128906,30.243085861206055,30.243085861206055,29.004165649414062,1031.046875,0.24016682017526425,358.9764316929633,140.06888863036423,139.97016507610087,-30.100452423095703,-30.37777328491211,41.534305572509766,0.23718674994344952,358.97501997823923,139.8763182769049,7.241219282150269e-05,-0.001089209341444075,-0.0018241796642541885,0.013334525749087334,0.0012139629106968641,0.9855100512504578,0.23422271464792843,358.97702527909087,139.87454242772068
2023-05-17 14:37:45.281968,0.8875569999654545,36.073673248291016,30.169780731201172,30.169780731201172,29.010417938232422,1031.04541015625,0.22754953978754663,358.9849983510081,139.87454242772068,139.78061366625468,-30.267467498779297,-30.601444244384766,41.6081428527832,0.22921578577991242,358.98845015785986,139.68996339559027,0.00035375915467739105,0.001699479529634118,0.0003067944198846817,0.018668334931135178,0.008012155070900917,0.9864848256111145,0.22949830481554234,358.98907512016893,139.6902775842921
2023-05-17 14:37:45.553025,0.8875569999654545,34.05860137939453,30.169780731201172,30.169780731201172,29.0,1031.046875,0.22814195197633946,358.9887410812298,139.6902775842921,139.6026325968625,-30.1271915435791,-30.304794311523438,41.34874725341797,0.2266079875382898,358.9892017988337,139.5180338738027,-0.0009234286844730377,0.0001604100689291954,-0.0023785922676324844,0.014546754769980907,-0.06078892573714256,0.9857537150382996,0.22572844060009198,358.9893711661808,139.51565696797152
2023-05-17 14:37:45.816787,0.8862184000245179,36.66153335571289,30.041494369506836,30.041494369506836,28.993749618530273,1031.041259765625,0.15099432497081075,358.9973735865671,139.5157525906199,139.43484216971194,-30.14288330078125,-30.344369888305664,41.064125061035156,0.15068231072374547,358.9972038990549,139.35440986204588,0.0006233770400285721,-0.001656944863498211,0.0015716999769210815,0.01672876812517643,0.01311079878360033,0.9952579140663147,0.07801618827813765,358.9881915711668,139.3558442017716
