now,intensity,humidity,temperature,temperature_from_humidity,temperature_from_pressure,pressure,orientation_roll,orientation_pitch,orientation_yaw,compass,compass_raw_x,compass_raw_y,compass_raw_z,gyro_roll,gyro_pitch,gyro_yaw,gyro_raw_x,gyro_raw_y,gyro_raw_z,accelerometer_raw_x,accelerometer_raw_y,accelerometer_raw_z,accelerometer_roll,accelerometer_pitch,accelerometer_yaw
2023-05-24 13:58:57.498603,0.8059502000160137,36.70554733276367,30.334716796875,30.334716796875,29.229167938232422,1027.0595703125,0.7618165682998908,359.42244619405545,167.57701105972703,167.57701105972703,-19.234466552734375,-4.055721282958984,16.732730865478516,0.7618607510860843,359.4224653506016,167.57718864464545,-0.002360008656978607,-0.0020821914076805115,0.0007695714011788368,0.009212944656610489,0.01456755492836237,0.9864848256111145,0.7598223665056586,359.4188462041152,167.5781585315076
2023-05-24 13:58:58.174303,0.8059502000160137,36.985328674316406,30.261411666870117,30.261411666870117,29.222915649414062,1027.065673828125,0.7631217214007451,359.4216925253692,167.5781585315076,167.58486577727254,-35.1646842956543,-7.451208114624023,30.582683563232422,0.7608599149292659,359.4199240933436,167.5852346074877,0.0006912555545568466,-0.001630932791158557,0.00043986178934574127,0.009697836823761463,0.014081968925893307,0.9862411618232727,0.7615909586138688,359.4181825551878,167.5856717395946
2023-05-24 13:58:58.451384,0.7992314999919472,38.24907302856445,30.316390991210938,30.316390991210938,29.231250762939453,1027.063720703125,0.7632208125045631,359.4194960859425,167.5856717395946,167.58390955078875,-39.08034133911133,-8.263068199157715,33.671958923339844,0.7639959856145067,359.4183119018952,167.58419641873388,0.0010238420218229294,-0.001977341715246439,0.00011270493268966675,0.009940282441675663,0.013353591784834862,0.9872159361839294,0.7642124705946843,359.41794248471064,167.58429204138224
2023-05-24 13:58:58.733870,0.7961169000063819,38.33709716796875,30.334716796875,30.334716796875,29.222915649414062,1027.06494140625,0.7649394054936147,359.41597923221104,167.58429204138224,167.58714706045532,-39.998046875,-8.34039306640625,33.99641799926758,0.7655324046517893,359.41590916941124,167.58752955104885,-0.0010720957070589066,0.0008299187757074833,-0.00048550311475992203,0.009455390274524689,0.012139628641307354,0.9859974384307861,0.7641397397521943,359.4160507357539,167.58702411705025
2023-05-24 13:58:59.015348,0.7994711000046664,37.62348937988281,30.353044509887695,30.353044509887695,29.231250762939453,1027.060302734375,0.761016582393353,359.41512556528653,167.58702411705025,167.5886087209377,-40.19373321533203,-8.35669231414795,34.69004440307617,0.7602785484370215,359.41544188842244,167.5920511362794,0.0005257595330476761,-0.0015007173642516136,-0.001750074326992035,0.009455390274524689,0.014324761927127838,0.9872159361839294,0.7616735612141436,359.4139187028767,167.5897698530966
2023-05-24 13:58:59.293178,0.8000128000057884,37.03562927246094,30.371370315551758,30.27973747253418,29.225000381469727,1027.06298828125,0.7630102505790562,359.4118147911689,167.5897698530966,167.60213249549432,-40.435035705566406,-7.968733787536621,34.91838073730469,0.7648629393914222,359.4110976746669,167.61704962864164,0.0026052817702293396,-0.0004647010937333107,0.0003351094201207161,0.008970499038696289,0.012625213712453842,0.9859974384307861,0.7677632618285918,359.41057468494773,167.6174184588568
2023-05-24 13:58:59.522148,0.8053563999746984,38.14533233642578,30.353044509887695,30.353044509887695,29.227083206176758,1027.080078125,0.7671497187420543,359.4118001169344,167.6174184588568,167.63708940366647,-40.46061706542969,-7.82783842086792,35.091007232666016,0.7679812942735034,359.41112846387904,167.65398729167308,-0.0009113159030675888,-0.0010321659501641989,-0.0008777827024459839,0.011152512393891811,0.011896836571395397,0.9862411618232727,0.7655461717518351,359.40892503418064,167.6529764236759
2023-05-24 13:58:59.753014,0.805825100020229,37.08278274536133,30.334716796875,30.334716796875,29.231250762939453,1027.0751953125,0.7641392061436654,359.40785210751153,167.6529764236759,167.66951914184568,-40.545448303222656,-7.810384750366211,35.34328079223633,0.7633135003060343,359.40745419563154,167.68813823752313,0.00033972226083278656,-0.001007783692330122,-0.000844249501824379,0.010910065844655037,0.012382421642541885,0.9886780977249146,0.7627208746738299,359.4080872687902,167.68752352049782
2023-05-24 13:58:59.977679,0.8062365999885515,37.98815155029297,30.38969612121582,30.38969612121582,29.239582061767578,1027.07568359375,0.7597927512323043,359.407392723929,167.68752352049782,167.69699016268746,-40.21181869506836,-8.027189254760742,34.9149169921875,0.7600835678805588,359.40763786368717,167.70780918233277,0.0021272506564855576,0.0008804755052551627,-0.0008859708905220032,0.009940282441675663,0.012868006713688374,0.987459659576416,0.763274600244277,359.4097378800527,167.70683929547062
2023-05-24 13:59:00.208882,0.8103614999763522,39.00983428955078,30.38969612121582,30.38969612121582,29.235416412353516,1027.07958984375,0.7630024065336813,359.4079895650686,167.70683929547062,167.7147486545295,-40.371437072753906,-8.174243927001953,34.561283111572266,0.7597359219239757,359.4085419032569,167.72217990034648,-0.0008076094090938568,-0.002091451548039913,0.00026777200400829315,0.008970499038696289,0.013596383854746819,0.9852663278579712,0.759642487070564,359.4064302008646,167.72234382488656
2023-05-24 13:59:00.433700,0.8103614999763522,37.0073356628418,30.353044509887695,30.353044509887695,29.235416412353516,1027.068359375,0.7578182395927888,359.40954642131254,167.72234382488656,167.72234382488656,-40.41289138793945,-8.438606262207031,34.65336990356445,0.7568460582139727,359.4090874646168,167.72152420218615,0.0001445431262254715,-0.001407089177519083,-0.001177620142698288,0.011879850178956985,0.01456755492836237,0.9872159361839294,0.7579618870087707,359.40922972465063,167.72018548510883
2023-05-24 13:59:00.665154,0.810194900010174,37.230533599853516,30.38969612121582,30.38969612121582,29.237499237060547,1027.051513671875,0.7603766256846346,359.4075959754177,167.72018548510883,167.7234503155321,-40.52009963989258,-8.248188972473145,34.6247673034668,0.7616438392190835,359.4077340199441,167.72683808936043,0.0016479827463626862,0.00042606150964275,-0.0020432090386748314,0.007758269552141428,0.01383917685598135,0.9881907105445862,0.7625332579150661,359.4093943428818,167.72539008925636
2023-05-24 13:59:00.890293,0.8050021999915771,35.62727737426758,30.334716796875,30.334716796875,29.237499237060547,1027.042724609375,0.7627087083993708,359.41047554048305,167.72537642887804,167.73472012766263,-40.49333190917969,-8.02097225189209,34.31317138671875,0.7637442824714211,359.40823555860044,167.74639975114334,0.0016265157610177994,-0.0015869446797296405,-0.0005901576951146126,0.010425174608826637,0.013596383854746819,0.9862411618232727,0.7644844508618683,359.4077690246636,167.74581235487472
2023-05-24 13:59:01.144395,0.8002418999931251,39.08528137207031,30.27973747253418,30.27973747253418,29.237499237060547,1027.034423828125,0.7658273834465692,359.4086065232497,167.74581235487472,167.75694556322185,-39.74810028076172,-7.834805965423584,34.149139404296875,0.7644448037481706,359.4056023605928,167.76723182811187,0.0022031348198652267,0.0002688091481104493,0.0009307703003287315,0.010182728059589863,0.01311079878360033,0.9867285490036011,0.767301210203411,359.40782377289867,167.76814707346065
2023-05-24 13:59:01.411889,0.7995491999972728,36.592376708984375,30.426349639892578,30.426349639892578,29.231250762939453,1027.04638671875,0.7687404591275797,359.40885305039006,167.76814707346065,167.772258847341,-40.17245864868164,-8.029838562011719,34.62702560424805,0.7687870431521533,359.4100471061952,167.78001794223815,-0.0011661313474178314,-0.0020964161958545446,0.0011615138500928879,0.009455390274524689,0.015053139999508858,0.9869722723960876,0.768605029282943,359.4080643769843,167.7812337159104
2023-05-24 13:59:01.686587,0.7998096000173973,36.875301361083984,30.316390991210938,30.316390991210938,29.243749618530273,1027.0439453125,0.770675963983632,359.40891308134957,167.7812337159104,167.78963484858951,-39.90194320678711,-7.881162166595459,35.07465744018555,0.770524098996305,359.4101737314991,167.79881462283402,0.0007421243935823441,-0.000844462076202035,-0.0006352085620164871,0.010182728059589863,0.012382421642541885,0.9877033233642578,0.7707258563810848,359.40876900704677,167.79817258505204
2023-05-24 13:59:01.945472,0.8015074999784702,36.67096710205078,30.408023834228516,30.408023834228516,29.24791717529297,1027.052978515625,0.7687448880783696,359.4080977275174,167.79817258505204,167.8022980193107,-39.70545196533203,-8.00612735748291,34.93940353393555,0.7688605210465838,359.41015564216997,167.80728405740484,-0.0022959280759096146,0.001296351314522326,0.0020661577582359314,0.008243161253631115,0.012868006713688374,0.9859974384307861,0.7644608120040378,359.41192626199063,167.80982488777607
2023-05-24 13:59:02.220001,0.8023043999637594,36.96332550048828,30.463003158569336,30.463003158569336,29.241666793823242,1027.05908203125,0.7629495792893195,359.4153017094619,167.80982488777607,167.81707854867463,-39.98371505737305,-7.873430252075195,34.69533920288086,0.7627460609963943,359.31836115473703,167.82549334173208,0.0007328428328037262,0.0018660754431039095,-0.0012269634753465652,0.011152512393891811,0.013353591784834862,0.9872159361839294,0.7632471194050382,359.3228605952136,167.8242092661681
2023-05-24 13:59:02.497204,0.8015751999901113,37.50717544555664,30.316390991210938,30.316390991210938,29.245834350585938,1027.072021484375,0.761860377560114,359.325593631377,167.8242092661681,167.83623039910734,-40.057167053222656,-7.908797740936279,34.813941955566406,0.7643130024415304,359.32812757819823,167.84663960740244,-0.0005324054509401321,-0.07342233508825302,0.0008806921541690826,0.011879850178956985,0.011168458499014378,0.9859974384307861,0.7634335088641855,359.26093826028085,167.84654398475408
2023-05-24 13:59:02.755178,0.8004813999614271,35.143157958984375,30.316390991210938,30.316390991210938,29.25,1027.08349609375,0.762094845147716,359.26556896845557,167.84654398475408,167.84878428680182,-40.39797592163086,-8.101054191589355,34.896873474121094,0.7610559093419336,359.2670006934995,167.85445334381293,-0.0004963576793670654,0.001988812116906047,-0.0012333067134022713,0.009455390274524689,0.013596383854746819,0.9869722723960876,0.7629196438508479,359.2717316667168,167.85326489089735
2023-05-24 13:59:03.029955,0.8025282999606134,38.38425064086914,30.426349639892578,30.426349639892578,29.25,1027.088623046875,0.7631320734062058,359.2778399902689,167.85326489089735,167.85438504192123,-39.888057708740234,-8.109713554382324,34.412044525146484,0.7643673771506261,359.2804081947577,167.8564887401856,0.000629892572760582,0.0031697149388492107,-1.7415732145309448e-07,0.011879850178956985,0.01383917685598135,0.9867285490036011,0.763015319860081,359.2848525134732,167.8565297213206
2023-05-24 13:59:03.289485,0.8018095000134053,36.5012092590332,30.44467544555664,30.44467544555664,29.245834350585938,1027.083251953125,0.7622668271765827,359.2862468859201,167.8565297213206,167.86114692919955,-39.91621780395508,-8.057465553283691,34.58360290527344,0.7629764731591765,359.2873912627712,167.86445274075783,0.001254616305232048,0.002562086097896099,0.0011967560276389122,0.009455390274524689,0.01311079878360033,0.9872159361839294,0.7663643537092086,359.2936115373927,167.86591440124022
2023-05-24 13:59:03.561345,0.8003199999857316,37.95985794067383,30.316390991210938,30.316390991210938,29.25,1027.090087890625,0.7664307346102046,359.29876075297494,167.86591440124022,167.8737144772724,-40.121334075927734,-8.073871612548828,34.60319137573242,0.7680500230520265,359.30045661424066,167.87842730779968,0.0005957894027233124,0.07904461026191711,0.0012126043438911438,0.008970499038696289,0.015053139999508858,0.9896529316902161,0.768799369509171,359.40431476321254,167.88141893065614
2023-05-24 13:59:03.832132,0.8027053999976488,37.05134582519531,30.53630828857422,30.53630828857422,29.256250381469727,1027.0830078125,0.7708064312689499,359.4058090271761,167.8814052702778,167.88334504400208,-39.90982437133789,-8.120560646057129,34.24272537231445,0.7725982887090204,359.4030237507377,167.88595417626505,0.0009138192981481552,-0.07666953653097153,-0.0006242590025067329,0.00872805342078209,0.01383917685598135,0.9862411618232727,0.7735629995684318,359.3305317514252,167.88432859124256
2023-05-24 13:59:04.095150,0.8027053999976488,36.65524673461914,30.316390991210938,30.316390991210938,29.25,1027.078857421875,0.774162562111512,359.33373873868396,167.88432859124256,167.88021681736222,-39.96940994262695,-8.305571556091309,33.756099700927734,0.7732086301443845,359.3326474025206,167.877074930344,2.2621825337409973e-05,-0.07698040455579758,-0.00026786141097545624,0.008970499038696289,0.011896836571395397,0.987459659576416,0.7721644649750188,359.24342245359776,167.87546300569988
2023-05-24 13:59:04.370142,0.7981533999791282,37.09221267700195,30.408023834228516,30.408023834228516,29.254165649414062,1027.068603515625,0.7698358507157205,359.25035664307006,167.87546300569988,167.8815418740612,-40.49726867675781,-8.031558990478516,33.24785232543945,0.765992535286266,359.25189396924185,167.8903391577122,-0.002330472692847252,0.0005787531845271587,0.0009672874584794044,0.010425174608826637,0.013353591784834862,0.9867285490036011,0.7618031747258153,359.2552814762659,167.89139100684437
2023-05-24 13:59:04.647625,0.7992627000257926,37.18023681640625,30.426349639892578,30.426349639892578,29.254165649414062,1027.062255859375,0.7628314917218724,359.25995914199115,167.89139100684437,167.89216964840975,-40.2081298828125,-8.37012767791748,33.828392028808594,0.7637393732729552,359.26217735264584,167.89050308225228,0.00122840516269207,-0.07342566549777985,-0.000569966621696949,0.009697836823761463,0.012139628641307354,0.9864848256111145,0.7657209819059051,359.1913272134159,167.88895945949983
2023-05-24 13:59:04.913002,0.8018043999763904,37.53232192993164,30.38969612121582,30.38969612121582,29.262500762939453,1027.054443359375,0.7644450171915821,359.1984831705928,167.88895945949983,167.88895945949983,-39.91173553466797,-8.150712966918945,34.079994201660156,0.7659747661222533,359.2041968372769,167.89185545970793,0.0002760365605354309,0.08093345910310745,0.0009414386004209518,0.010667620226740837,0.012625213712453842,0.9894092082977295,0.7661203345289394,359.28703614629524,167.8938225541889
2023-05-24 13:59:05.188202,0.8018043999763904,38.1893424987793,30.261411666870117,30.261411666870117,29.266666412353516,1027.046875,0.764494909589035,359.29102796497824,167.8938225541889,167.88779832734093,-40.0571174621582,-8.483460426330566,34.609527587890625,0.7638460949787366,359.2935022010051,167.88035342114563,0.00024109892547130585,0.0006812422070652246,0.0009190002456307411,0.009940282441675663,0.01383917685598135,0.9859974384307861,0.7640228794843635,359.2978823266146,167.88128232687274
2023-05-24 13:59:05.446787,0.8024344999976165,37.142513275146484,30.44467544555664,30.44467544555664,29.262500762939453,1027.046630859375,0.7637284342981125,359.301438027047,167.88128232687274,167.87370081689403,-39.780784606933594,-8.478147506713867,34.371620178222656,0.7621046635446478,359.30262157076413,167.86591440124022,0.002952389419078827,0.0014393116580322385,0.0003362037241458893,0.010425174608826637,0.015295932069420815,0.9857537150382996,0.7641637521359951,359.3053763247946,167.86625591069873
2023-05-24 13:59:05.714600,0.7999085000174091,35.87876892089844,30.44467544555664,30.44467544555664,29.266666412353516,1027.0517578125,0.7679394060039841,359.30919087872434,167.86625591069873,167.86625591069873,-39.32616424560547,-8.275673866271973,33.99872589111328,0.7672540392094557,359.3089732198054,167.8605458725526,-0.0018346607685089111,0.0018958232831209898,-0.0005306564271450043,0.011152512393891811,0.013353591784834862,0.9859974384307861,0.7657441405160597,359.31214632292256,167.85987651401393
2023-05-24 13:59:05.989172,0.802856399992379,36.881591796875,30.463003158569336,30.463003158569336,29.277084350585938,1027.061279296875,0.7650384965974327,359.3130148241642,167.85987651401393,167.85851047617993,-39.61727523803711,-8.13599681854248,34.44277572631836,0.7632396488856336,359.3129766711544,167.85863341958498,0.001797553151845932,0.002966358559206128,-0.00017612427473068237,0.010425174608826637,0.012868006713688374,0.9864848256111145,0.7657292528381032,359.3161810437313,167.8584968158016
2023-05-24 13:59:06.247706,0.804012699996747,39.201595306396484,30.463003158569336,30.463003158569336,29.266666412353516,1027.0732421875,0.763686225863476,359.320392442324,167.85851047617993,167.85657070245566,-39.99388122558594,-8.23784351348877,34.26689910888672,0.764779536378354,359.3198014175174,167.8564204382939,0.0002260599285364151,0.0016530032735317945,-0.001005280762910843,0.009697836823761463,0.013596383854746819,0.9862411618232727,0.7661201210855277,359.3233478331614,167.85538224954007
2023-05-24 13:59:06.528653,0.7955232000094838,37.51346206665039,30.38969612121582,30.38969612121582,29.274999618530273,1027.079345703125,0.768188014217602,359.3281742689445,167.85538224954007,167.86080541974104,-40.29271697998047,-8.047776222229004,34.667388916015625,0.7666067720638912,359.3289601675859,167.86866013728655,4.187226295471191e-06,0.002116739982739091,0.0004494050517678261,0.010182728059589863,0.012625213712453842,0.9847790002822876,0.766777740236553,359.333291094489,167.86916557128515
2023-05-24 13:59:06.805086,0.8000856000089698,37.92527770996094,30.408023834228516,30.408023834228516,29.274999618530273,1027.05859375,0.7661476552856193,359.3347427764919,167.86916557128515,167.86916557128515,-39.6522331237793,-8.11755084991455,34.117774963378906,0.7664468495877776,359.3346447526052,167.86868745804324,0.0020984169095754623,0.001395971979945898,0.00011860113590955734,0.009697836823761463,0.012139628641307354,0.9859974384307861,0.767819290724127,359.33636211829463,167.86882406182664
2023-05-24 13:59:07.063967,0.8000856000089698,36.66468048095703,30.49965476989746,30.49965476989746,29.272916793823242,1027.0625,0.767193314558866,359.33959407843247,167.86882406182664,167.86804542026127,-39.68683624267578,-8.275418281555176,34.530128479003906,0.7669002033939373,359.34067991842795,167.862731533087,-0.00029245950281620026,-0.00022387842182070017,0.0004969928413629532,0.011152512393891811,0.01311079878360033,0.9879470467567444,0.7659354925345259,359.3428517051406,167.8632506274639
2023-05-24 13:59:07.338959,0.8013407999678748,37.35628128051758,30.44467544555664,30.44467544555664,29.270832061767578,1027.058837890625,0.7652295284507815,359.34320911613327,167.8632506274639,167.8618845896299,-39.68482971191406,-8.27188491821289,34.8577880859375,0.7646880225156465,359.34352031662735,167.8606551555793,8.025765419006348e-05,3.7423858884721994e-05,-0.0004658736288547516,0.009455390274524689,0.015538725070655346,0.9869722723960876,0.7647722259415081,359.3435632721139,167.86020436309408
2023-05-24 13:59:07.597406,0.8032939000040642,36.601806640625,30.38969612121582,30.38969612121582,29.277084350585938,1027.05419921875,0.7678336981544076,359.3475272897926,167.86019070271576,167.85810066482972,-40.003684997558594,-8.285369873046875,34.71360778808594,0.766644444826032,359.3460391623272,167.85627017413216,0.0018964409828186035,-0.0007835489232093096,0.0007881838828325272,0.010425174608826637,0.01311079878360033,0.9859974384307861,0.7678426627776932,359.3470503504895,167.85704881569754
2023-05-24 13:59:07.865310,0.7997002000374778,35.985652923583984,30.353044509887695,30.353044509887695,29.272916793823242,1027.0576171875,0.7668027664765588,359.3474637903777,167.85704881569754,167.85592866467366,-39.9509162902832,-8.301350593566895,34.010353088378906,0.76574008509124,359.34585218589865,167.85501341932488,-0.002260752022266388,-0.0016106758266687393,-0.0004578549414873123,0.009697836823761463,0.013596383854746819,0.9862411618232727,0.7634765710724684,359.34582940081447,167.85452164570464
2023-05-24 13:59:08.128580,0.8011533999942912,38.23964309692383,30.426349639892578,30.426349639892578,29.272916793823242,1027.06982421875,0.7639696253531787,359.34752873053566,167.85452164570464,167.85229500403523,-40.100215911865234,-8.341729164123535,34.21717071533203,0.7626404598685236,359.2544410961937,167.84913945663868,-0.0016919635236263275,-0.0009354453068226576,0.0016521066427230835,0.009212944656610489,0.00995449535548687,0.9864848256111145,0.7612671649585279,359.2521686709125,167.85073772090445
2023-05-24 13:59:08.404030,0.8036065000178496,37.15822982788086,30.463003158569336,30.463003158569336,29.27916717529297,1027.06103515625,0.7652799544567632,359.27814131900516,167.8506830793911,167.86200753303498,-39.71263885498047,-7.573782444000244,34.28467559814453,0.7682333175817062,359.28161025469075,167.881774100493,0.0007767733186483383,-0.0021325014531612396,-0.0017403261736035347,0.014546754769980907,0.022579709067940712,0.994283139705658,0.7671089510504457,359.2693136730289,167.87984798714706
2023-05-24 13:59:08.679486,0.8040804000083881,36.617523193359375,30.371370315551758,30.371370315551758,29.272916793823242,1027.052001953125,0.7760522833557841,359.2795624786002,167.8798616475254,167.87748474169422,-39.8658447265625,-8.267016410827637,34.359127044677734,0.7746759468771737,359.27751390209687,167.87299047722036,-0.0008199736475944519,-0.0033017282839864492,0.0001428350806236267,0.011879850178956985,0.013596383854746819,0.9869722723960876,0.7766287406495626,359.2725445659497,167.87308609986874
2023-05-24 13:59:08.938555,0.8062938999737526,39.54739761352539,30.316390991210938,30.316390991210938,29.285415649414062,1027.0615234375,0.7781186823839774,359.2747049868007,167.87308609986874,167.87150149598128,-39.8494987487793,-8.241923332214355,34.461734771728516,0.7774002852215096,359.27295048195765,167.870927760091,0.0006580092012882233,-0.001934965024702251,-0.0007610293105244637,0.009212944656610489,0.012625213712453842,0.9852663278579712,0.7788267275409845,359.27714624582046,167.87016277890396
2023-05-24 13:59:09.213696,0.8057730999789783,39.012977600097656,30.517982482910156,30.517982482910156,29.285415649414062,1027.07470703125,0.7767809791628598,359.27610063990807,167.87016277890396,167.86472594832463,-40.041748046875,-8.54761028289795,34.80066680908203,0.7762965693403179,359.27461950271436,167.8578820987763,-0.0022700168192386627,-0.0008722750353626907,-0.0016366643831133842,0.008000715635716915,0.011654043570160866,0.9869722723960876,0.7754416217553026,359.27263277143953,167.85627017413216
2023-05-24 13:59:09.472940,0.8028876999796921,38.330806732177734,30.463003158569336,30.463003158569336,29.285415649414062,1027.07373046875,0.770424474283958,359.28609971668783,167.8562838345105,167.86090104238943,-40.156005859375,-8.098799705505371,34.902130126953125,0.7712177900838845,359.2848036882928,167.86510843891816,0.0016788095235824585,-7.374875713139772e-05,0.0010959813371300697,0.010910065844655037,0.007769362535327673,0.9842915534973145,0.7715323523116753,359.29338736844966,167.86620126918535
2023-05-24 13:59:09.740485,0.8023305000060645,38.107608795166016,30.4813289642334,30.4813289642334,29.293750762939453,1027.06201171875,0.7651652286230483,359.2948148779862,167.8662149295637,167.86916557128515,-39.82084274291992,-8.186859130859375,34.554412841796875,0.7638724552400646,359.29825916095774,167.86743070323595,-0.00039855949580669403,-0.07547701895236969,0.0007431469857692719,0.011879850178956985,0.011896836571395397,0.9859974384307861,0.7642278918811698,359.22167726571456,167.86714383529082
2023-05-24 13:59:10.016215,0.799976299982518,38.79920959472656,30.334716796875,30.334716796875,29.293750762939453,1027.076416015625,0.7614585703378469,359.227530097503,167.86715749566918,167.86172066508982,-39.983543395996094,-8.45037841796875,34.79478073120117,0.762252526468008,359.22765410812514,167.85467190986637,-0.001022331416606903,0.0022087544202804565,-0.0004562521353363991,0.010425174608826637,0.01311079878360033,0.9850226640701294,0.761527352477223,359.2350448530548,167.85424843813783
2023-05-24 13:59:10.279608,0.8040439999840601,37.447444915771484,30.38969612121582,30.38969612121582,29.27916717529297,1027.071533203125,0.7589823599594528,359.2430548506822,167.85424843813783,167.85128413603806,-40.06874084472656,-8.381583213806152,34.50408935546875,0.7551441671718759,359.244254829542,167.84807394712814,-0.002365812659263611,0.001412999234162271,0.0001509692519903183,0.009697836823761463,0.012139628641307354,0.9867285490036011,0.7535506520220002,359.2493565539652,167.84823787166823
2023-05-24 13:59:10.548178,0.8047002000021166,37.12993621826172,30.353044509887695,30.353044509887695,29.28333282470703,1027.046875,0.7524601696323253,359.2569834740297,167.84825153204656,167.84825153204656,-40.28758239746094,-8.27568244934082,34.81879425048828,0.7529055726714042,359.2574788228271,167.85036889068928,0.0013596229255199432,0.0005087870522402227,-0.0005058133974671364,0.009940282441675663,0.013596383854746819,0.9864848256111145,0.7550054289543601,359.26051180034455,167.84986345669068
2023-05-24 13:59:10.811344,0.8022574999595236,37.04191589355469,30.44467544555664,30.44467544555664,29.272916793823242,1027.052001953125,0.7555142246866731,359.26824490850635,167.84986345669068,167.8512294945247,-39.95576477050781,-8.225310325622559,34.68367004394531,0.7543918325069696,359.2705002583146,167.85073772090445,0.0016582254320383072,-0.0006219886709004641,-0.0016923965886235237,0.008485606871545315,0.015295932069420815,0.9877033233642578,0.7565386463404692,359.27303484546604,167.8486750037751
2023-05-24 13:59:11.087416,0.8019917999954487,38.45969772338867,30.371370315551758,30.371370315551758,29.277084350585938,1027.053466796875,0.7594102072779306,359.28028124928863,167.8486750037751,167.84531455070345,-40.388954162597656,-8.382464408874512,35.10974884033203,0.7598151627905184,359.28127098638805,167.8428693429806,0.0024933461099863052,0.0009793477365747094,-0.0010459218174219131,0.010182728059589863,0.012868006713688374,0.9877033233642578,0.7648258535986632,359.2828404357933,167.84185847498344
2023-05-24 13:59:11.346306,0.8019917999954487,38.623165130615234,30.334716796875,30.334716796875,29.272916793823242,1027.045166015625,0.7604740092411602,359.2883354830631,167.84185847498344,167.83509658770512,-40.73728561401367,-8.41901683807373,34.92044448852539,0.7621467652575786,359.2903707727141,167.83439990840978,0.0006360895931720734,0.001570873660966754,0.00023079663515090942,0.008970499038696289,0.011411250568926334,0.9862411618232727,0.7609005225383157,359.29623838545876,167.83467311597659
2023-05-24 13:59:11.621214,0.8025855999912892,37.107933044433594,30.353044509887695,30.353044509887695,29.270832061767578,1027.04052734375,0.7616365287822375,359.3017062720545,167.83467311597659,167.84080662585126,-40.213016510009766,-8.07288646697998,34.77080535888672,0.7603911398366209,359.30455318027794,167.8499044378257,-0.0008824709802865982,-0.07314200699329376,0.0007319897413253784,0.012364741414785385,0.016509894281625748,0.9864848256111145,0.7592784059712906,359.2365547517482,167.84967221139394
2023-05-24 13:59:11.888561,0.8016533999816602,38.39053726196289,30.49965476989746,30.49965476989746,29.272916793823242,1027.03662109375,0.759588272444027,359.241078418052,167.84967221139394,167.84743190934617,-40.317081451416016,-8.424275398254395,34.827152252197266,0.760634251882391,359.244520353146,167.84483643746157,-0.0014327671378850937,0.0022852374240756035,-0.0008091852068901062,0.008970499038696289,0.013596383854746819,0.9867285490036011,0.7586712661870999,359.24825017004133,167.84383922984273
2023-05-24 13:59:12.164134,0.801179400037654,37.1990966796875,30.38969612121582,30.38969612121582,29.268749237060547,1027.0390625,0.7574197941042538,359.257325783901,167.84383922984273,167.84057439941947,-40.22358322143555,-8.454057693481445,35.13787841796875,0.7610399544469192,359.2589753279464,167.8384023992634,6.254203617572784e-05,0.001985001377761364,-0.0007880711928009987,0.008970499038696289,0.01456755492836237,0.9859974384307861,0.7600305271927853,359.2646542567153,167.8376510784547
2023-05-24 13:59:12.422967,0.8017679999975371,37.62348937988281,30.334716796875,30.334716796875,29.264583587646484,1027.053955078125,0.7572503733963257,359.2702235289315,167.8376510784547,167.8415306259033,-40.218990325927734,-8.286043167114258,34.92528533935547,0.7573094438604757,359.27046792163776,167.84107983341806,-0.0023527909070253372,0.0014226833591237664,0.000485910102725029,0.01309207919985056,0.011896836571395397,0.9859974384307861,0.7572701702727481,359.2774551517978,167.84158526741663
2023-05-24 13:59:12.694710,0.8023773000113579,38.318233489990234,30.371370315551758,30.371370315551758,29.268749237060547,1027.052978515625,0.7570018185435607,359.27828176477,167.84158526741663,167.8400006635292,-39.931602478027344,-8.271260261535645,34.47511291503906,0.7567327731232857,359.27666871954796,167.8414350032549,-0.00024248100817203522,0.00020916014909744263,0.0007449937984347343,0.008970499038696289,0.01068287342786789,0.9908714294433594,0.7560389219531476,359.27857594315196,167.8421590033069
2023-05-24 13:59:12.953635,0.8019867000039085,37.252540588378906,30.44467544555664,30.44467544555664,29.266666412353516,1027.048095703125,0.760473582354337,359.2837813477123,167.8421590033069,167.8385390030468,-39.92177200317383,-8.39162826538086,35.00966262817383,0.7548920905028201,359.282324009459,167.8340310781946,-0.006479852832853794,-0.0010690062772482634,0.0019909925758838654,0.010182728059589863,0.01383917685598135,0.9813672304153442,0.7528392451312611,359.2834643308853,167.83613477645898
2023-05-24 13:59:13.229667,0.8016220999943471,37.97557830810547,30.408023834228516,30.408023834228516,29.256250381469727,1027.0546875,0.7564148491617627,359.2881192648872,167.83613477645898,167.83476873862497,-39.976417541503906,-8.197312355041504,35.093101501464844,0.7565723170386432,359.2860076692166,167.8365172670525,0.0007643289864063263,-0.0021279447246342897,-0.00019137468189001083,0.011394958011806011,0.01068287342786789,0.9855100512504578,0.7563852872492612,359.2853799321432,167.83629870099904
2023-05-24 13:59:13.495977,0.8016220999943471,36.11139678955078,30.353044509887695,30.353044509887695,29.266666412353516,1027.066162109375,0.7551293862156252,359.2887790184723,167.83629870099904,167.83629870099904,-39.86920166015625,-8.250940322875977,34.886940002441406,0.7564816035887291,359.2874065239751,167.83681779537596,0.0010328739881515503,-0.0007375766290351748,0.0028178105130791664,0.01309207919985056,0.005098644178360701,0.9950142502784729,0.7490425670872332,359.28588109727355,167.8395635314223
2023-05-24 13:59:13.771692,0.8015127000144275,37.61405944824219,30.408023834228516,30.408023834228516,29.260417938232422,1027.0634765625,0.7395461495416824,359.2880212410004,167.8395635314223,167.8415033051466,-40.317420959472656,-8.341498374938965,34.565093994140625,0.7398539349411561,359.28621556309946,167.84097055039135,-0.000598149374127388,-1.9479834008961916e-05,-0.0008057719096541405,0.010425174608826637,0.012868006713688374,0.9842915534973145,0.7389528835792434,359.28811739725734,167.84019190882594
2023-05-24 13:59:14.030682,0.8054292999768222,36.49492263793945,30.334716796875,30.334716796875,29.262500762939453,1027.07470703125,0.7430836005623672,359.29558679608414,167.84017824844761,167.8412983994715,-40.200504302978516,-8.34382438659668,34.21855163574219,0.7433788461614116,359.2914047459605,167.84090224849965,-0.0018245931714773178,-0.0017589919734746218,0.00042114686220884323,0.012122295796871185,0.02136574685573578,0.988434374332428,0.7377578139179026,359.28690258408045,167.84131205984983
2023-05-24 13:59:14.302977,0.8061897000297904,37.06077575683594,30.371370315551758,30.371370315551758,29.270832061767578,1027.08349609375,0.7435877005396259,359.2900270754606,167.84131205984983,167.85904323093519,-40.662532806396484,-7.731674671173096,34.28499984741211,0.7432192972112683,359.2876614287694,167.877074930344,-0.003968753851950169,-0.0026664431206882,0.0012555783614516258,0.012122295796871185,0.01311079878360033,0.9852663278579712,0.7364180829843753,359.28940958367093,167.87829070401628
2023-05-24 13:59:14.562039,0.8061897000297904,36.20570755004883,30.243085861206055,30.243085861206055,29.274999618530273,1027.082275390625,0.7353023075504302,359.2894948543139,167.87829070401628,167.8854897234015,-40.35435485839844,-8.090095520019531,33.86177444458008,0.7352767477018955,359.2870479390437,167.89312587489354,-0.0015082638710737228,-0.0023786902893334627,0.0006011901423335075,0.00872805342078209,0.01311079878360033,0.9859974384307861,0.7360582707533331,359.2857851010992,167.89368595040548
2023-05-24 13:59:14.829659,0.8012367000228551,37.36256790161133,30.38969612121582,30.38969612121582,29.274999618530273,1027.08251953125,0.7327667599036216,359.2906642040441,167.89368595040548,167.90898557414633,-40.42734909057617,-7.821640968322754,33.57578659057617,0.7336405972305602,359.2899244091796,167.9226596128647,0.00291459821164608,-0.00038074131589382887,0.0012028347700834274,0.008243161253631115,0.01456755492836237,0.9867285490036011,0.7342313552329134,359.29239608388554,167.92397100918532
2023-05-24 13:59:15.104143,0.8048825000296347,37.01676559448242,30.426349639892578,30.426349639892578,29.277084350585938,1027.0703125,0.7386179375056483,359.30053361395136,167.923957348807,167.9306782549503,-39.95817947387695,-7.9990620613098145,34.220977783203125,0.7367821640836487,359.29877350621877,167.93521350055917,0.001444704830646515,-0.0017824501264840364,-0.0003384547308087349,0.007515823468565941,0.012382421642541885,0.9862411618232727,0.7433780991094712,359.29731115204527,167.93485833072234
2023-05-24 13:59:15.363152,0.8048825000296347,38.2302131652832,30.408023834228516,30.408023834228516,29.27916717529297,1027.076416015625,0.7404784170025362,359.307825321138,167.93485833072234,167.9274407452837,-39.792518615722656,-8.3360013961792,34.11981964111328,0.7390448776896269,359.3068188287308,167.92600640555798,0.0007375739514827728,0.000766073411796242,0.0017413590103387833,0.009697836823761463,0.008254947140812874,0.9840478897094727,0.7424685633719488,359.3121168677318,167.92783689625557
2023-05-24 13:59:15.638614,0.8011950000091019,37.101646423339844,30.44467544555664,30.44467544555664,29.293750762939453,1027.0751953125,0.7326917879053102,359.31980296498216,167.9278505566339,167.93823244417231,-40.14063262939453,-7.726085186004639,34.59575653076172,0.7325242881880862,359.31844802620554,167.9493519921411,0.0016216784715652466,-0.0009790705516934395,0.0005940096452832222,0.009212944656610489,0.009226118214428425,0.984535276889801,0.7343012045893473,359.322050844271,167.9501033129498
2023-05-24 13:59:15.916377,0.8011950000091019,37.6046257019043,30.408023834228516,30.408023834228516,29.291667938232422,1027.066650390625,0.7290761632351405,359.3278448190388,167.95011697332814,167.9485323694407,-39.683074951171875,-8.239906311035156,34.65056228637695,0.728924031443549,359.3282203193605,167.9435190105899,0.00045971013605594635,-0.000312378688249737,-0.0005285246297717094,0.010182728059589863,0.011411250568926334,0.9862411618232727,0.7294468077193195,359.3298588177094,167.94299991621298
2023-05-24 13:59:16.186578,0.8038356000051863,37.32798767089844,30.426349639892578,30.426349639892578,29.291667938232422,1027.0615234375,0.7300181423712204,359.33199602658937,167.94299991621298,167.94663357685144,-39.78887176513672,-7.982320785522461,34.34979248046875,0.7307508936031158,359.3311112502876,167.95237093575423,0.001895936205983162,-0.0017065623542293906,0.000948883593082428,0.009455390274524689,0.013353591784834862,0.9872159361839294,0.7310741536499279,359.3297176248927,167.95336814337307
2023-05-24 13:59:16.461463,0.802460599994447,36.4351921081543,30.49965476989746,30.49965476989746,29.293750762939453,1027.06591796875,0.7327675069555621,359.3341442811659,167.95336814337307,167.95086829413685,-40.21999740600586,-8.37324333190918,34.2728385925293,0.7310910690402942,359.3317286887164,167.94697508630992,0.0004150606691837311,-0.003330828156322241,0.0007443800568580627,0.010425174608826637,0.012139628641307354,0.9867285490036011,0.7301153124843345,359.33171401448186,167.94765810522694
2023-05-24 13:59:16.719938,0.802460599994447,37.510318756103516,30.408023834228516,30.408023834228516,29.302082061767578,1027.047119140625,0.7320303801337297,359.3344896326058,167.94765810522694,167.9460735013395,-40.45084762573242,-8.327159881591797,34.238914489746094,0.7308886713252797,359.3346333867435,167.94548610507087,-0.0013540089130401611,-0.0004651977797038853,0.0001905662938952446,0.011394958011806011,0.011411250568926334,0.9877033233642578,0.7267615828801524,359.33586527539336,167.94571833150266
2023-05-24 13:59:16.999003,0.8033720999956131,35.441802978515625,30.38969612121582,30.38969612121582,29.293750762939453,1027.0546875,0.726353532438097,359.33929584462567,167.94571833150266,167.94492602955893,-39.804351806640625,-8.2119140625,34.1530876159668,0.7262019876158874,359.3383768640172,167.94316384075307,0.00014281272888183594,-0.0012323969276621938,0.0005237143486738205,0.011637403629720211,0.01311079878360033,0.9859974384307861,0.7256166190596761,359.33829975758476,167.94368293513
2023-05-24 13:59:17.261465,0.8033720999956131,35.8379020690918,30.44467544555664,30.44467544555664,29.295833587646484,1027.053955078125,0.727047917216764,359.33960683167635,167.94368293513,167.93152519840737,-40.10029983520508,-8.760973930358887,33.99140548706055,0.7275024449616873,359.34032923090274,167.91858882011937,-0.0013653934001922607,-0.0002150441287085414,0.001064240001142025,0.01575898379087448,0.01918061450123787,0.9881907105445862,0.7173124430502629,359.3407906421977,167.9198728956833
2023-05-24 13:59:17.536255,0.8048930000095424,38.421974182128906,30.408023834228516,30.408023834228516,29.295833587646484,1027.0498046875,0.76667080508736,359.3256459783737,167.9200641409801,167.91559719726288,-40.223873138427734,-8.295025825500488,34.65995407104492,0.7778018790003651,359.4022591964375,167.91660806526005,-0.01095038466155529,0.0043254513293504715,-0.0016787610948085785,0.01672876812517643,0.01772385649383068,0.9928209781646729,0.8055943989808231,359.3985888235323,167.9151464047777
2023-05-24 13:59:17.794782,0.8048930000095424,36.83129119873047,30.371370315551758,30.371370315551758,29.287500381469727,1027.036376953125,0.8036384035572607,359.3958724893159,167.91517372553434,167.9112941780858,-40.53754425048828,-8.332648277282715,34.34788131713867,0.804541642714142,359.49200441367606,167.91173131019266,-0.001400114968419075,-0.0027802763506770134,-0.00014670658856630325,0.015031646937131882,0.010925665497779846,0.984535276889801,0.8048203464487902,359.48914032325797,167.91152640451756
2023-05-24 13:59:18.070003,0.8020491999795922,35.05513381958008,30.38969612121582,30.38969612121582,29.299999237060547,1027.029296875,0.8031926269922115,359.4790211845592,167.91152640451756,167.91152640451756,-39.63780212402344,-8.1641263961792,33.59777069091797,0.8031521794657204,359.4759913019712,167.90663598907184,-6.622262299060822e-05,-0.0006857174448668957,-0.0006579812616109848,0.011394958011806011,0.012868006713688374,0.9859974384307861,0.8011636872827476,359.47293121714046,167.9059666305332
2023-05-24 13:59:18.338992,0.8032679000061762,37.972434997558594,30.426349639892578,30.426349639892578,29.289583206176758,1027.030517578125,0.7990146322934265,359.47049006484247,167.9059666305332,167.9059666305332,-40.22381591796875,-8.168258666992188,33.51910400390625,0.798669601018635,359.46598576852824,167.90666330982853,-0.002127213403582573,-0.0012029294157400727,-0.0012376653030514717,0.011394958011806011,0.010197288356721401,0.9862411618232727,0.7936474909879716,359.46432256410446,167.90516066821112
2023-05-24 13:59:18.611448,0.8032679000061762,37.447444915771484,30.38969612121582,30.38969612121582,29.302082061767578,1027.046142578125,0.7885047854297752,359.45761291710113,167.90516066821112,167.90516066821112,-40.086158752441406,-8.192743301391602,34.39254379272461,0.7895761112732622,359.55197379475385,167.9068955362603,-0.0021747350692749023,-0.006126217544078827,3.505777567625046e-05,0.009940282441675663,0.012139628641307354,0.9862411618232727,0.7861411664509805,359.5423351171745,167.90684089474695
2023-05-24 13:59:18.887126,0.8049449999598437,37.66435623168945,30.463003158569336,30.463003158569336,29.297916412353516,1027.053955078125,0.7861103238780096,359.5357742935899,167.90684089474695,167.90421810210566,-40.249000549316406,-8.202766418457031,34.78932189941406,0.7863951641107404,359.52966154108697,167.90417712097064,-0.0009157843887805939,-0.004331993870437145,-0.00026112794876098633,0.007515823468565941,0.013353591784834862,0.9879470467567444,0.7817078934319662,359.5217028232392,167.90384927189046
2023-05-24 13:59:19.152862,0.8049449999598437,37.3122673034668,30.44467544555664,30.44467544555664,29.306249618530273,1027.074462890625,0.7814656885206952,359.5280205881389,167.90384927189046,167.90050247919717,-40.47909164428711,-8.391218185424805,34.93436050415039,0.7815763055687377,359.52599943911395,167.89966919611842,0.0007220599800348282,-0.00452447822317481,0.0009337160736322403,0.007515823468565941,0.012139628641307354,0.9889218211174011,0.7810145225095041,359.5194429377584,167.90073470562893
2023-05-24 13:59:19.427946,0.8032419000082882,38.038448333740234,30.371370315551758,30.371370315551758,29.304166793823242,1027.077392578125,0.7833537555785277,359.5172578108325,167.90073470562893,167.8965546298569,-40.70818328857422,-8.359864234924316,34.695228576660156,0.7846407126285462,359.5136870092788,167.89614481850668,-0.0026150085031986237,-0.0009208658593706787,-0.0012240251526236534,0.004848918411880732,0.014324761927127838,0.9857537150382996,0.7678651810576131,359.50493556260045,167.8947787806727
2023-05-24 13:59:19.703451,0.7999241999877995,36.07052993774414,30.463003158569336,30.463003158569336,29.31041717529297,1027.077880859375,0.7720043824163466,359.5069229875664,167.8947787806727,167.89990142255022,-40.630855560302734,-8.069206237792969,34.22609329223633,0.7733406982552891,359.5061982404624,167.90808398917588,-0.003449574112892151,-0.0022056163288652897,0.00021046772599220276,0.007758269552141428,0.014324761927127838,0.9906277060508728,0.770280399981153,359.5060293000022,167.9082615740943
2023-05-24 13:59:19.972642,0.8018980999859195,37.563758850097656,30.572961807250977,30.572961807250977,29.308334350585938,1027.0615234375,0.7703596942085487,359.5037594360419,167.9082615740943,167.91111659316738,-40.515743255615234,-8.210928916931152,34.51567840576172,0.7702842419625612,359.500774856818,167.9135891216469,-0.0009634289890527725,0.0005575013346970081,0.0008686874061822891,0.011637403629720211,0.009468910284340382,0.9869722723960876,0.7652220579313769,359.4994849115602,167.914477046239
2023-05-24 13:59:20.239634,0.803851200022109,37.34370422363281,30.408023834228516,30.408023834228516,29.31041717529297,1027.0419921875,0.7626529463081,359.4886719216913,167.914477046239,167.914477046239,-39.99147033691406,-8.178201675415039,34.765628814697266,0.7645144396611929,359.4881838299699,167.91179961208437,-0.0014484822750091553,-0.0008288896060548723,0.0012045837938785553,0.007030931767076254,0.014081968925893307,0.9867285490036011,0.7616269771895701,359.4840358774313,167.91296074424326
2023-05-24 13:59:20.505475,0.8053772999810462,37.463165283203125,30.49965476989746,30.49965476989746,29.31041717529297,1027.050537109375,0.7677022703737377,359.4920680198127,167.91294708386494,167.91630753693659,-40.254825592041016,-8.141225814819336,34.51420211791992,0.7706346093226417,359.4937374140954,167.9165534237467,0.002577155828475952,-0.0013803178444504738,0.0011567166075110435,0.014304309152066708,0.004613059107214212,0.9825856685638428,0.7667199504328723,359.49268615193256,167.91765991439223
2023-05-24 13:59:20.772359,0.8053772999810462,38.095035552978516,30.4813289642334,30.4813289642334,29.316665649414062,1027.052734375,0.7578677584642713,359.48476617406396,167.91763259363555,167.91309734802667,-40.26390838623047,-8.346467018127441,34.57180404663086,0.7593433461292586,359.4846316513538,167.9084938005261,-0.0013096556067466736,-0.0013417457230389118,0.0009453548118472099,0.008970499038696289,0.013596383854746819,0.9842915534973145,0.7581824807746209,359.4786387473265,167.9095319892799
2023-05-24 13:59:21.054105,0.8045909000211395,35.00169372558594,30.463003158569336,30.463003158569336,29.31458282470703,1027.057861328125,0.7557137942764844,359.4870603172123,167.90954564965827,167.89809825260932,-39.75523376464844,-8.533571243286133,34.193546295166016,0.7568170832708531,359.4887270968132,167.8877163650709,0.0005231704562902451,-0.0761660486459732,0.000945492647588253,0.01284963358193636,0.010925665497779846,0.988434374332428,0.7546075170743539,359.41986443591003,167.88766172355753
2023-05-24 13:59:21.313033,0.8045909000211395,38.7614860534668,30.4813289642334,30.4813289642334,29.31458282470703,1027.06689453125,0.7574856947575738,359.42087733161964,167.8876480631792,167.8876480631792,-40.16780471801758,-8.14370346069336,34.17347717285156,0.7548389964541938,359.42108714649316,167.89062602565733,-0.001003507524728775,0.0020377780310809612,0.0003351746127009392,0.01624387688934803,0.01068287342786789,0.9825856685638428,0.7515179236919809,359.4225854125206,167.89099485587252
2023-05-24 13:59:21.580740,0.8020335999626695,38.726905822753906,30.426349639892578,30.4813289642334,29.320833206176758,1027.078125,0.7519505734872189,359.4167445869241,167.89098119549416,167.89098119549416,-39.48502731323242,-8.330699920654297,34.6568717956543,0.7528391917704081,359.41827236150317,167.88390511951403,0.001134190708398819,-0.0776732787489891,-0.0002757599577307701,0.011637403629720211,0.01311079878360033,0.9859974384307861,0.7534621797279074,359.31969400212057,167.88223855335656
2023-05-24 13:59:21.856771,0.8038511999766342,36.925601959228516,30.44467544555664,30.44467544555664,29.322917938232422,1027.06494140625,0.7560556772609552,359.32088309536636,167.88223855335656,167.8789737229333,-40.436859130859375,-8.444940567016602,34.820220947265625,0.7568928556819579,359.32052525748685,167.8730724394904,-0.0016144178807735443,0.0005177612183615565,-0.001497199758887291,0.011394958011806011,0.012625213712453842,0.9881907105445862,0.7509823408115167,359.32061874570115,167.87158345825134
2023-05-24 13:59:22.126532,0.8054449999926874,38.86522674560547,30.463003158569336,30.463003158569336,29.318750381469727,1027.062255859375,0.7506271709746761,359.3229658761764,167.87158345825134,167.87941085504016,-40.430625915527344,-7.938997745513916,34.110565185546875,0.7514642426739728,359.32348459702735,167.89036647846888,-0.001003604382276535,0.0005173285026103258,0.00247350987046957,0.011152512393891811,0.01456755492836237,0.988434374332428,0.7482023470976158,359.3288378111502,167.89331712019032
2023-05-24 13:59:22.403083,0.8054449999926874,38.0635986328125,30.463003158569336,30.463003158569336,29.320833206176758,1027.052978515625,0.7442788303062665,359.331410711394,167.89333078056865,167.91192255548944,-40.41322708129883,-7.567690372467041,34.02735900878906,0.7417654274134077,359.3304612083777,167.93474904769562,0.0008288398385047913,-0.00039873470086604357,0.00247208122164011,0.014789201319217682,0.00995449535548687,0.9847790002822876,0.7434497093740505,359.331095508836,167.93744014222858
2023-05-24 13:59:22.678117,0.8055075000138459,36.18684387207031,30.334716796875,30.334716796875,29.316665649414062,1027.046875,0.7431197792206271,359.3263971390998,167.93744014222858,167.94745319955183,-40.648170471191406,-7.977749824523926,34.163448333740234,0.7421567759085083,359.32573028852124,167.95485712461212,0.0005231741815805435,-0.0034524158108979464,-0.0018036318942904472,0.005576256196945906,0.014810346998274326,0.988434374332428,0.7426895840246222,359.32237783957754,167.95305395467125
2023-05-24 13:59:22.936857,0.8048303999894415,39.11671829223633,30.55463409423828,30.55463409423828,29.320833206176758,1027.038330078125,0.7453313731295361,359.33518481779726,167.95305395467125,167.96375003091148,-40.62211990356445,-7.914424419403076,34.4422721862793,0.7448973359521229,359.3354080262449,167.97534769212217,0.0026609469205141068,-0.0016065784730017185,0.0003343028947710991,0.014546754769980907,0.012382421642541885,0.9855100512504578,0.7510993078010532,359.3332723114688,167.9757301827157
2023-05-24 13:59:23.211580,0.8019919000398659,37.40972137451172,30.353044509887695,30.353044509887695,29.327083587646484,1027.03857421875,0.7503883277971372,359.3268485185544,167.9757301827157,167.9778202206017,-40.36431121826172,-8.119966506958008,34.281524658203125,0.7518511622182835,359.2264013553818,167.98108505102496,-0.003447173163294792,-0.0009951856918632984,2.8701499104499817e-05,0.010182728059589863,0.017238274216651917,0.9859974384307861,0.7481848980987205,359.22534272942136,167.98109871140332
2023-05-24 13:59:23.487199,0.7987992000162194,35.59584045410156,30.426349639892578,30.426349639892578,29.331249237060547,1027.0380859375,0.7576288619258796,359.23394401865966,167.98107139064663,167.99115274986158,-40.310604095458984,-7.825207233428955,34.405879974365234,0.759353431330455,359.2326800067764,168.00052376940283,-0.000392744317650795,-8.528208127245307e-05,-0.0018036020919680595,0.009940282441675663,0.01456755492836237,0.9857537150382996,0.7570723615910823,359.2293342813001,167.99867961832692
2023-05-24 13:59:23.756978,0.8037210000347841,37.73037338256836,30.44467544555664,30.44467544555664,29.329166412353516,1027.039306640625,0.7602163830434038,359.23550002112995,167.9986659579486,168.00004565616092,-40.35099411010742,-8.311206817626953,34.296424865722656,0.7598032099594708,359.23280908667954,167.9972042974662,0.0011342428624629974,-0.0013129925355315208,2.88989394903183e-05,0.00872805342078209,0.012625213712453842,0.9850226640701294,0.760044347653684,359.2367394870209,167.99721795784455
2023-05-24 13:59:24.029603,0.8052731000370841,36.7275505065918,30.53630828857422,30.53630828857422,29.34166717529297,1027.023681640625,0.7613102271668107,359.2445767555675,167.99721795784455,167.99721795784455,-40.15790939331055,-8.215137481689453,34.19352340698242,0.7600440274885667,359.14514174105256,167.99475908974335,-0.0013086535036563873,-0.00038986571598798037,2.8985552489757538e-05,0.008970499038696289,0.011411250568926334,0.9857537150382996,0.7617107003677556,359.14717996555044,167.99477275012168
2023-05-24 13:59:24.305212,0.8054554000191274,38.918670654296875,30.463003158569336,30.463003158569336,29.34166717529297,1027.021728515625,0.758093581593705,359.16000508646016,167.9947864105,167.9990484485421,-40.346763610839844,-8.012662887573242,34.49238204956055,0.7585791119941576,359.1581095488829,168.00660263776413,-8.667074143886566e-05,-0.0019164658151566982,0.0018609222024679184,0.008970499038696289,0.008740533143281937,0.9862411618232727,0.7566570007121809,359.15726121804363,168.00839214732667
2023-05-24 13:59:24.571320,0.8069658000076743,38.62002182006836,30.463003158569336,30.463003158569336,29.337499618530273,1027.017333984375,0.7510101951767257,359.17390718946376,168.00841946808336,168.01236731742364,-40.04991149902344,-8.017191886901855,34.437477111816406,0.7522356805242141,359.1735172283508,168.0148125251465,-0.000697331503033638,0.0008392507443204522,-0.001499006524682045,0.007030931767076254,0.012868006713688374,0.9850226640701294,0.7522452854777344,359.18701800437987,168.01318694012403
2023-05-24 13:59:24.845750,0.8061481000149797,38.45969772338867,30.44467544555664,30.44467544555664,29.34375,1027.01513671875,0.7525862079668533,359.19851107831886,168.01318694012403,168.0197985632406,-40.00313186645508,-7.881614685058594,34.0440559387207,0.7500916414550648,359.12296032819694,168.02855486575658,0.0005248598754405975,-0.001610476290807128,0.00033357180655002594,0.010182728059589863,0.015295932069420815,0.9901403188705444,0.7496972513913495,359.1302247679878,168.0288690544584
2023-05-24 13:59:25.105321,0.8051324999778444,36.37860870361328,30.4813289642334,30.4813289642334,29.354167938232422,1027.0263671875,0.7510885822696222,359.13820797846705,168.02885539408004,168.02885539408004,-40.33208084106445,-8.10820484161377,34.42964172363281,0.7519485457748091,359.13517948326125,168.03310377174378,0.0011360608041286469,-0.0006870471988804638,0.0015547722578048706,0.010182728059589863,0.010197288356721401,0.9859974384307861,0.7500828902751907,359.138412937503,168.03502988508973
2023-05-24 13:59:25.379510,0.8039189999872178,37.59833908081055,30.49965476989746,30.49965476989746,29.352083206176758,1027.03955078125,0.7486073559710563,359.1495857929638,168.03504354546808,168.03951048918526,-40.51823043823242,-8.09862232208252,34.26325607299805,0.7481902341840095,359.1494865417775,168.04571230095164,-0.0010017398744821548,-0.0009856612887233496,0.0012486036866903305,0.008243161253631115,0.015053139999508858,0.9857537150382996,0.7469465527856854,359.153048698873,168.0469280746239
2023-05-24 13:59:25.638696,0.8047211000084644,37.03877258300781,30.49965476989746,30.49965476989746,29.358333587646484,1027.064697265625,0.7519024953587644,359.1644627987498,168.04691441424555,168.05520626389796,-40.28203582763672,-7.91059684753418,34.613250732421875,0.7553934690765813,359.1640775333919,168.06129879263761,0.0017472021281719208,-0.0006799312541261315,-0.0008895695209503174,0.009455390274524689,0.01311079878360033,0.9869722723960876,0.7569505387639327,359.1671139793648,168.06039720766717
2023-05-24 13:59:25.906785,0.8035595999681391,37.33741760253906,30.44467544555664,30.44467544555664,29.350000381469727,1027.06396484375,0.7534997457683424,359.176088207604,168.06039720766717,168.06336150976696,-40.22425842285156,-8.066446304321289,35.13736343383789,0.7514898025225075,359.1747502909394,168.06318392484852,0.0008308812975883484,-0.0003678633365780115,0.0024697380140423775,0.011879850178956985,0.0019423406338319182,0.9786865711212158,0.7543752906425735,359.1802854122098,168.06635313262342
2023-05-24 13:59:26.182051,0.7995751999951608,36.26858139038086,30.408023834228516,30.408023834228516,29.356250762939453,1027.066162109375,0.7408874813007965,359.1863236196012,168.06636679300175,168.07560120875962,-40.17387008666992,-7.891180992126465,34.81311798095703,0.73865913208408,359.1862456593951,168.08345592630513,0.0005254447460174561,-0.0009785110596567392,0.0018585482612252235,0.006788485683500767,0.01311079878360033,0.9857537150382996,0.7412527363388336,359.19227420847216,168.08530007738102
2023-05-24 13:59:26.448823,0.8002627999994729,37.94099807739258,30.44467544555664,30.44467544555664,29.354167938232422,1027.0517578125,0.741472743135302,359.2038766721596,168.08530007738102,168.08267728473976,-40.18560791015625,-8.290033340454102,34.90462112426758,0.7430321073393277,359.2048099534767,168.07650279373004,-0.0003912653774023056,-0.0009782691486179829,0.0006369315087795258,0.011152512393891811,0.014810346998274326,0.9869722723960876,0.742868396242659,359.20508625597296,168.0773087560521
2023-05-24 13:59:26.723158,0.8044866999862279,36.4351921081543,30.353044509887695,30.353044509887695,29.339584350585938,1027.040283203125,0.7459971564910537,359.21115274461636,168.0773087560521,168.0765164541084,-40.7559814453125,-8.252466201782227,34.49000549316406,0.745935471345112,359.2104931511138,168.0746723030325,0.0005250293761491776,-0.000977873569354415,0.0006371214985847473,0.014061863534152508,0.017966650426387787,0.9881907105445862,0.7408862006403272,359.21230768691635,168.07530068043613
2023-05-24 13:59:26.990470,0.8025700000198412,35.91334915161133,30.408023834228516,30.408023834228516,29.34166717529297,1027.031494140625,0.7553474720213896,359.21680872821855,168.07527335967944,168.07527335967944,-40.455543518066406,-8.240081787109375,34.313480377197266,0.7562343827572863,359.21576568362707,168.0738526803321,0.0017457082867622375,0.07781100273132324,-0.0005848556756973267,0.009455390274524689,0.01068287342786789,0.9852663278579712,0.761294432354355,359.3203791021108,168.07441275584404
2023-05-24 13:59:27.265487,0.8025700000198412,36.4351921081543,30.426349639892578,30.426349639892578,29.337499618530273,1027.034912109375,0.7585721217224289,359.3229019498746,168.07441275584404,168.06465924570927,-40.23612594604492,-8.42575740814209,34.40686798095703,0.75971329692235,359.32163692413513,168.0556297356265,0.0020504705607891083,-0.0025107311084866524,0.0018584877252578735,0.010910065844655037,0.013596383854746819,0.9855100512504578,0.7614588371421114,359.32194465617374,168.05744656594572
2023-05-24 13:59:27.532288,0.8033044999829144,37.230533599853516,30.371370315551758,30.371370315551758,29.34166717529297,1027.04248046875,0.7611886711439256,359.32377946910043,168.05744656594572,168.05823886788943,-40.44083786010742,-8.182333946228027,34.52293014526367,0.761080081808293,359.320442494804,168.0595229434534,0.0029662568122148514,-0.0018992619588971138,0.0009416611865162849,0.011152512393891811,0.011896836571395397,0.9850226640701294,0.7637122659596867,359.32113741319125,168.06069773599066
2023-05-24 13:59:27.806859,0.8037262999787345,36.237144470214844,30.426349639892578,30.426349639892578,29.337499618530273,1027.05029296875,0.7645254853577413,359.3225055320985,168.06069773599066,168.06206377382466,-40.48821258544922,-7.973467826843262,34.65935134887695,0.7644441634179359,359.3199963980739,168.0671044534321,-8.817203342914581e-05,-0.0021976500283926725,0.0009416453540325165,0.010667620226740837,0.014081968925893307,0.9857537150382996,0.7651461254377133,359.320746118057,168.06800603840256
2023-05-24 13:59:28.073846,0.8040336000030948,36.21828079223633,30.463003158569336,30.463003158569336,29.337499618530273,1027.054443359375,0.765748356023438,359.318239652075,168.06800603840256,168.0801637751252,-40.63402557373047,-7.7877349853515625,34.57752227783203,0.7711366282266376,359.31750012401477,168.09387879497856,-0.004974657669663429,0.0008635111153125763,-0.0002805367112159729,0.010182728059589863,0.02403646521270275,0.9908714294433594,0.763279936329566,359.3201205687786,168.09353728552006
2023-05-24 13:59:28.348763,0.8040336000030948,36.94760513305664,30.4813289642334,30.4813289642334,29.34166717529297,1027.042236328125,0.7811283412087201,359.32788457287415,168.0935099647634,168.08956211542312,-40.45903396606445,-8.155533790588379,34.04670333862305,0.7825703115363861,359.3269396055303,168.08866053045267,-8.811987936496735e-05,0.000564830843359232,-0.0008915197104215622,0.012122295796871185,0.012868006713688374,0.9852663278579712,0.7815120057410043,359.3308230483211,168.08777260586058
2023-05-24 13:59:28.615530,0.7993356999813841,37.83411407470703,30.44467544555664,30.44467544555664,29.347915649414062,1027.046875,0.7825252216156935,359.3323600543278,168.08777260586058,168.08935720974802,-40.31177520751953,-8.125683784484863,34.40134811401367,0.7830812417028148,359.3329608441705,168.0893845305047,-0.00039329566061496735,0.07569524645805359,-0.0015023211017251015,0.008243161253631115,0.012625213712453842,0.9862411618232727,0.7814602457137003,359.43110986213077,168.08879713423607
2023-05-24 13:59:28.890930,0.7979710999970848,34.80364227294922,30.49965476989746,30.49965476989746,29.347915649414062,1027.043701171875,0.7804749375650731,359.4329571081362,168.08879713423607,168.08297781306322,-40.58962631225586,-8.525110244750977,33.898040771484375,0.7797814599209053,359.4322947932301,168.07482256719422,-0.0006988011300563812,-0.0021894979290664196,-0.0024188654497265816,0.003636688692495227,0.008983325213193893,0.987459659576416,0.7828953324913435,359.4283548946569,168.07237735947137
2023-05-24 13:59:29.156624,0.7989086999950814,37.23996353149414,30.517982482910156,30.517982482910156,29.347915649414062,1027.0390625,0.7691512843339854,359.4336286011089,168.0723910198497,168.06256920782323,-40.4769401550293,-8.440428733825684,34.2072868347168,0.7694401799915357,359.3338555455909,168.0544003015759,-8.837133646011353e-05,-0.0015715190675109625,-0.0011974051594734192,0.010910065844655037,0.010925665497779846,0.9867285490036011,0.7701042558057608,359.3325754720909,168.0531708675253
2023-05-24 13:59:29.430812,0.802408599998671,37.06706619262695,30.408023834228516,30.408023834228516,29.34583282470703,1027.04345703125,0.7666649353935421,359.3363615313252,168.0531708675253,168.0531708675253,-40.313720703125,-8.192315101623535,34.20703125,0.767461399483789,359.3360019325376,168.0529659618502,0.0014386661350727081,-0.0012724739499390125,0.0003297682851552963,0.009212944656610489,0.011411250568926334,0.9857537150382996,0.7679260124299085,359.33777047128495,168.053280150552
2023-05-24 13:59:29.688994,0.8026481999659154,37.830970764160156,30.408023834228516,30.408023834228516,29.354167938232422,1027.037109375,0.7663481853707826,359.3419837375075,168.053280150552,168.0552199242763,-40.59119415283203,-7.9931230545043945,35.01382064819336,0.7642943261430187,359.3403001492379,168.0618452077712,0.0017439424991607666,-0.00034924520878121257,0.0006351349875330925,0.010425174608826637,0.011168458499014378,0.9872159361839294,0.7669099150691634,359.3415639476778,168.06262384933657
2023-05-24 13:59:29.963614,0.8027054999965912,37.79324722290039,30.463003158569336,30.463003158569336,29.356250762939453,1027.0341796875,0.7666446582694436,359.3441772954481,168.06262384933657,168.0576787923775,-40.3348503112793,-8.160426139831543,34.6649284362793,0.7665399109152191,359.34256232923536,168.0569001508121,-8.844584226608276e-05,-0.0003485779743641615,0.0009405007585883141,0.008243161253631115,0.01311079878360033,0.9857537150382996,0.7664320152706741,359.34216943327556,168.0579246791876
2023-05-24 13:59:30.238045,0.8027418999754445,36.7275505065918,30.53630828857422,30.53630828857422,29.362499237060547,1027.037841796875,0.7651489535629166,359.3477580221205,168.0579246791876,168.0579246791876,-40.2328987121582,-8.149548530578613,35.3980712890625,0.7650349214202891,359.3466036667899,168.05867599999632,-0.0010047182440757751,-4.263233859091997e-05,-0.0005870107561349869,0.001212229602970183,0.01772385649383068,0.984535276889801,0.7707173186446223,359.3461539415218,168.05810226410603
2023-05-24 13:59:30.512230,0.8027418999754445,39.459373474121094,30.44467544555664,30.44467544555664,29.37708282470703,1027.048095703125,0.7672380843144413,359.35823969445386,168.05807494334937,168.04604015003179,-39.632362365722656,-8.590860366821289,34.941532135009766,0.764542294026402,359.3601580171153,168.029456450727,-0.0006995406001806259,-4.2709812987595797e-05,0.0006343470886349678,0.010667620226740837,0.013353591784834862,0.9850226640701294,0.76936974366572,359.3621905320019,168.030098488509
2023-05-24 13:59:30.783121,0.8021428999891214,37.114219665527344,30.463003158569336,30.463003158569336,29.37708282470703,1027.050537109375,0.767657714061574,359.3617436348589,168.030098488509,168.01500377044326,-40.031253814697266,-8.670676231384277,34.83787155151367,0.768533739183481,359.3607267370854,168.00026422221438,-0.0010049212723970413,-0.0006465964252129197,0.0009394316002726555,0.010910065844655037,0.015295932069420815,0.9869722723960876,0.7679176347760047,359.361064938171,168.00145267512997
2023-05-24 13:59:31.059184,0.801054399995337,37.83411407470703,30.517982482910156,30.517982482910156,29.37708282470703,1027.052978515625,0.7680906840219293,359.36234607888804,168.00145267512997,167.99586558038888,-39.83054733276367,-8.417919158935547,34.347381591796875,0.7683502312103898,359.36193685450723,167.9869999948462,-0.0010050497949123383,-0.002784116193652153,-0.001504196785390377,0.010425174608826637,0.01311079878360033,0.9857537150382996,0.7667258201266903,359.3600723729464,167.98544271171545
2023-05-24 13:59:31.329292,0.80150239998693,36.93503189086914,30.463003158569336,30.463003158569336,29.379165649414062,1027.071044921875,0.7677261226749799,359.3615318456338,167.98544271171545,167.98432256069157,-40.12309265136719,-8.187044143676758,35.05253982543945,0.7669664775732276,359.3624522669853,167.98566127776888,0.002660246565937996,-3.5278790164738894e-05,0.0009386865422129631,0.008970499038696289,0.008254947140812874,0.9820983409881592,0.7664645120300845,359.3669664350573,167.98663116463104
2023-05-24 13:59:31.600674,0.80150239998693,38.51313781738281,30.517982482910156,30.517982482910156,29.37291717529297,1027.063232421875,0.7557456507056601,359.3677092181295,167.98664482500936,167.98145388124016,-40.132286071777344,-8.399088859558105,34.824275970458984,0.7568771142303551,359.3680009952731,167.9731073900744,-0.0016156304627656937,-0.0009512987453490496,-0.0005880016833543777,0.010425174608826637,0.010440080426633358,0.9862411618232727,0.7515995657969038,359.36733665265467,167.97251999380578
2023-05-24 13:59:31.862789,0.8022418999880756,37.538612365722656,30.4813289642334,30.4813289642334,29.370834350585938,1027.081787109375,0.7502920648185223,359.371709948075,167.97251999380578,167.96847652181714,-40.31732177734375,-8.448357582092285,35.14118957519531,0.7514386828254382,359.3713653970479,167.96227471005076,0.0005224253982305527,-0.001256428542546928,0.0018551889806985855,0.008485606871545315,0.012382421642541885,0.9840478897094727,0.75350486841022,359.3692476648792,167.96446037058516
2023-05-24 13:59:32.138099,0.8025493000113784,35.89762878417969,30.353044509887695,30.353044509887695,29.37291717529297,1027.08837890625,0.7522356805242141,359.3742017931833,167.96446037058516,167.9616053515121,-39.8961067199707,-8.144621849060059,35.06264877319336,0.7505711420791408,359.2754918992983,167.96034859670482,-0.0025314409285783768,-0.0006384082953445613,0.00032824277877807617,0.009212944656610489,0.014324761927127838,0.9840478897094727,0.749922060664578,359.27626136279696,167.96070376654166
2023-05-24 13:59:32.412731,0.8047262999989471,35.699581146240234,30.49965476989746,30.49965476989746,29.370834350585938,1027.096923828125,0.7475525186311125,359.2839129889364,167.96070376654166,167.95933772870765,-40.191463470458984,-8.200711250305176,34.81709671020508,0.7501500715889801,359.28269396025206,167.95933772870765,0.0035772640258073807,-0.0015540741151198745,0.003076764754951,0.010425174608826637,0.0048558516427874565,0.9811235070228577,0.7610485455442346,359.28622415419676,167.9622883704291
2023-05-24 13:59:32.671345,0.8063773000012588,36.243431091308594,30.53630828857422,30.53630828857422,29.364582061767578,1027.08837890625,0.7576346248979918,359.2887482292602,167.96230203080745,167.96574444614913,-39.978858947753906,-8.125255584716797,34.33533477783203,0.7594936636518518,359.28543697489494,167.96717878587484,-0.0013090427964925766,-0.0003383579314686358,-0.000283057801425457,0.006061147898435593,0.014324761927127838,0.9872159361839294,0.7565116457489065,359.2834633170291,167.966823616038
2023-05-24 13:59:32.946533,0.8014190000048984,36.950748443603516,30.426349639892578,30.426349639892578,29.366666793823242,1027.079833984375,0.7586520562800593,359.2940795120725,167.966823616038,167.9625615779959,-40.0118408203125,-8.319964408874512,34.56673049926758,0.7605261427944344,359.2920794939453,167.95719304930827,-0.00039336271584033966,-0.0021706006955355406,0.00063325185328722,0.010667620226740837,0.009468910284340382,0.9847790002822876,0.7600990425278971,359.28975792331863,167.95783508709025
2023-05-24 13:59:33.222333,0.8022316000060528,37.45687484741211,30.353044509887695,30.353044509887695,29.364582061767578,1027.08154296875,0.7564155428528503,359.2947549537484,167.95783508709025,167.94789033165873,-40.22376251220703,-8.617227554321289,34.63750457763672,0.7560286233085397,359.29204753079443,167.93756308563366,0.001133522018790245,-0.0003307757433503866,0.00032795965671539307,0.008243161253631115,0.012382421642541885,0.9842915534973145,0.760086342644909,359.2939711361803,167.93787727433548
2023-05-24 13:59:33.480694,0.8023461000229872,36.87215805053711,30.463003158569336,30.463003158569336,29.364582061767578,1027.0791015625,0.747688535445131,359.30246084787524,167.9378909347138,167.9338611231035,-40.3720588684082,-8.318559646606445,34.6263427734375,0.7634435940653819,359.30238683637225,167.93633365158306,-0.012306914664804935,-2.4973240215331316e-05,-0.0002832738682627678,0.01697121374309063,0.02476484328508377,0.9959890246391296,0.7937185142831692,359.3022977237479,167.93599214212455
2023-05-24 13:59:33.755490,0.8056950000318466,37.29655075073242,30.4813289642334,30.4813289642334,29.362499237060547,1027.068115234375,0.8034861650439634,359.3031447739267,167.93603312325956,167.93603312325956,-40.54214096069336,-8.267539978027344,34.38810348510742,0.8054832483242517,359.3034122718823,167.93604678363792,-0.00100686214864254,-0.000947288004681468,0.0012432364746928215,0.008000715635716915,0.010925665497779846,0.9838041663169861,0.8022665493902931,359.3061914118225,167.93726255731016
2023-05-24 13:59:34.013907,0.8056950000318466,36.48234939575195,30.49965476989746,30.49965476989746,29.37291717529297,1027.057373046875,0.8069464029105153,359.31462685553004,167.93726255731016,167.94268572751116,-40.17095184326172,-7.943859100341797,34.49348449707031,0.8060686702413158,359.31232033266383,167.9502399167332,-0.00039519742131233215,-0.00032955437200143933,0.0006325123831629753,0.009697836823761463,0.010197288356721401,0.9825856685638428,0.8051283452916754,359.314900009736,167.9508546337585
2023-05-24 13:59:34.289083,0.8030596000262449,36.77785110473633,30.4813289642334,30.4813289642334,29.375,1027.046142578125,0.8008874915081852,359.3173101593785,167.9508546337585,167.94325946340143,-40.01802444458008,-8.441117286682129,34.81989288330078,0.7984942038951832,359.31563313449385,167.93734451958022,0.00021564587950706482,-0.00032889877911657095,0.001853640191257,0.010425174608826637,0.01311079878360033,0.9862411618232727,0.7974273603633389,359.31791772604953,167.9393525951962
2023-05-24 13:59:34.563327,0.8020596000060323,39.04441452026367,30.463003158569336,30.463003158569336,29.387500762939453,1027.041015625,0.7956174135941385,359.32044969851916,167.9393525951962,167.93759040639034,-40.49614715576172,-8.0929594039917,35.18528747558594,0.794323146107274,359.31892624616916,167.94282233129456,-0.0003950390964746475,-0.001543404534459114,-0.0002846820279955864,0.010182728059589863,0.015053139999508858,0.9857537150382996,0.7919092612050562,359.32062520236434,167.94252180297107
2023-05-24 13:59:34.822256,0.8021429999880638,37.87812423706055,30.463003158569336,30.463003158569336,29.402084350585938,1027.026123046875,0.7903724152809505,359.32473868379196,167.94252180297107,167.94752150144353,-40.16767120361328,-8.077982902526855,34.63090515136719,0.7925502851308326,359.323913458202,167.95282172823946,0.0005210265517234802,-0.0006265838164836168,0.0015475684776902199,0.011152512393891811,0.015053139999508858,0.9864848256111145,0.7927143163926186,359.32482619559073,167.95432436985686
2023-05-24 13:59:35.096957,0.8011273999964033,34.794212341308594,30.55463409423828,30.55463409423828,29.402084350585938,1027.015625,0.7958025223928165,359.3282899552736,167.95432436985686,167.95682421909308,-40.03303146362305,-7.945054054260254,35.24995803833008,0.7948913324688545,359.3266795780942,167.96287576669772,0.001742010936141014,-0.000632552313618362,-0.0002855006605386734,0.009455390274524689,0.012625213712453842,0.9864848256111145,0.7982756912025958,359.32900152224687,167.96254791761757
2023-05-24 13:59:35.372464,0.7946223000326427,39.0286979675293,30.408023834228516,30.408023834228516,29.399999618530273,1027.01416015625,0.7974323229226579,359.33244585857926,167.96254791761757,167.96971961624607,-40.337127685546875,-7.971042156219482,34.85771942138672,0.7967455153851013,359.33152778510527,167.97575750347238,0.0002149287611246109,-0.001548195956274867,-0.000591048039495945,0.009455390274524689,0.012625213712453842,0.9879470467567444,0.7943446505309889,359.3323184862234,167.97512912606874
2023-05-24 13:59:35.642127,0.8000127999603137,37.202239990234375,30.4813289642334,30.4813289642334,29.393749237060547,1027.009033203125,0.7905093392294681,359.3367608305874,167.97512912606874,167.98637161744256,-40.46858596801758,-7.907237529754639,35.19978332519531,0.7917108121931556,359.3367295611276,167.99523720298524,-0.0013125650584697723,-0.0003259654622524977,0.0006306441500782967,0.014061863534152508,0.015295932069420815,0.987459659576416,0.7896549786138347,359.3373409164192,167.99598852379395
2023-05-24 13:59:35.914601,0.8027888999786228,37.133079528808594,30.463003158569336,30.463003158569336,29.383333206176758,1027.01513671875,0.7938216074509541,359.3376577198028,167.99598852379395,168.00400716587953,-40.468807220458984,-7.8419928550720215,35.12510299682617,0.7936830826768497,359.3349864755071,168.01714844984264,0.0008250810205936432,0.0002920181432273239,-0.0012021157890558243,0.02303236350417137,0.023793673142790794,0.9774680733680725,0.7999749142020479,359.33814906653623,168.015837053522
2023-05-24 13:59:36.189453,0.8030179999659595,36.65524673461914,30.53630828857422,30.53630828857422,29.395832061767578,1027.02880859375,0.7990217826477138,359.31204952633544,168.015837053522,168.01900626129688,-40.69389724731445,-8.127950668334961,34.78797149658203,0.796544931939085,359.3132235184599,168.02199788415336,0.0005183666944503784,-1.9153929315507412e-05,-0.0008967220783233643,0.010425174608826637,0.01699548028409481,0.9894092082977295,0.7921605374613186,359.31150828720456,168.0211236199396
2023-05-24 13:59:36.455312,0.8066793999896618,36.28115463256836,30.53630828857422,30.53630828857422,29.397916793823242,1027.0390625,0.7975570272358634,359.318745299517,168.02110995956124,168.02559056365678,-40.58259201049805,-8.000656127929688,34.92036056518555,0.7987585535604039,359.3174244049645,168.0311913187762,-0.0010095108300447464,-0.0009348246385343373,-0.0018130308017134666,0.007758269552141428,0.015538725070655346,0.9862411618232727,0.79667534586355,359.3173430296639,168.02934716770028
2023-05-24 13:59:36.729774,0.8036377000062203,37.271400451660156,30.59128761291504,30.59128761291504,29.40833282470703,1027.056640625,0.7966330307072077,359.3275825504468,168.02934716770028,168.03278958304196,-40.36137771606445,-7.913872718811035,34.90177917480469,0.7972934246225832,359.32754519784976,168.03974271561705,0.002350045368075371,-0.0018570385873317719,0.0006302651017904282,0.011879850178956985,0.012868006713688374,0.9869722723960876,0.7987099951842733,359.3292040800444,168.04038475339902
2023-05-24 13:59:37.001172,0.8036377000062203,38.330806732177734,30.53630828857422,30.53630828857422,29.40625,1027.061767578125,0.7972583131813812,359.3277606689737,168.04038475339902,168.04214694220488,-40.32010269165039,-8.123988151550293,34.85302734375,0.7959747178650948,359.3280304080851,168.0424611309067,0.001433955505490303,-0.0012454143725335598,-0.001202368177473545,0.009697836823761463,0.013353591784834862,0.9877033233642578,0.7974196764005227,359.3268047092942,168.0412590176128
2023-05-24 13:59:37.267104,0.8029242000029626,34.41069030761719,30.517982482910156,30.517982482910156,29.40416717529297,1027.055908203125,0.7968578933412892,359.33094401737463,168.0412590176128,168.0412590176128,-40.48400115966797,-8.241926193237305,34.36477279663086,0.7974015337105399,359.3318926666173,168.04056233831744,-0.0028419196605682373,-1.725542824715376e-05,1.9043684005737305e-05,0.010425174608826637,0.01311079878360033,0.9855100512504578,0.7940101313442169,359.33501715799747,168.04058965907413
